label,statement
1,President Barack Obama raised the issue in a constructive and collegial way that succeeded in securing a pledge from NATO members to increase their defense spending.
1,"Since the end of the financial crisis, we have seen an average of one community bank or credit union disappear every day."
1,"There have been small trials and small attempts around the world to test convalescent plasma therapy for coronavirus patients, and they seem to have had some degree of success."
1,"A recent study showed that nearly half of all gifts bought for the holidays are now purchased online. Unfortunately, another study showed as many as 1 in 4 people have had a package stolen from their residence."
1,"The vision the president has put forward (in the infrastructure bill) is fully paid for. Across 15 years, it would raise all of the revenue needed for these once-in-a-lifetime investments."
1,Austin is the safest big city in Texas with an unemployment rate under 3% that has been named the best place to live in the entire United States two years running.
1,Small business confidence is at an all-time high.
1,"Today, property taxes are lower than they were in 2010. Allowing taxpaying to keep more of their hard-earned money has been and will continue to be a top priority."
1,My opponent wants to repeal the Affordable Care Act and kick millions off their health insurance.
1,"As your Governor, we pulled the rope together and achieved record low unemployment, thousands of new jobs, and the BIGGEST tax cut in state history. As our next U.S. Senator, I'll be a strong conservative in Washington and deliver big results for West Virginia. Under Jim Justice, West Virginia achieves the lowest unemployment rate in state history"
1,"When I became governor, we banned sanctuary cities and we also did E-Verify. Biden is going in the absolute wrong direction. DeSantis said. Trump had it right at the border, Biden has got it wrong."
1,Simply being in this country without documentation is not a crime.
1,"Gun-carrying civilian groups and border vigilantes have heard a call to arms in President Trump's warnings about threats to American security posed by caravans of Central American migrants moving through Mexico.  They're packing coolers and tents, oiling rifles and tuning up aerial drones, with plans to form caravans of their own and trail American troops to the border."
0,PHOTO: Tulsi Gabbard celebrates her swearing in as director of national intelligence by inhaling Donald Trump's rotten egg and ammonia breath while he tongues her nostril like Jabba the Hutt licking frosting off a beater. Former Hawaii Democratic Rep. Tulsi Gabbard announced she is joining the Republican party Tuesday night.
1,"According to a nationwide analysis, Wisconsin is one of the nine states with the highest rate of COVID-19 infection per capita."
0,Stop Getting Mammograms Immediately As They Are Outdated And Dangerous! There Is A Safer Way To Test For Breast Cancer!
0,"Let's be clear: 'drag shows' are strip shows. They are wrong. They are particularly wrong at school. They are definitely not 'family-friendly.' In my opinion, if people take off clothing or play music or are given dollar bills by members of the audience, that is a strip show, regardless of gender."
0,"Did you know? A national, mandatory buy-back program means fewer guns & fewer tragedies. Kamala Harris gets it! Let's get ready for the next phase in Kamala's bold progressive agenda! Kamala Harris is dedicated to making communities safer by reducing the number of firearms in civilian hands through a fair and effective mandatory buy-back program. Paid for by Progress "
0,"Kevin O'Leary said all fat not cutting enough One hundred years of never being scrutinized, never been examined, never looking for any efficiencies. Finally, here's an individual who's willing to do it for free with extremely great executional skills. You have to cut more because you just don't know. There's no way to do it. Remember, we've never audited government for 100 years. we've never audited government for 100 years."
1,WV families making less than $400K & small businesses will NOT be targeted by the IRS because they are already paying taxes.
0,"Illicit drugs are flowing into the country at an alarming rate because of Biden's open border. 839 pounds of deadly fentanyl was seized at the southern border in January alone. letting drugs like fentanyl pour into our communities. Drugs have poured over the border since the 1980s, including intensely during the Trump administration. The wall did not make any difference. The term 'open border' seems created to deceive and mislead."
1,Nancy Pelosi and the Democrats clog their coronavirus relief bill with leftist wishlist. Democrat bill includes: tax credits for solar and wind energy... emissions standards and carbon offset requirements for airlines... policing racial makeup of corporate boards... retirement plans for community newspaper employees... $300 million for PBS... climate change studies for civil aviation and aerospace industries. Democrats don't care about your health or the economy. They only care about politics.
0,"gave our taxpayer money to a transgender clinic, affirming clinic  which is their buzzword  that does it without even telling parents. transgendering them go through the transgender process does it alter children, mutilate them surgically or put them on drugs that can have a permanent impact on their quality of life"
0,"If Donald Trump stops federal funding to Maine, we the people of Maine will take out federal taxes from all paychecks and no taxes will be paid to the federal government. I'm complying with state and federal laws. We are the federal law. You better do it because you're not gonna get any federal funding at all if you don't. See you in court. Good. I'll see you in court. I look forward to that. That should be a real easy one. And enjoy your life after governor because I don't think you'll be in elected politics."
1,"Well, Hispanic entrepreneurs, those who have immigrated from Spanish-speaking countries, often start three times as many businesses as white males."
1,"Some years in El Paso, in a city of almost 700,000, we had five murders the entire year. Our average over the last 10 years is 18 murders per year. We exceeded that average just on one day. This is not normal, it is not acceptable."
1,"Tony Evers wants to give in-state tuition to illegal aliens and driver's licenses, too."
0,"billions in funds support government price-setting schemes that'll give liberal politicians billions in funds meant for Medicare to spend on unrelated government programs or pad big insurers' profits. CBO shows Manchin/Schumer drug price controls raid Medicare for $287 billion, most of which is expected to be sent to insurance companies as supersized Obamacare subsidies. This ad funded by Big Pharma is blatantly lying about Sen. Manchin's record. West Virginia seniors know Sen. Manchin has worked tirelessly to protect Medicare and reduce prescription drug costs. the false attacks So I don't think anything can be further from the truth. What's happening here isn't an elimination of a Medicare service or benefit  we're talking about paying lower prices for the very same drugs we pay the highest prices in the world for now. There's a lot of disagreement about how large those effects will be and whether we are talking about high- or low-value drugs. But, again, this is not a revelation  this is how all legislation works. Insurers might capture a little bit, since they would earn their ordinary profit margins on new enrollment. those effects will be small relative to the amounts of money involved. the ad is not accurate. the Medicare drug pricing plan results in savings, not the diversion"
1,George W. Bush doubled the debt from $5 trillion to $10 trillion. President Obama doubled the debt from $10 trillion to $20 trillion. Now we're on course to exceed $30 trillion in the next seven years or so.
1,Sinema's new status doesn't change the complexion of what our Democratic majority is going to look like in the Senate. Sinema has voted with the president 93% of the time. 
0,"smart, speedy take on the news around the world The View settles with the Rittenhouses for $22 million and a formal apology. Everything on this website is fiction If you believe that it is real, you should have your head examined."
1,"Today, the gap between African American and white homeownership is larger than it was in the late 1960s. We have to give local officials the tools to combat gentrification, end discriminatory lending practices, and eliminate exclusionary zoning laws designed to keep low-income people and people of color out of certain communities."
1,The unemployment rate in the Philadelphia metro area is now at its lowest level ever recorded.
0,The CDC's Christmas Wish Granted: Nationwide Data Reveals Surging Levels of Newest COVID Strain in Water Supply. COVID-19 detection in United States wastewater. Shocking Discovery: Viral Levels in Wastewater Skyrocket. COVID-19 is being tracked in wastewater and the data presented in the figure is not representative of COVID-19 in the water supply. Wastewater is typically not part of 'water supply.' I would never refer to wastewater as part of the water supply unless it is a known recycled water system whereby wastewater is treated to such high levels that it is used for drinking water.
1,"""If I put you on Air Force One with me, and you have a prescription -no matter what itâ's for, minor or major -and I flew you to Toronto or flew to London or flew you to Brazil or flew you anywhere in the world, I can get you that prescription filled for somewhere between 40 to 60% less than it costs here."
0,"We had a wave of massive election bribery, in which government officials in the five Zuckerberg-sponsored cities participated, as well as what you related when you introduced your audience to me, which is the government sponsored elder abuse, all to wring out votes from people who frankly were victimized by the very people at the Wisconsin Elections Commission who are supposed to keep our voters safe. The Center for Tech and Civic Life's $8,800,000 Zuckerberg Plan Grant with the Cities of Milwaukee, Madison, Racine, Kenosha and Green Bay the Zuckerberg 5 Cities violates Wisconsin law prohibiting election bribery. As former state Supreme Court Justice, Michael Gableman should know better than anyone that these baseless claims of 'bribery' were heard before the election and were rejected in court multiple times."
1,The largest private pension bailout in American history -that only benefits a tiny minority of workers -comes thanks to Democrats allowing those who mismanaged pensions to determine whether their funds qualify for taxpayer assistance with no safeguards.
1,"Of course not, and the facts indicate that that is absolutely false. Mayorkas said, citing his agencyâ's deportation statistics as evidence. Since May of last year we have removed or returned more individuals than in any year since 2015.
Over the last three years we've removed, returned, or expelled more people than in all four years of the prior administration. You know, the facts matter. And the rhetoric, we should brush aside."
1,"The president has made it a priority of our administration to really seek out and lift up the great work that American universities and technologists and innovators are doing. We are prepared, in fact, to invest what will be the biggest nondefense investment in research and development in the history of our country."
0,"You don't have to wear those masks. I mean, please take them off. Honestly, this is not doing anything. We've got to stop with this COVID theater. So if you want to wear it, fine, but this is ridiculous."
1,"Biden said 10,000 businesses likely wont reopen due to COVID-19, and that the health crisis is significantly affecting small and minority-owned businesses"
0,"I believe it's better not to comment until I have the facts. Like many of my supporters, I was shocked by what unfolded on election night. Statistically, this outcome seems improbable. nearly 90% of those ballots."
1,"Unfortunately, the zero-waste requirement does not apply to city government operations and parks rank among big missed opportunities. As many as 293 out of 300 parks have no recycling, including almost every neighborhood park."
0,When did racism against white people become OK? put white people last in line for COVID relief funds. Kamala Harris said disaster aid should go to nonwhite citizens first. our legal system to defend our society and our families from any unlawful actions by the left. 
0,I think it's pretty weird to try to take children away from their parents if the parents don't want to consent to sex changes. That's something that Tim Walz did. The letter of this law is clear: a parent who dissents from their child receiving so-called 'gender-affirming care' can lose custody. Walz enacted a law that would take children away from their parents if the parents don't want to consent to sex changes.
0,"Kamala Harris has presided over a 43% increase in violent crime. These are government numbers by the way, including 58% increase in rape, 89% increase in aggravated assault and 56% increase in robbery during the riots of  There's been a 43% increase in violent crimes since I left office."
1,"Our health department, our city and our county declared racism as a public health crisis last year."
1,"Sen. Van Wanggaard, R-Racine, in April 15 on X. ""Do you think he realizes that heâ's using the fact that he vetoed how to spend the money to ask that we give him the money anyways?"" the post said."
1,Climate change has a distressingly disproportionate impact on poor and minority communities across the United States and around the world. Race is the No. 1 indicator for where toxic and polluting facilities are today.
0,"There's something odd about Joe and Jill's Olympic photoWhat's in Joe's hand? Many suspect it's a medical device of some sort. Or perhaps it's a walkie-talkie, though why the president would be holding one is unknown."
1,We banned transgender insanity from our military.
1,"Peaceful Black protesters outside the White House were met with tear gas, rubber bullets, a full militarized response. While this week, white supremacists, rioters were able to breach the Capitol."
1,"Biden said: ""Trump is lying: There was no groundswell of support in America for overturning Roe. In fact, support for Roe is higher today in America than it has ever been. The real truth is Trump made a political deal in 2016. He promised to appoint a (Supreme) Court that would get rid of Roe, so he did""."
1,"According to the latest data from John (sic) Hopkins University, the number of COVID-19 deaths recorded so far in 2021 has surpassed the total for 2020."
1,Leah Vukmir OPPOSES Buy American legislation.
1,"While the initial increase in oil prices resulted in a near instantaneous increase in gas prices for consumers, the subsequent decrease in crude oil prices has failed to meaningfully provide relief for Georgia's families at the pump."
0,"When you look back at this incident is there anything you would do differently now? It wasn't out like in Mar-a-Lago, in a public place. And none of it was high classified. It didn't have any of that red stuff on it, you know what I mean, around the corners? None of that. none"" of the classified documents found in his possession ""was high classified."
1,Thank you @realDonaldTrump. These cartels endanger Americans and threaten our country's national security. The problem is so bad that @StateDept issued a 'Do Not Travel' advisory to a Mexican state that has a 230m border with the US's the same designation as Syria.
1,John Carter  hasn't had a town hall in five years and he's kind of acting as if he wants to retire.
1,One out of 4 diabetes patients in our country cannot afford their insulin.
0,"Jacky Rosen is fighting for Nevada  lowering healthcare costs and expanding affordable housing. Meanwhile, Sam Brown wants to cut Medicaid and Social Security. Nevada needs a leader who protects our future! Sam Brown wants to cut Medicaid and Social Security."
0,"wants to outlaw abortions. would be a huge step forward and a huge victory for the protection of life. We have to change the law on life, but more than ever we have to change the culture. I do accept three exceptions, the ones you just said. Rape, incest and the life of the mother."
0,"I affirm what I believe and what three-fourths of the states have ratified: the 28th Amendment is the law of the land, guaranteeing all Americans equal rights and protections under the law regardless of their sex. The Equal Rights Amendment has become part of our Constitution."
1,Pennsylvania is  the only major gas-producing state in the U.S. that doesn't have a severance tax.
1,"Right now, in the average Texas fourth grade classroom, seven out of 10 kids cannot read at grade level."
1,There are more immigrants in our country right now than any other time.
1,"I think in 2011, it was Walker's first budget, and we had the dubious distinction of spending, for the first time in our state's history, more on our prison system than we did on the entire UW System."
0,"Now some of the protesters did teach us all how you can use flagpoles and that kind of stuff as weapons. But to call what happened on January 6 an armed insurrection, I just think is not accurate. The fact of the matter is this didn't seem like an armed insurrection to me. I mean armed, when you hear armed, don't you think of firearms? Here's the questions I would have liked to ask. How many firearms were confiscated? How many shots"
1,"Biden has issued more executive fiats than anyone in such a short period of time, ever, more than Obama, more than Trump, more than anyone."
0,"@NYCMayor said NYC will give $1,000 taxpayer-funded credit cards to migrants. @GovKathyHochul said that she is working on easing requirements for state jobs for migrants. When they say they are helpless to stop the influx, DON'T BELIEVE A WORD. NYC will give $1,000 taxpayer-funded credit cards to migrants. The most technically and contextually correct term for the cards handed to migrants would be 'New York State taxpayer-funded, prepaid, reloadable, debit cards.' In reality, it is highly unlikely that the city's staff will have the time to review all the grocery receipts of 500 recipients to check for unauthorized purchases."
1,"Joe Biden voted for the Iraq War, which President Trump has long called the worst geopolitical mistake of our generation."
0,"The illegal aliens that are coming in are a huge issue when it comes to voting. Here in Nevada, the DMV registers everybody, and so that means illegals. They don't check. Here in Nevada, the DMV registers everybody to vote and so that means illegals. They don't check."
1,The Court has ordered North Carolina to step up significantly its funding for education.
0,"Whites and Asians need not apply,"" said an Aug. 31 story in Gateway Pundit, a conservative website.
""Bank of America on Wednesday announced a new mortgage home loan program for first-time homebuyers. But only blacks and Hispanics will be eligible. The bank should be sued for discrimination! This is blatant racism,"" one commenter replied.
""Let the lawsuits commence,"" said another.
""Individual eligibility is based on income and home location,"" the release said.
The Gateway Pundit claimed that Bank of America ""announced a new mortgage home loan program for first-time homebuyers. But only blacks and Hispanics will be eligible."
1,The e-cigarette vaping phenomenon has wiped out all the progress we've made on reducing youth smoking.
0,"dead full of excessive spending should fail a pay increase for members of Congress from $174,000 to $243,000 per year."
1,There are only 18 minutes of total action in an average baseball game.
1,"This (Wisconsin Supreme Court) is a very important election for the state of Wisconsin, and historically, our spring elections have a smaller turnout associated with them"
1,Obama imposed stricter rules on trains carrying toxins. Trump killed them.
1,"Beto crashed into barriers, causing a collision while driving drunk, then fleeing the scene to avoid accountability."
1,Buttigieg said we cut unemployment by more than half in South Bend.
0,"Pete Buttigieg will leave his post as Transportation Secretary having spent $5 BILLION to build 8 EV charging stations. His legacy will be squandering billions on something nobody wants, while millions struggle to afford the things we need."
0,"The reality is that, this year, there have been 13,000 deaths by gun violence. The vast majority, 95% of them, are in inner cities, where you have some of the strictest gun control laws in the country. This year, there have been 13,000 deaths by gun violence. The vast majority, 95% of them, are in inner cities, where you have some of the strictest gun control laws in the country."
1,"In a majority of states, new voters are able to obtain a rifle quicker than they're able to cast their first ballot."
0,"Ashlee Adams is working with Mark Robinson to take abortion rights away. Ashlee Adams distributed a voter guide featuring her and Mark Robinson; that post, which encourages folks to vote for Mark Robinson, has since been deleted."
0,"Delta plane that crashed in Toronto operated by Endeavor Air with all-female flight crew. Buckle up, ladies and gentlemen, your flight is unmanned today. #girlpower."
0,"Think about what's at stake in Florida. Gov. Ron DeSantis ... opposes any background checks on guns, even for violent criminals. DeSantis opposes any background checks on guns, even for violent criminals."
1,"Kennedy said, there was no requirement to put in affordable housing at his Wolf Point development because the property was grandfathered in under rules that applied before adoption of the city's affordable housing ordinance."
0,"I talked to a state legislator there in Virginia. He pointed out to me that, in the last several years, many on the left made the decision that local sheriffs should not be allowed to have military-grade equipment. Because they said that was a bad symbol, and that it was too militaristic and authoritarian. But imagine if they were still allowed to have the equipment that they had just a few years ago it probably would've come in very helpful today. Perino claimed that a law passed by Virginia Democrats prevented local sheriffs from having military equipment that 'would have come in very helpful' with recovery efforts in the I-95 traffic jam."
1,"Thinking about the many times Justices Gorsuch, Kavanaugh, and Barrett assured the Senate Judiciary Committee and the American people that Roe was 'established precedent.'"
0,"When you look at the youth voter turnout in the 2022 midterms, they delivered key wins for the Democrats. Younger voters aged 18 to 29, which by the way, now the Republicans want to raise the voting to age  Republicans want to raise the voting to age "
0,The RNC is a $200 million economic infusion into our communities.
1,Cisneros said of San Antonio. We have the lowest per capita income of any major Texas city.
1,"Migrants DEMAND $50,000 each to go home, or else...  A group of about 100 migrants went to the U.S. consulate in Tijuana requesting to be let into the United States or be paid $50,000 each, according to the San Diego Union-Tribune."
1,We are spending more on affordable housing than we're spending on Dix Park right now.
0,"I think what we got to do is we got to bring everybody together. I'd also say that what Vice President Harris said yesterday or the day before yesterday, that, you know if you have a different skin color, you're going to get relief faster, that's not helpful either. That's exactly what she meant."
0,"Oh my god, guys, you've got to watch this exchange. The head of FBI cyber has no idea where the Hunter Biden laptop is. You know who probably has Hunter Biden laptops? Russia, Iran, China  all of our enemies have a copy of this laptop it feels like but you know who misplaced it? The FBI, because they have no interest in looking at it."
0,"You cannot mention the nuclear word; it's too devastating. The Green New Deal and the environment  which they say may affect us in 300 years  is all that is talked about. And yet nuclear weapons, which would destroy the world immediately, are never even discussed as a major threat. Can you imagine? They say the ocean will rise one-eighth of an inch over the next 200 to 300 years, but don't worry about nuclear weapons that can take out entire countries with one shot. They say the ocean will rise one-eighth of an inch over the next 200 to 300 years."
0,"They caught the Idaho killer using cellphone ping data, the exact same method used to track the #2000Mules. One's praised as 'brilliant detective work,' the other has been vilified as 'not credible.' See how this works? We live in a mirrored fun house where every image is bent. 2,000 Mules used purchased aggregated and anonymous cellphone location data, which signaled that people were near ballot drop boxes, but did not prove that the boxes were stuffed with illegal ballots."
0,"it's time to burn what remains of the Confederacy down. Here in Louisiana and all over the South, Jim Crow never really left, and the remnants of the Confederacy remain. The attacks against Black people, our right to vote and participate in this democracy are methodological. 1 in 13 Black Americans are deprived of the right to vote."
1,African American unemployment is the lowest ever recorded in our country. The Hispanic unemployment rate dropped a full point in the last year and is close to the lowest in recorded history.
0,"Without a shred of clinical data to support its decision, the Biden Administration has revoked the emergency use authorization for lifesaving monoclonal antibody treatments. And COVID has a 99% survival rate. That's not an argument to 'do nothing,' right? Even if you decide to take the FDA at their word, without clinical evidence, why would the FDA pull these treatments off the market when we know that decision will harm Delta patients? The FDA was blocking the use of 'lifesaving' monoclonal antibody drugs 'without a shred of clinical data.'"
0,"directed the mass killing of more than 100 million chickens, which has led to a lack of chicken supply in this country, therefore a lack of egg supply, which is leading to the shortage. there's an egg shortage because the Biden administration directed the mass killing of more than 100 million chickens."
1,"Regarding green cards awarded, only 12% of legal immigrants are selected based on skill or based on merit. In countries like Canada, Australia, and New Zealand, and others, that number is closer to 60, and even 70 and 75% in some cases."
1,"Almost 40% of borrowers with student loan debt didn't finish their degree. Now, they face the worst of both worlds: all of the debt and no degree."
0,David McCormick fired Pennsylvanians and bragged about shipping their jobs to Asia. I came from outside politics.
0,wants struggling seniors to pay more Social Security taxes while she gives Medicare and Social Security to illegals.
1,"When I was in China and other places, by the way, I said, Mr. President, do you have a drug problem? 'No, no, no, we do not.' I said, Huh. Big country, 1.4 billion people, right. Not much of a drug problem. I said what do you attribute that to? 'Well, the death penalty.'"
1,Rick Scott cut $700 million from water management.
1,David Schweikert been convicted of 11 House ethics violations.
1,North Carolina is among some of the top states in the country for ghost guns seized as crime guns.
0,"our seniors, instead of paying $500 a month for drugs, are paying no more than 35 cents. she misspoke. she meant to cite the price of insulin being capped at $35 under the Inflation Reduction Act."
1,"""Wisconsin saw another record-breaking year for tourism, with a historic $25 billion economic impact in 2023,"" Evers posted June 11. ""That blows 2022's record year out of the water."" On June 22, Evers also called out ""Wisconsin's record-breaking year for tourism"" and credited outdoor recreation opportunities."
1,"We amass about $100 million in debt per hour, which means we've blown through 300, 400, 450 million dollars during this charade in amassing debt."
0,"In my first 6 months as HHS Secretary: -I'll ban mRNA vaccines. -I'll ban glyphosate and pesticides from our food. -I'll ban harmful food additives that are banned in other countries. -I'll ban fluoride from our water. -I'll ban chemtrails. -I'll make Ivermectin available over-the-counter. We'll Make America HEALTHY Again. My pronouns: Prosecute/Fauci. We are going to stop this crime."" referring to chemtrails"
1,"Mitch McConnell said the $1.9 trillion package known as the American Rescue Plan was loaded with ""pet projects"" that had nothing to do with the pandemic or economic recovery. All kinds of liberal wish list items that would do nothing to help American families put COVID behind them. Just about 1% of the money is for vaccines."
0,"opposed tougher laws on methamphetamine dealers This new law gives local law enforcement more authority to go after those who are manufacturing methamphetamine in Nevada. if you deport them, they just will come back. to find ways to provide 'no refuge' for drug traffickers in Nevada. would 'severely restrict' treatment options for meth addicts."
0,"Una segunda presidencia de Donald Trump aumentaría los costos hasta $900 al año para una familia típica. Trump tiene la intención de promulgar lo que, en efecto, es un impuesto nacional sobre las ventas  llámelo impuesto Trump  que elevaría los precios de las familias de clase media en casi $4,000 al año. La propuesta de Trump sería muy perjudicial para los presupuestos familiares. tiene la intención de promulgar lo que, en efecto, es un impuesto nacional sobre las ventas que elevaría los precios de las familias de clase media a casi $4,000 al año."
1,"Great October jobs report! @USDOL reports 638,000 new jobs last month, beating the 530,000 economists expected. Unemployment rate falls to 6.9%, also beating expectations. Labor force participation rate rose 0.3 points to 61.7%. "
1,"You know, Iowans are going through really tough times right now, and I think these are going to be some of the most consequential times of our life, with the pandemic, the recent derecho, farm bankruptcies at an eight-year high..."
0,"We believe in Jesus, the truth and the way. Barron Trump singing on America's Got Talent. everyone on shocked."
0,"Half of the cities with the highest rates of child poverty are in"" New York state.
""That's not a list we want to be on."""
1,"Cuomo said  the rate of infection is currently being kept down because people are staying in their homes. And if you start acting differently, you will see a corresponding increase in that rate of infection.  Go look at other countries that went through exactly this, started to reopen, and then they saw the infection rate go back up again"
0,"Trump did a long interview in Time magazine. It's coming out. You got to read it. It's a mandatory reading. And he said in that magazine, he said states should monitor women's, now, get this, states should monitor women's pregnancies and prosecute those who violate abortion bans. Monitor women's pregnancies? He believes states should be allowed to ban abortion, monitor women's pregnancies and prosecute women if they violate those bans. That is what the President was speaking about. Neither the President nor our campaign are going to allow Donald Trump off the hook on this. Trump said that states 'should' monitor women's pregnancies and prosecute women who violate abortion bans."
1,Only Duterte's Philippines and Trump's United States of America have money bail.
1,"We began 2020 last year with our state's fiscal health strong, our economy was growing, our wages were going up and we had more Iowans working than at any other time in our state history."
0,"This will make the IRS workforce larger than the Pentagon, FBI, State Department, and Customs and Border Patrol, combined. If Democrats have their way, one of the most detested federal agencies  the Internal Revenue Service  will employ more bureaucrats than the Pentagon, State Department, FBI, and Border Patrol combined. double the size of the IRS, adding an army of 87,000 new enforcement agents. larger than the Pentagon, Federal Bureau of Investigation, Customs and Border Protection and the State Department combined."
0,"I'm not gonna take any questions because I think it's inappropriate. It would be inappropriate to take questions in front of Breyer, since the justice is 'still sitting on the bench.' You'll have plenty of opportunities to get me later today and for the rest of the week, and next week too."
0,"If every other country in the world had a record like this, where do you think we would be on global emissions? We are the leader in the world by far. At the end of the day, the United States made the largest contribution to reducing carbon dioxide emissions. If other countries followed the United States' lead, global emissions would fall. It makes sense to expand production further and export to coal-burning countries such as China and India. The United States is the leader in the world by far in cutting greenhouse gas emissions."
0,"How many of you know someone who needs insulin? OK, well, guess what? It was costing 400 bucks a month on average. It now costs $35 a month. It would be more accurate to say that it could cost people on Medicare over $400 for a month of insulin, but the average cost would have been quite a bit lower than $400 on Medicare. Because the Medicare program has multiple instances where the patient is required to pay a coinsurance percentage of the drug's cost to get their drug, it is very likely that patients were paying much more than $35 per month, on average, before the cap established by the Inflation Reduction Act went into effect. Medicare beneficiaries used to pay an average of $400 per month for insulin and are now paying $35 per month."
0,"It was awful, it was painful, and it was sad. It was, and is, personal. My womb and my uterus is not up for your political grab. Legislators  you  do not hold shares in my body, so stop trying to manipulate my mind. Now, more than ever, we need leaders who will be unwavering and unapologetic in their support of abortion rights. I'll fight to codify Roe in the North Carolina General Assembly and continue my strong record of defending the right to choose. Women's right to choose is under attack. I will always stand up fiercely and unapologetically against Republican attacks on our basic health care needs. I will oppose any legislation that seeks to restrict abortion access, including requiring waiting periods or other roadblocks. I insisted that any abortion legislation include meaningful support and protections to mothers and children to give them the best chance at a good life. This bill provides hundreds of millions of dollars in support for paid parental leave, maternal health care, foster care, contraception, and community college tuition and job placement supports to ensure that women and their children have choices, protections and pathways to success. Some call me a hypocrite since I voted for this bill. They presume to know my story. As I said at the time, I had an ectopic pregnancy that sadly ended in miscarriage"
0,"The facts don't lie. The 2021 letter you signed was obviously drafted by railroad industry lobbyists. It supports waivers that would reduce visual track inspections. Now: will you vote to help us toughen rail safety accountability and fines, or not?"
0,"You earned your retirement benefits. You followed the rules. You paid into the system. But Tammy Baldwin wants to take them away. Wisconsinites work real hard and they pay into Social Security, so they should be able to count on the guaranteed benefits they have earned. Social Security is an earned benefit that Wisconsin families worked for, and I will always work to protect the economic security they have earned. Social Security is a promise that must be kept. The National Republican Senatorial Committee claimed Baldwin 'wants to take away' Social Security and Medicare."
0,"Would anybody like to be drafted, in the audience? Because that's what they're doing. She's already talking about bringing back the draft. She wants to bring back the draft, and draft your child, and put them in a war that should never have happened. talking about bringing back the draft."
1,"Expanding Medicaid would bring 40,000 jobs to North Carolina."
0,"Mark Robinson skips Board of Education vote on teacher bonuses to hold campaign event. At the time the release was sent, the State Board of Education was meeting in Raleigh and Lieutenant Governor Robinson was two and a half hours away campaigning."
0,#BREAKING. Trump will round up and deport LEGAL immigrants. No one is safe. If you are not white you may be gone. Tell your family members to be ready. #BREAKING Trump will round up and deport LEGAL immigrants. No one is safe. If you are not white you may be gone. Tell your family members to be ready.
1,"Trump said he'd get tough on China. He didn't get tough -he got played. Trump lost a trade war that he started. Farmers bankrupted. Steel workers betrayed. And manufacturing, in a recession. Donald Trump lost."
1,DeSantis will attack President Biden and Congress over and over again. But he won't mention that $1 of every $3 he spends comes from the federal government.
0,"Women's health care is under assault, and Adam Laxalt is leading the charge. Laxalt supports eliminating Nevada's protections for legal abortions. Laxalt worked to limit access to birth control.
This position is much more in line with the vast majority of Nevadans
Roe was wrongly decided  I think this needs to go to the states and, as I said, Nevada is obviously decided in their referendum "
1,"By 2022, just the interest payment on our debt will be greater than the defense of our country."
0,"Why is @ring, an @amazon company alerting people about ice raids. ICE  immigration is near be aware. Ring is not notifying customers about U.S. Immigration and Customs Enforcement ICE activity. Ring customers who have Neighbors App notifications enabled may be notified about posts authored by other Neighbors App users in their location."
1,"For 27 years, I showed up every day to put dangerous criminals away, never knowing I'd come home to my family, and when I was chief, we reduced violent crime by 40%. But Marco, you've got one of the worst attendance records in the Senate. When Florida needs you, you just donâ't show up."
0,You can now sue the mRNA COVID vaccine manufacturers for damages and the FDA is required to take the COVID vaccines off the market. Why? Adulteration. The plasmid bioactive contaminant sequences were NOT pointed out to the regulatory authorities. It's considered adulteration. SV40 contamination. The SV40 promoter is found in all the vials and it was in the gene sequence that was provided to the regulators. The problem was that neither drug company ever pointed it out to the regulators. The FDA is required to take the COVID vaccines off the market because they are adulterated.
1,"New York City is experiencing the highest rate of homelessness since the Great Depression. For every one person experiencing homelessness here, there are about three vacant apartments."
0,"Preemie,"" it reads. ""An infant born prior to 37 weeks of pregnancy that Mandela Barnes supports killing. We removed one word from our advertising to make it clear exactly which barbaric procedure we are referring to that Barnes supports."
1,It is disgusting that Florida is 49th in the nation when it comes to funding.
0,DeSantis raised taxes on the middle class by more than $5 billion while giving away $624 million to big corporations. People of all income classes make online purchases.
1,"How effed up is it that PTA meetings are now being conducted to help parents tell their kids what they are supposed to do when some guy with an AR-15 walks into their classroom,  and you know what the message is today for those little third-graders and fourth-graders, and fifth graders...  and I'm the father of a fifth-grader, a fourth-grader and a first-grader? The message today is you are supposed to create as much chaos as you possibly can. They want you to scream and yell and dance around and throw books and just keep moving."
0,"I was standing up for Jewish students who are in fear of their lives, who were cowering in their apartments right now, who are not coming to class. In fact, the administration recognized the threat was so great, they canceled classes. Now they've come out with this hybrid idea. 'Well, if you're Jewish, maybe you do want to stay at home. Maybe you'd be better off for you.' It's so discriminatory. It's so wrong in every way. The responsibility of a university administrator is to keep peace on campus and ensure the safety of students  job No.  Columbia told students, 'Well, if you're Jewish, maybe you do want to stay home.'"
0,"What I don't like is that people are being held in prison without being charged. That's un-American. We don't take kindly on Americans being locked up for months on end without being charged. So charge them, or get off the pot. They are being held in prison without being charged."
0,"President Biden is the first candidate in history, the first president in history that has used the federal agencies to censor political speech or to censor his opponent. Started censoring  not just me  but 37 hours after he took the oath of office, he was censoring me. No president in the country has ever done that. The greatest threat to democracy is not somebody who questions election returns, but a president of the United States who uses the power of his office to force the social media companies  to censor his political critics. President Biden is the first candidate in history, the first president in history, that has used the federal agencies to censor political speech ... to censor his opponent."
1,"The administration, set up a program to provide them access to necessary COVID-19-related testing and treatment."
1,Trump's use of the term fake news to undermine journalism seems to have inspired dictators and authoritarians.
0,"fight peacefully and patriotically The biggest crowd I've ever spoken to nobody was killed on Jan. 6 The biggest crowd I've ever spoken to, and you've seen Maggie Haberman, a New York Times reporter, I was in at the mall. I had crowds. I don't know who's ever had a bigger crowd than I have, but I had it many times. If you look at Martin Luther King, when he did his speech, his great speech, and you look at ours, same real estate, same everything  same number of people, if not, we had more. And they said he had a million people, but I had 25,000 people. But when you look at the exact same picture, and everything's the same, because it was the fountains, the whole thing  all the way back from Lincoln to Washington. And you look at it, and you look at the picture of his crowd, my crowd, we actually had more people. They said I had 25,000 and he had a million people, and I'm OK with it because I like Dr. Martin Luther King. the biggest crowd I've ever spoken to."
1,Close to half of the children (are) at or near poverty.
0,I condemn his ideology. It has no place in society at all. are nowhere within the Republican Party or within this country itself. I think President Trump came out four times and condemned him and didn't know who he was. The president didn't know who he was.
0,"President Donald J. Trump marshaled the full power of government to stop deadly drugs, opioids, and fentanyl from coming into our country. As a result, drug overdose deaths declined nationwide for the first time in nearly 30 years. Joe Biden has allowed drug cartels to wage war on America, steal innocent lives, and ravage our communities. The analysis we present here suggests an alternative explanation, that the decline in overdose deaths in 2018 was just a return to baseline exponential trajectory after a transient supply-side shock of highly potent illicit drugs. I marshaled the full power of government to stop deadly drugs, opioids, and fentanyl from coming into our country. As a result, drug overdose deaths declined nationwide for the first time in nearly 30 years."
0,There is nothing in the Constitution that says ordinary citizens have a right to see what we spend our tax dollars on.
1,Wisconsin's driver licenses and identification ID cards are currently the most secure in the nation.
1,Young voter turnout in early voting was up 500%. We won more votes than any Democrat has in the history of the state of Texas.
0,"I did nothing wrong, and I cooperated far more. I don't want anybody looking through my boxes. What happens if we just don't respond at all or don't play ball with them? Wouldn't it be better if we just told them we don't have anything here? If there was anything 'really bad in there,' pluck it out. I cooperated far more."
0,"After months of lying, Jen Kiggans' campaign confirmed today that she would support a national abortion ban. She's too extreme for Coastal Virginia. Jen Kiggans praised a national abortion ban bill when it was introduced and then refused to follow up with reporters when asked for more details on her position. Women's reproductive health is on the ballot this November and we will not apologize for responding to the rare statements that she makes on this issue. Jen Kiggans' campaign confirmed today that she would support a national abortion ban."
0,"With fake blood in his hands, it's this guy right here. Does MSNBC not pay attention to anything? This guy is everywhere, he's a crisis actor. He gets paid by Hamas and MSNBC puts him on TV, what a joke."
1,"Massive 78% Of Mail-In Ballots Proved Fraudulent, Judge Orders Election Do-Over."
0,"As president, Trump oversaw the largest increase in murder in U.S. history and he would make the gun violence epidemic worse if reelected. The last administration oversaw the largest increase in murders ever recorded."
1,Suicide is the second-leading cause of death among 15-19 year olds and 25-34 year olds in Missouri.
1,You just donâ't see that kind of fraud. Yet you have legislation that is making it harder and harder for people to vote.
0,"Raphael Warnock called police thugs, then cut their funding. Now he wants to end cash bail, putting criminals back out on the street. I'm Herschel Walker. I approved this message because stopping crime starts by keeping bad guys in jail."
0,"Mr. Dodaro, can you tell me how much COVID cash went to CRT? Critical race theory in education. It's a racist curriculum used to teach children that somehow their white skin is not equal to black skin and other things in education. Oh, Mr. Dodaro. I have to tell you in Illinois that they received $1 billion at an elementary school there that used it for equity and diversity."
1,"Shock: Migrant mother and crying girl on Time cover never separated; mom deported in 2013, left husband with good job, 3 other kids, paid coyote $6k to sneak back in U.S."
1,Immigrant military service members applying for U.S. citizenship are getting rejected at higher numbers than those who are not veterans.
0,"Since the day the war began in Ukraine, American media outlets have spoken to scores of people from Ukraine and they've done scores of interviews with Ukrainian President Zelenskyy. At the same time, our politicians and media outlets have been doing this  promoting a foreign leader like he's a new consumer brand  not a single Western journalist has bothered to interview the president of the other country involved in this conflict, Vladimir Putin. not a single Western journalist has bothered to interview the president of the other country involved in this conflict, Vladimir Putin.
"
1,"When you tally up their representation in Congress, state legislatures and governorships, the Democrats almost have their lowest representation in about 100 years."
0,There is no such thing as a trans kid. the trans child is a pharmaceutically-constructed demographic of children who were told that they are living in the 'wrong body.'
1,"With the proper safeguards in places to ensure transparency, allowing the ballot count to begin early should accomplish both of those goals."
1,"Because of the new one-party government in New York, other Democrat-driven priorities that made it into the final budget include fully funding an initiative to provide free college tuition for illegal immigrants, while rejecting an increase in Tuition Assistance Program funding that would help middle-class families afford college."
0,"Tim Sheehy told us his health care plan: 'We need to return health care to pure privatization.' That would eliminate Medicare, increase prescription drug costs, let insurance companies deny coverage for any reason, and force rural hospitals and nursing homes to close. Montana can't afford Tim Sheehy. Our hospitals have been built around federal health care subsidies. So, in my opinion, we need to return health care to pure privatization. Health care worked before health insurance existed. Each town had a doctor that would drive to your house, take care of you and you'd pay him or her. You'd give them money. And guess what? It worked. It worked when you actually paid a doctor for services provided. And then we started getting into this HMO health maintenance organization, insurance, mega-conglomerate structure. I will always protect Montanans with pre-existing conditions and make sure the politicians back in Washington don't touch Medicare. Our nation made a promise to our seniors to protect their Medicare and Social Security benefits, and I will honor that promise and preserve the benefits they've earned."
0,"mail in voting is not the best way to conduct an election. It is also not the best way to build confidence in the electorate, the latest issue in Nevada is just one recent example. While fraud in voting by mail is far less common than innocent errors, it is vastly more prevalent than the in-person voting fraud that has attracted far more attention, election administrators say."
1,"Democrats' COVID 'Stimulus' Bill Wishlist. $100 million for underground rail project in Silicon Valley. $500 million for museums & Native American language preservation.  $1.5 billion for Amtrak, which still has $1 billion in unspent aid. $50 million for environmental justice grants. $50 million for 'family planning' orgs like Planned Parenthood. For a bridge connecting Canada to New York. An underground rail project in Silicon Valley. Museums and Native American language preservation. Environmental justice grants. Family planning' organizations like Planned Parenthood."
0,"Virginia schools have a lofty reputation but lately we've not lived up to that reputation. In fact, our educational standards for math and reading are now the lowest in the nation. Virginia's education standards for math and reading are now the lowest in the nation."
0,"The tapes show that Capitol police never stopped Jacob Chansley, they helped him. They acted as his tour guides. We counted at least nine officers who were within touching distance of unarmed Jacob Chansley, not one of them even tried to slow him down. Chansley understood the Capitol police were his allies."
0,"She had a camera crew follow her around on January 6th. New tapes show her waiting to stage her escape until the camera man her daughter said, 'Action!' It was all a movie. It was a script. It was all planned."
1,"The indicators already show that we're falling apart. America's life expectancy has declined for the last three years in a row, the first time in a hundred years, because of surges in suicides and drug overdoses."
1,"Edwards said of the coronavirus threat, there was not a single suggestion by anyone, a doctor, a scientist, a political figure, that we needed to cancel Mardi Gras. And, you know, in February, we had a Super Bowl, and it wasn't canceled and so forth."
0,He has voted in lockstep with his liberal party to defund the police. Casey has voted in lockstep with his liberal party to defund the police.
0,"Anyone on Social Security or Disability should know, Project 2025 totally eliminates all benefits."
1,"You need to know this, and that is that on a per-capita basis, Irving-Las Colinas has more Fortune 500 companies than any city in the United States of America."
1,America's hard-working agricultural producers have been treated unfairly by China's illegal trading practices and have taken a disproportionate hit when it comes to illegal retaliatory tariffs.
1,"""Wisconsin Republicans have passed multiple billion dollar middle-class tax cuts this year, but each time we have, Governor Tony Evers has vetoed the relief,"" Bradley said."
1,"Governor Reynolds is doing it again, claiming credit she doesn't deserve. Yesterday's Reynolds press release touting $210 million in broadband help for Iowa failed to mention these are actually federal funds approved by Rep Cindy Axne and signed into law by President Joe Biden."
0,"Biden sitting outside with Lisa Monaco, second in charge of the DOJ, probably working on future Plots and Schemes against Republicans."
1,One in six Texans don't have health care. We're the most uninsured state in the U.S.
1,The past president brought Al Sharpton into the White House something like 80 times.
1,GovernorÕs ÔBounce BackwardÕ Budget increases taxes $1 billion +
1,"We want him to get home and take care of insurance, because you have the highest insurance in the nation. Florida has the highest homeowners insurance in the nation."
0,"I'm dead serious that we're not cutting veterans, and I mean it. The White House and Democrats know that we can get our fiscal house in order while ensuring our service members and veterans are taken care of, and yet, with no regard for the impact of their words, they continue to speak lies about how House Republicans are cutting veterans' benefits."
1,"The federal American Rescue Plan will purchase more food from farmers for distribution through food banks, nonprofits and restaurants, helping to feed families in need and support farmers' bottom lines."
0,"Your minor child can go to California without your knowledge or without your consent, and get hormone therapy, puberty blockers and a sex change operation all without you knowing or consenting. Like the Pied Piper, California under S.B. 107 would entice children nationwide to leave their families and run away into the arms of California bureaucrats who believe that harmful drugs and sterilizing surgeries should be freely available to anyone who asks. In California, there is no provision for a minor to consent independently to gender-affirming medical care. Your minor child can go to California without your knowledge or without your consent, and get hormone therapy, puberty blockers and a sex change operation."
0,"So, we're hearing from inside the court  and you can confirm this  every time defense raise an objection, overruled. The judge overrules every objection from the defense and sustains every objection from the prosecution."
1,We haven't done this top-to-bottom review of our criminal justice system at the national level since 1965.
0,"If Kemp can't beat voter fraud, he won't beat Stacey Adams. Kemp dismissed concerns about voter fraud in the 2020 election. Widespread illegal ballot harvesting continued, electing two Democrat senators. Get Georgia Right told PolitiFact it obtained videos from various Georgia counties that it said show 'tens of thousands of ballots that were cast beyond the single ballot allowed per person using a drop box' in the November 2020 and January 2021 runoff elections, exceeding the margins of victory in the presidential race and both runoffs."
1,"In 2017, the number of new business registrations in West Virginia grew nearly 11 percent 8,318 new businesses registered for the year. This comes off the heels of a 12 percent increase in new business registrations during 2016."
0,"The data were not good at all,"" McCullough said.
""They ended up with 100 serious safety reports, 15% of which had an elevation in troponin. That means there's heart injury occurring in children below age We previously didn't think this was possible. When we looked at myocarditis before COVID-19 vaccination you almost never saw it before puberty. While kids are less likely to develop severe illness from COVID-19, they can get COVID-19, they can transmit COVID-19 and they can die from COVID-19,"" said cardiologist Dr. Matthew Elias in an interview with the Children's Hospital of Philadelphia.
""Even if they initially have no symptoms with infection, they can still develop MIS-C, which many families haven't ever heard of. Children are much more likely to develop heart issues after COVID-19 infection than after the vaccine,"" said Elias.
""When children develop myocarditis after COVID-19 infection, it's typically much more severe than when it occurs post-vaccine."
1,"Teacher pay has increased under Republican leadership every year for the past 5 years. In fact, even according to the national teacher's unions own rankings, NC ranked number 2 in the U.S. for fastest rising teacher pay 2016-2017."
0,"SHOCKING: U.K. government admits COVID vaccinated children are 4,423% more likely to die of any cause & 13,633% more likely to die of COVID-19 than unvaccinated children. There is no evidence in the ONS data to suggest that COVID-19 vaccines are linked to children's deaths. Because of these factors, any mortality rate comparisons between vaccinated and unvaccinated children would not be meaningful. COVID-19 vaccinated children are 4,423% more likely to die of any cause and 13,633% more likely to die of COVID-19 than unvaccinated children. Disparities in sample sizes of vaccinated and unvaccinated children, and prioritizations for vaccination prevent a valid comparison among the groups."
1,FEMA is going to be gutted. It's written into Project 2025.
1,"Beirut; Hyesan, North Korea; Wuhan, China; United Arab Emirates; Najaf, Iraq; and St. Paul, Minn. All of this happened in the last 24 hours if u aren't paying attention"
1,Wisconsin has been a national leader in so many ways. Preliminary data shows that we have more people on BadgerCare today than we did before the pandemic.
1,"President Donald Trump is threatening to overturn the entire Affordable Care Act that provided over 200,000 West Virginians with healthcare coverage. Our seniors depend on it for affordable prescriptions and pre-existing condition coverage."
0,"She is a communist, I guess. I look at action, I don't look at words. She is really a Marxist. Her father is a Marxist professor.  This country is not ready for a Marxist or a communist. She is in fact a Marxist-slash-communist. She is a Marxist, just like her father. She is a communist.  She is really a Marxist."
0,"We have not lost anything and will not lose anything."" - Vladimir Putin, Sept. ""We have strengthened our sovereignty."" - Vladimir Putin.  
""Russia has lost nothing since the country invaded neighboring Ukraine in February."" - Vladimir Putin."
0,"Brown backed Biden, voting to let biological transgender men participate in women's sports and supported allowing puberty blocker and sex-change surgeries for minors. A child's health care decisions are between them, their parents, their families and their doctors. Not politicians. I will never agree with anyone that wants to bring politics into the family situation with health care. Period. Sherrod cares about the health and well-being of all children. He does not believe the government has any role in a family's personal healthcare decisions. Brown supported allowing puberty blockers and sex-change surgeries for minor children."
1,We got to almost universal coverage in health care in Colorado. We expanded Medicaid. We created one of the most innovative exchanges in the country.
0,"Yeah, no, I don't think that's me. I would never have said that. OK, I would have never said that, because I don't believe that. The mindset of a Muslim is very different from the mindset of Americans, and that's the reason why we cannot fully understand the depth of the depravity, the depth of the evil. We have a right to discriminate against worldviews. We discriminated against Hitler's Nazi Germany view of the world, right? There is nothing rational about Islam. The overwhelming majority of the tweets that are now being presented are not even full thoughts. So I can't provide a lot of context because, again, it's almost 10 years ago. That's how far they have to go back to try to find anything on me."
1,Under Lt. Governor Barnes' plan the Waukesha perpetrator wouldnâ't have been released.
0,"The 5 states with the highest gun homicide rates in the nation all have loose gun laws. The 5 states with the lowest rates have some of the toughest laws. Noticed that the data I cited was not 'homicides'. It's actually total 'gun deaths', which includes suicides. This just strengthens the argument that gun laws make a difference. There is certainly a correlation between gun laws and gun violence rates, but determining causation is virtually impossible."
0,"was a spokesman for a group who wanted to defund the police. doesn't make any sense at all. a strong supporter of our law enforcement and will give them a powerful voice in Washington. He believes our law enforcement has a hard enough job on the streets and that they shouldn't have to fend off calls to 'defund' them from radicals and the extreme left. anti-law"" proposals, citing as an example ""cashless bail. We need to have better health services, more behavioral-health services, more substance-abuse treatment, more job training and housing support, and fewer jails and police on the street. Research shows that enforcement alone does not bring down crime. prevention must be a part of the discussion in order to prevent young people from going on the prison pipeline. "
1,"Sanders said about supporting USMCA, the AFL-CIO does. The Machinists Union does not. Every environmental organization in this country, including the Sunrise Organization, who are supporting my candidacy, opposes it."
1,"Pocan described an advertisement he saw for the Amazon distribution center in his hometown of Kenosha, seeking workers for $12.75 an hour. Your parents made that three decades ago, and that's what people are making now."
1,"At the behest of the pharmaceutical industry, Blackburn was a leading force behind a law that weakened the ability of the DEA to go after drug distributors that facilitated the flow of opioids into the black market."
1,"I am more optimistic now than I have ever been about the future of our city. It's about building for the future of this city. We've done so by creating homes, 7,000 homes."
1,"Pelosi has donated $4,000 to Mathis' campaign, plus another $30,000 to a separate entity with the exclusive role of electing Mathis."
0,"The text does not contain any direct quotes from Israel O'Quinn. Therefore, there are no quotes to enumerate."
1,"We gave New York City teachers a 43 percent raise to attract and retain the very best, and we more than doubled the education budget while I was in office. All of this work helped us increase graduation rates by 42 percent and substantially reduce the racial achievement gap."
1,Wisconsin has the highest infant mortality rate for black babies nationwide.
1,"As mayor of Braddock, John Fetterman chased down an innocent, unarmed Black man. Fetterman wielded a shotgun and falsely accused the man, triggering a confrontation with police."
0,"The Manhattan DA is actually proposing to downgrade armed robbery to a misdemeanor, and to stop prosecuting resisting arrest. If any DA refuses to enforce the law, I'll remove them. @KathyHochul refuses to act. I will. The fact is that the Manhattan district attorney put out a 'day one' memo stating that his office would not prosecute some crimes, including some armed robberies and resisting arrest."
1,"The Parson administration purged 100,000 kids from Medicaid. Parson cut health care from 100,000 children."
0,He's sick. Walz forced schools to stock tampons in boys' bathrooms. Tampons in fourth grade boys' bathrooms. What a freak. This guy is not Minnesota nice. He's Minnesota nuts. Walz forced schools to stock tampons in boys' bathrooms.
1,Every single swing-seat House Democrat who endorsed #MedicareForAll won re-election or is on track to win re-election. Every. Single. One.
1,Our economy is growing at its fastest pace in nearly four years. Unemployment is at an all-time low.
0,"This is the third time we've won but this is the biggest win. We finished second. And I want to tell you something, I'm just honored. I'm really honored. And I want to congratulate Ted Cruz. Based on the fraud committed by Senator Ted Cruz during the Iowa Caucus, either a new election should take place or Cruz results nullified."
1,Child care costs account for 24% of a WI family's budget. This is well above the 10% affordability threshold established by the U.S. Dept. of Health & Human services. Paid Family Leave would allow parents the flexibility necessary 2 ensure they are able 2 put their family first.
0,"review the company's policy positions, advocacy, partnerships and charitable giving on social and political matters, and the effect of those actions on the Company's financial sustainability. According to the Claremont Institute's BLM Black Lives Matter Funding Database, Kohl's has contributed $1,000,000 to the BLM movement and related causes since  We don't have the resources to dig down layer after layer for every proposition. So when we have a reputable organization, like Claremont, and they put out this information and we do a couple of checks and it seems very reasonable, then we find that's appropriate to use as a basis, among the many other issues that we cite that are seemingly related in this sort of left-leaning, what seems like a left-leaning agenda that Kohl's is supporting. If we take a big step back on what's happened, we've had a lot of news reports in the last six months to a year pointing out various problems with the Black Lives Matter movement. So, there's good reason for shareholders to say 'Wait a minute. You donated a million dollars or you committed to donate a million dollars to this organization given everything we're learning about the problems and how it's not helping.' It's an absolutely appropriate response to say 'You're wrong. That index is wrong and here's how we know that"
0,"I don't care for mail-in voting. That's why I go to the polls. I voted by mail because it was convenient. I just don't know if it is accurate or trustworthy. I want to make sure my vote counts. If somebody wants to continue to vote by mail, vote by mail. I don't believe in mail-in ballots at all. That's where the fraud happens."
1,"Minnesota is imprisoning half as many people as Wisconsin, and yet our states have virtually identical crime rates."
1,We've been down this road before -blanket protectionism is a big part of why America had a Great Depression.
0,"In 12 states, children born alive after a failed abortion have no legal protection, and in three more states children born alive after an abortion had legal rights that governors  like Tim Walz  repealed. being left to die or gruesomely killed after being born alive following a failed abortion."
0,"House Republicans voted in an anti-abortion insurrectionist who opposes Social Security benefits as their speaker today. Shameful. While these changes might be messaged by the committee as 'cuts,' they are significant enough slashes to evidence that Republicans like Speaker Johnson are in opposition to the inherent goals of programs like Social Security and Medicare. Johnson opposes Social Security benefits."
0,"Joe Biden spent 9/11 hiding in a bunker. Kamala Harris spent it with her boyfriend Montel Williams. Donald Trump spent 9/11 marching into a war zone of fire & ashes with an army of his own men to save Americans. I have a lot of men down here right now. We have over 100 and we have about 125 coming. So, we'll have a couple hundred people down here. I have hundreds of men inside working right now, and we're bringing down another 125 in a little while. I have over 100 men down here digging out. Out here doing an amazing job so I just want to give them some support.  We have another 100 coming in a little while."
0,"J.D. Vance called for higher taxes. By all means, let's cut the taxes of the companies that invest in our country."
0,"I can work with your father alone. So there goes the, 'I was never in business with my son.' Because not only were you in business with your son, you were in business with your brother. I can work with you father alone !!"
0,"From the very beginning, the Second Amendment didn't say you can own any gun you want, big as you want. You couldn't buy a cannon when, in fact, the Second Amendment passed. The Second Amendment limited the type of people who could own a gun and what type of weapon you could own."
0,"Not only is it in breach of US Flag Code, but it's a glaring example of this White Houses' incompetence and insistence on putting their social agenda ahead of patriotism. Their flag code clearly states that the American flag, if it's in a display, should be in the center. It should be in a place of prominence  the place of prominence  and centered as well. Displaying the progress pride flag between two American flags at a White House pride event was a breach of US Flag Code."
0,"TV Tim Ryan pretends he is with you. But D.C. Tim votes with Biden, Pelosi 100%. TV Tim is a fake. DC Tim is bad for Ohio."
0,Is this in Florida? Because he is beyond Six weeks.
1,Hadi al-Amiri was among commanders of militia factions loyal to Iran who joined protesters outside the embassy on Dec. 31. In 2011.
1,It is easy for Governor Evers to tout historic investments and record high surpluses because Wisconsin has seen over 63 billion dollars of federal pandemic-related funding funnel into our state over his tenure.
0,"wasteful spending nearly $1 billion in stimulus checks for prisoners, including domestic terrorists. Virginia families were struggling to keep up with expenses, small businesses and restaurants needed additional relief to keep their doors open, and COVID-19 vaccination and testing sites needed additional support."
0,"In my business, we want to take a look at a problem and see what's going on. My plan is a fresh start, and allows us to bring in or bring back people who are ready to get to work to fix our elections, not make the problem worse. While this evolution may be uncommon in politics, I'm not a politician. I've come to the conclusion the WEC is not salvageable. To have non-elected officials overseeing the administration of elections has proven to be fundamentally flawed."
0,"When you asked him and pressed him on whether my family was legitimate, he said yes because I think he kind of felt shamed into it. Last time I checked, he doesn't even think I should legally be able to have a family. Vance holds 'anti-marriage equality views.'"
0,Wisconsinites are fed up with Republican politicians pushing a disastrous agenda that could raise taxes on almost one in three Wisconsinites and sunset Social Security and Medicare in five years. The Republican agenda would threaten the hard-earned benefits that Wisconsin seniors rely on and hurt working families across the state. that could raise taxes on almost one in three Wisconsinites and sunset Social Security and Medicare in five years.
0,secure our border. Biden and Democrats have dismantled border security. Biden's allies won't admit they opened our borders.
0,"Any woman who has an abortion after six weeks -- and any doctor who gives her care -- will be guilty of a felony. Abortion after six weeks will be punishable by up to 5 years in prison. That's not freedom. That's Ron DeSantis' Florida. Wanted, by order of Governor Ron DeSantis: Any woman who has an abortion after six weeks and any doctor who gives her care will be guilty of a felony. Abortion after six weeks will be punishable by up to five years in prison. If the current Florida Supreme Court is willing to overrule precedent on whether the Florida Constitution protects the right to abortion, it may be willing to overrule precedent on whether ambiguous abortion bans cover the pregnant person as well. What we are left with here is 'a lot of TBD.'"
1,The wealthiest three families now own more wealth than the bottom half of the country.
0,Donald Trump intends to cut Social Security and Medicare. Donald Trump intends to cut Social Security.
1,"Our state has fewer science, technology, engineering and math graduates than any neighboring state."
1,Under N.Y. State Assault Weapon ban 1 simple cosmetic change pictured here is difference between legal & banned.
1,"Most of home care is paid by government programs, which don't pay enough."
0,"$5 trillion to the national debt. You compare that to Florida, for instance  in the last five years, spending has gone up 30% ... Ron DeSantis had spending going up at an average of 6% a year in Florida for his first five years. I am talking about pure government spending. You can give whatever excuses you want. I am willing to say no to more federal spending. In the last five years, spending has gone up 30%."
1,"Tariffs on China are an absolute necessity for balancing the American trade deficit. With that being said, the goods being targeted -and the tariff rates -are abominable and must be revised immediately."
0,"So the witch hunt continues! an out of control and very corrupt District Attorney who campaigned and raised money on, 'I will get Trump.' What better way to show just how unbreakable we truly are than countless patriots proudly wearing their support for our movement and their favorite president. I will get Trump."
1,"Triggering leftists, Trump's reelection campaign is selling plastic straws. They have sold more than 140,000 straws. "
1,"No elections protest was filed, McCready conceded and every county board certified its results in North Carolina."
1,"""China is the largest developer of neuro-strike weapons, weapons engineered to change the brain activity of military commanders and segments of the population."""
1,"""Just this week in an interview, (Trump) said states have the right to monitor pregnant women to enforce these bans and states have the right to punish pregnant women for seeking out abortion care"". Harris told campaign supporters."
0,"Outrageous! A government watchdog group has uncovered Biden's Energy Secretary's meeting with the radical green energy group behind the gas stove ban. This dark-money group has ties to the CCP Chinese Communist Party. Hands off our stoves, stop treating China like our friend. Claims that the government is banning gas stoves are absurd. The Department of Energy is proposing efficiency standards for gas and electric cooking appliances. They are not proposing bans on either. Granholm met with the radical green energy group behind the gas stove ban, which has ties to the Chinese Communist Party."
0,"We're growing back Black wealth, but we have a lot more to do. The racial wealth gap is the smallest it's been in 20 years, under my watch. Opening a new business is the ultimate act of hope. The racial wealth gap is the smallest it's been in 20 years."
1,Nancy Mace denies climate change.
0,"In Springfield, they're eating the dogs. The people that came in, they're eating the cats. They're eating, they're eating the pets of the people that live there. Whether they were eating geese or dogs, is that really what we're going to hang our hat on? Rumors like these are taking away from the real issues such as housing concerns, resources needed for our schools and our overwhelmed health care system. Keep the cat memes flowing. eating the pets of the people that live there."
1,The US has made strides in reducing carbon emissions that other parts of the world have not. I feel that many young people are being misled into thinking our country is polluting more than it ever has.
0,"Ron Johnson has voted against funding for law enforcement and recently opposed a plan to recruit and train new officers. Under Lt. Governor Barnes' plan, the Waukesha perpetrator wouldn't have been released."
0,"has quietly implemented a pay raise for members of Congress that could be $30,000+ per person. It circumvents the Constitution by instead reimbursing their rent, utilities, & meals."
0,The majority of citizens in the country will have no change at all because  most of the population resides in states that have already protected abortion rights. states that have already protected abortion rights The majority of citizens in the country will have no change at all because  most of the population resides in states that have already protected abortion rights.
0,"So, Attorney General Bill Barr says Donald Trump is a spy. Donald Trump is a spy."
0,"Donald Trump is destroying democracy. If there was any fraud, I haven't seen the evidence. Donald Trump, get off the stage, let Joe Biden take over the number one position. People rightfully protested for Black Lives Matter. Riots by Republicans. Who in the hell do they think they are? I think a lot of those protestors didn't plan to get violent.  But when you follow the mob, you become part of the mob. I saw this during protests in Charlotte, where people rightfully protested for Black Lives Matter. They'll hit and run. They'll break windows. They'll set fires. It's a very complex situation in which you're dealing with people with legitimate protests, but you're also dealing with people that are basic terrorists. Mob rule and violence was unacceptable in our cities across our country this past year and it is even more unacceptable today in our nation's Capital. Who in the hell do they think they are carrying an American flag and then assaulting a police officer?"
0,Biden to teachers: 'They're not somebody else's children. They're yours when you're in the classroom.'
0,"In Manchester, Joyce Craig pushed for a city sales tax. Then, Joyce Craig overrode the tax cap and tried to raise taxes six times. What would Joyce Craig do as governor? Raise our taxes. It's what she's always done. pushed for a city sales tax. Then, Joyce Craig overrode the tax cap and tried to raise taxes six times."
0,"Senator Grassley hopped off the Finance Committee, where he could be helpful to Iowa and the nation, in favor of the Judiciary Committeewhere he is a tool for the radical right, even some insurrectionists."
1,Hobbs has voted to double our gas tax.
0,"Thanks to radical Democrats, violent crimes will be hidden from public view and background checks. These crimes will now be automatically sealed after a set time like they never happened."
0,He apparently had a tattoo that was either a reference to a song in favor of heroin use or was a tribute to the Crips. Is Pennsylvania Democrat Fetterman's tattoo 'I will make you hurt' based on his ties to the crips gang as reported by the Free Beacon or a reference to the nine inch nails heroin song 'Hurt'. Fetterman won't answer questions.
0,"It is DAYLIGHT SAVING TIME on Race Day! Your clocks will spring forward from 1:59 a.m. to 3:00 a.m. Remember that NO alarm set for the 2:00 a.m. hour will go off! If your plan requires you to wake up any time from 2:00 a.m. to 2:59 a.m., you MUST set your alarm for the 1:00 a.m. hour. the local time skips ahead to 3 a.m., so there is one less hour in the day. Unless you have a really old Android phone or if you have previously meddled with the time and date settings, you shouldn't have to do anything. set automatically"" must be switched on in the ""Date & Time"" settings.
""Two a.m. continues to exist, but in an abstract sense. I couldn't set your alarm because of the daylight saving time change. While the behavior will depend on which Android app you are using to set the alarm, Google's official Clock app, which is preloaded on Pixel and other Android devices, will automatically move the alarm to a new time. NO alarm set for the 2:00 a.m. hour will go off!"
0,"In Miami-Dade county, what we've seen is the immigration courts are facing the largest backlog of any court in this country, with 10% of the overall immigration cases. And, what's worse, is that the overwhelming majority of those cases that are being addressed by the court, more than 90% of them lose their asylum claim."
1,Hays County is one of the only places in Texas with more trouble: an incredible 845% increase in cases since June 7.
1,A lot of people didn't know that millionaires are eligible for food stamps. I'm glad Donald Trump came along and decided to put a stop to it.
1,"In the Obama-Biden administration, we got China to cut cyber-theft, it's gotten significantly worse under this administration."
1,Thereâ's a dangerous loophole that lets some domestic abusers buy guns. Politicians in both parties are trying to close the loophole. You know who said they won't? Radical Tim Michels.
1,"Last year, South Carolina spent $21,756 per prison inmate and $11,552 per student. We should be investing in jobs and education, not more jails and incarceration."
0,"Hovde claims anyone who believes in transitioning to a clean energy economy is 'smoking crack cocaine.' To think that we are going to move an economy the size  any economy from its existing energy sources in a matter of a decade? You are smoking crack cocaine. To think we're going to move off gas, natural gas, oil, in the next 50 years  you're living in la la land. The push to end fossil fuel use before the next half century is 'delusional.' It's like firefighters showing up to a burning building and saying, 'If you think we can put this out in an hour, you're smoking crack cocaine.'"
0,"I beat her. It's easier when you win, and they all said, 'Lock her up.' And I felt I could have done it, but I felt it would have been a terrible thing. Hillary Clinton, I didn't say, 'Lock her up,' but the people would all say, 'Lock her up. Lock her up.' I said, pretty openly. I say all right, come on. Just relax. Let's go. We got to make our country great. I will say this, Hillary Clinton has to go to jail, OK? She has to go to jail.  She is guilty as hell. I think she should be in jail for what she did with her emails. Because you'd be in jail. She deleted the emails. She has to go to jail. For what she's done, they should lock her up, she's disgraceful. Hillary Clinton should have been prosecuted and should be in jail. Instead she is running for president in what looks like a rigged election. If she were to win this election, it would create an unprecedented constitutional crisis. In that situation, we could very well have a sitting president under felony indictment and ultimately a criminal trial. It would grind government to a halt. I don't want to hurt the Clintons, I really don't.""
"
1,Prescription drugs are nearly 20 percent of our health care costs now when you include hospital prescription drugs.
0,supported a 20% increase in the gas tax. 
1,New York consistently ranks as one of the worst voting turnout states in the nation.
0,"referred to Black women as weeds that needed to be plucked from their garden white supremacist, supporter of the KKK and DEMOCRAT. Yes! Google!"
0,"CO2 is not a pollutant,"" SUVGOP said in its presentation materials for the April 30 session.
I've been studying this for a long time,"" said Johnson, who lives in Alexandria and is a former chairman of the Virginia Port Authority and administrator of the Saint Lawrence Seaway Development Corporation.
The notion that it's polluting to human beings doesn't hold up. Most importantly, the theory of man-made global warming does not pass the sniff test  the test of common sense,"" Johnson wrote.
It simply does not follow common sense to believe that an increase of one human-caused atmospheric CO2 molecule out of ten thousand over eighty years should result in the ruination of the planet. 'Pollution' is a term that is somewhat human-centric,"" John Reilly, co-director of the MIT Joint Program on the Science and Policy of Global Change, wrote in an email. "
1,"New York is one of only 12 states where the average gallon of gas costs more than $2.00, according to numbers provided by the AAA of Western and Central New York."
0,"Unlike other amendments, Amendment 4 has no definitions. Without definitions these words can mean almost anything. My concern is there's no language  there's nothing to tether their analysis to. You have these vague terms with no tethers, no guideposts. Many recent amendments have had extensive definitions: gambling, gill nets, medical marijuana, minimum wage, recreational marijuana, smoking, etc. I think the lack of definitions was a deliberate strategy on the part of the proponents to make the amendment mean whatever the voter wanted it to mean, thereby increasing its chances of passing. There is little doubt that a result of Amendment 4 would be abortion clinics and others who assert themselves as the patient's 'health care provider.'"
0,They are trying to BAN voter ID and other basic measures that can ensure the sacred integrity of the vote. Democrats are trying to ban voter ID.
0,"Alarming Six Month Pfizer Data Show COVID Vaccine Causes More Illness Than it Prevents + Major Trial Flaws. Patently false statement. The headline is ludicrous,"" said Dr. Robert Wachter.
""completely misstates"" the Pfizer data, said Dr. Matthew Laurens.
""continued to be safe and have an acceptable adverse-event profile. Few participants had adverse events leading to withdrawal from the trial. The statement is false and ridiculous. We rate it Pants on Fire!"
0,"Just your weekly reminder that Ron DeSantis still hasn't condemned the Jan. 6 insurrection OR denounced the election Big Lie. Is it just me, or do you agree that his silence = endorsement? The governor refuses to acknowledge it even was an insurrection. DeSantis hasn't condemned the Jan. 6 insurrection."
0,wants to take away women's reproductive rights with no exceptions. quiere quitarles los derechos reproductivos a las mujeres sin excepciones. Scott does not support abortion exceptions.
1,This is NYC#2 train this afternoon!!!! And their mayor and governor wants to blame trump!!!! Damn what a disgrace!!!! Spread this far and wide!!!!
1,"If you look at the average teacher pay compared to the average pay of your citizens, Virginia ranks last. We're 50th out of 50 states. That is a disgrace."
0,"First of all, a recession is not inevitable. Secondly, we're in a stronger position than any nation in the world to overcome this inflation. It's bad. Isn't it kind of interesting? If it's my fault, why is it the case in every other major industrial country in the world that inflation is higher? You ask yourself that? I'm not being a wise guy. In every other major industrial country in the world  inflation is higher. "
1,New York offers the strongest active Paid Family Leave program in the nation.
0,"We are seeing right now the highest death rates we've ever seen in the history of this business  not just at OneAmerica, the data is consistent across every player in that business."" - Scott Davison
""What we saw just in third quarter  and we're seeing it continue into fourth quarter  is that death rates are up 40% over what they were pre-pandemic."" - Scott Davison
""Life insurance companies suffered while the funeral industry prospered in 2021 after COVID vaccines were rolled out."" - Blog post headline
""Some would conjecture, 'Hey, does this have something to do with the fact that we might have done a mass inoculation strategy?'"" - Charlie Kirk
""It's not from C-[virus emoji]."" - Facebook post
""So 40% is just unheard of."" - Scott Davison
""And what the data is showing to us is that the deaths that are being reported as COVID deaths greatly understate the actual death losses among working-age people from the pandemic."" - Scott Davison
""It may not all be COVID on their death certificate, but deaths are up just huge, huge numbers."" - Scott Davison
""It is clear the uptick we have found can largely be attributed to the COVID deaths."" - Catherine Theroux
""Some of the excess deaths we are seeing during the time of the"
1,There are more job openings than there are people on unemployment. Let's name the real problem here Iowa needs higher wages. #ialegis.
1,"In fact, tear gas was used, on average, once a month during the Obama administration for very similar circumstances on migrants. The Obama administration used tear gas for far less circumstances because they didn't have the same numbers and the mass rush that we're seeing in this caravan take place."
0,"It's quite revolting to think that the inserts for these vaccines were blank when they should have contained all these diseases and adverse events. You really have to go through this yourselves, but this is really the bombshell news of the day, of the week, of the year. They knew all along. The CDC ACIP had these documents and STILL voted to give to children. These people are pure evil."
0,"took away the next governor's authority to continue enhanced unemployment payments from people who lost their job because of the storm. So, they actually took money out of western North Carolina. hurts Western North Carolina by stripping away higher unemployment benefits for people who lost jobs from the storm. actually took money away from western North Carolina. Because Republican legislators are shortchanging western North Carolina recovery, especially the small business grants that are desperately needed to support the economy, residents out west will need enhanced unemployment benefits beyond next March. The Legislature's shameful decision to rip this power away from future governors only harms North Carolinians who need support to recover from this and future natural disasters. took money out of western North Carolina."
1,"FYI: the last statewide recount in WI was in 2016. After that recount, the vote margin changed by only 131 out of the 2.7 million votes cast."
1,GOP Texas lawmaker introduces bill to allow death penalty for women who have abortions.
1,"We've created close to 800,000 manufacturing jobs since Biden has taken office"
1,My company was building the Keystone Pipeline when Biden canceled it. Both he and Tony Evers are making us all pay the price. I'll stand by Wisconsinites and ensure you keep more of your hard-earned dollars as your next governor.
0,"Adam Laxalt said it was 'good news' that Latino small businesses suffered during the pandemic because he thought it would benefit him politically. He is not fighting for Nevada, only for himself."
0,"We're doing our best, as rural members often acknowledge, that in other states we haven't really seen rural students use these ESAs. We wouldn't be the first, second or third in this regard. We would be 31st in the nation to have these policies going forward on behalf of kids. I always think the reference and nomenclature is interesting."
0,"By the way, Project Some of you want to know, in there, they've got a national pregnancy coordinator that tracks all pregnancies. Think about what they're saying in Project 2025, you're going to have to register with a new federal agency when you get pregnant."
0,Slotkin voted for the $2 trillion Inflation Reduction Act that drove inflation higher. Americans for Prosperity Action said the Slotkin-supported Inflation Reduction Act 'drove inflation higher.'
1,"Since the passage of Tax Cuts, real disposable personal income per household has increased $5,205."
0,"It takes 5 months longer for white women to earn the same amount of money that men make in the same jobs in a year. An extra 2 whole months and 15 days. That's how long it takes for white women to make the same amount men made in the same job last year. And it's even worse for women of color. On #EqualPayDay, let's be clear: We need equal pay for equal work for ALL womenand we need it now. Whether two months and fifteen days or just two days, the pointand the problemhere is that women have to work longer than men to make the same amount of money, and women of color have to work even longer than other women."
0,"They have to work to eat. A lot of the programs started during the pandemic are still going, even though the pandemic is long over."
0,"I think a lot of the problems we see in kids, and particularly boys, it's probably underappreciated how much of that is coming from chemical exposures, including a lot of the sexual dysphoria that we're seeing. If it's doing that to frogs, there's a lot of other evidence that it's doing it to human beings as well. If you, in a lab, put atrazine in a tank full of frogs, it will chemically castrate and forcibly feminize every frog in there. And 10% of the male frogs will turn into fully viable females able to produce viable eggs. Sexual dysphoria"" is not a medical term and Kennedy's team did not respond when we asked for clarification of that phrase."
1,Hillary on child aliens in 2014: Send them back
1,The Equality Act recognizes the fact that more than half of the states in the United States do not have legal protections for people preventing or giving them the tools to fight back against discrimination on the basis of sexual orientation and gender identity.
0,"Newsom's a clone, OK? They just took him out. The real Governor Newsom has had his military tribunal at Gitmo. He's been executed. OK? There is absolutely no truth in this whatsoever."" - Erin Mellon"
1,"We pay the highest taxes in the nation, but criminals are shown more respect than small business owners and law-abiding New Yorkers."
1,"We watched Terry McAuliffe, when he was governor, lower the standards in our schools so that schools that weren't being accredited could now be accredited."
1,"The National Academy of Medicine points to a significant correlation between marijuana and psychosis, schizophrenia, and other psychotic disorders, particularly in teenagers where the risk of developing schizophrenia increases three fold."
1,Drug overdose deaths decreased in 2018 for the first time in 30 years.
0,"This bill is completely unnecessary. In no way, shape, or form is access to contraception limited or at risk of being limited. The liberal majority is clearly trying to stoke fears and mislead the American people, once again, because in their minds stoking fear is clearly the only way that they can win."
0,More white legacy students get admitted to top universities than Black & Latinx students admitted through affirmative action.
1,"Research illustrates a clear correlation between vitamin D deficiencies and (higher) COVID-19 mortality rates. I think a lot of times, the CDC and (National Institutes of Health) and that crowd primarily focus on new drugs."
1,"Seasonal flu is actually, in many cases, a deadlier virus if they contract that. The risk of complications for healthy children is higher for flu compared to COVID-19."
1,"On April 8, McMurray tweeted, Forbes called my opponents billionaire uncle. The face of corporate greed during the corona. My opponent has only about $70M. But true to form, he voted against paid leave for Covid19. Support @Nate_McMurray for Congress. Leadership Matters!"
1,The No. 1 job vacancy in Florida every month for seven years has been nursing.
0,"Here are the quotes extracted from the provided text:

""If you are a woman that has changed your name from your birth certificate, let's say through marriage and you took your husband's name, you are no longer eligible to vote if this bill passes the Senate. The legislation provides a myriad ways for people to prove citizenship and explicitly directs States to establish a process for individuals to register to vote if there are discrepancies in their proof of citizenship documents due to something like a name change. Millions of women do it every day. Election officials are going to be very wary of subjecting themselves to criminal prosecutions just to register someone to vote if their proof of citizenship doesn't clearly meet the statutory requirement. Women who changed their name after marriage are 'no longer eligible to vote' if the SAVE Act becomes law."" 

These quotes reflect the concerns and statements made regarding the implications of the SAVE Act on voter registration, particularly for women who change their names after marriage."
0,"As soon as Biden took office, he eliminated all subsidies for fossil fuels."
0,"Kamala's plan will raise families' taxes by nearly $2,600 a year. Harris' plan will raise taxes for the typical American family by an estimated $3,"
1,Tim Kaine opposes everything President Trump does.
1,"ÒWalz, he's a radical progressiveÓ who wants Óopen borders.Ó Tim Walz signed a bill to give driver's license to illegal immigrants in Minnesota, he wanted health care for illegal immigrants in Minnesota, that man is incredibly leftist."
1,"Congress has one job here: to count electoral votes that have in fact been cast by any state, as designated by those authorized to do so under state law."
0,"When President Biden took office  there was no vaccine available. Today, I received the COVID-19 vaccine. To the scientists and researchers who worked tirelessly to make this possible  thank you. We owe you an awful lot. And to the American people  know there is nothing to worry about. When the vaccine is available, I urge you to take it. We previously misstated that vaccines were unavailable in January We should have said that they were not widely available. Vaccines became available shortly before the President came into office. Since then, he's responsible for fully vaccinating over 200 million people."
0,"el Proyecto 2025 quiere deshacerse de la NOAA, quiere deshacerse del Servicio Nacional de Meteorología, la gente que te informa sobre el tiempo y te ayuda a prepararte para los huracanes. el Proyecto 2025 quiere deshacerse de la NOAA"" y del Servicio Nacional de Meteorología."
0,"I hate to say it, with your Democrat governor, you have some of the highest electricity prices and highest energy costs. It's just about at the top in Wisconsin. with your Democrat governor, you have some of the highest electricity prices and highest energy costs. It's just about at the top in Wisconsin."
0,"When the candidate for president is saying that these people coming in are murderers, rapists, thieves and all the rest of that. He made that a cultural issue. I don't think we were clear enough by saying fewer people came in under President Biden than came under Donald Trump. Fewer people came in under President Biden than came under Donald Trump."
0,"We know that the high prices are having a real effect on people's lives. We get that. And we are incredibly focused on doing everything that we can to make sure that the economy is working for the American people. But we are coming out of the strongest job market in American history, and that matters. And a lot of that is thanks to the American Rescue Plan, which only Democrats voted for, and Republicans did not. It led to this historic economic boom that we're seeing with jobs. That is not how we're seeing the American Rescue Plan. We have to remember what the president walked into. When he walked into this administration, the economy was at a standstill. Schools were closed. Businesses were shutting down. Twenty million people were on unemployment insurance benefits. That is what he walked into."
0,"Every governor in the country has tried to recruit Chinese businesses over the last how many years because everybody thought, 'Oh if we're nice to China they'll want to be like us.' And, you know, Ron has spent millions of dollars against me on this when the reality is, yes, 10 years ago I brought a fiberglass company, but he did something six months ago. So what's his story? The reality is, yes, 10 years ago I brought a fiberglass company, but DeSantis did something six months ago."
1,"New York State Assembly member Patrick Burke introduced a bill this month that would create a ""Great Lakes Bill of Rights"" to give residents ""a role in the decision-making process regarding current and future projects that impact the ecosystem. Burke said the Great Lakes account for ""over 20% of the worldâ's freshwater and over 80% of North Americaâ's freshwater."
0,"killed hundreds of jobs, sent gas prices way up, making everything more expensive. was building the Keystone Pipeline when Biden canceled it. obviously with gas prices nearly doubling in price since President Biden took office, the results of abandoning American energy production speak for themselves. Biden killed hundreds of jobs and sent gas prices way up."
1,"Just like Illinois' governor, Wisconsin Governor Evers wanted to raise your taxes by $1 billion in a pandemic. Republicans stopped him and delivered the largest tax CUT in state history."
1,Poverty in WV is more than 5% higher than the national average.
0,"Now your father wants to retire, but we don't know if he'll have Social Security. The governor, Ron DeSantis, is the reason our costs are going up and he's doing nothing about it. He even wants to cut Social Security and Medicare. And now he wants to become president. When people say that we're going to somehow cut seniors, that is totally not true. Talking about making changes for people in their 30s or 40s so that the program's viable, that's a much different thing. wants to cut Social Security and Medicare."
1,Guy next to @mikepompeo here in November of 2020 is the guy the Trump administration helped get out of jail in 2018 and who is now the 'president' of Afghanistan.
1,"Rep. Spanberger does not accept corporate PAC money, period."
0,detests the constitution Here's someonewho believes in abortion on demand up to the moment of birth. At no time has Judge Jackson repudiated that opinion as one she disagreed with. NARAL endorses Judge Jackson's nomination to the Supreme Court. In her testimony Jackson affirmed her commitment to the right to an abortion as created by Roe v. Wade and refused to provide any opinion on what viability is or whether that 'line' could move based on medical science. believes in abortion on demand
0,"Corporate profit margins are at their highest point in 70 years. Corporations are trying to blame inflation on stimulus checks. Meanwhile, they're overcharging us for gas, medicine, and groceries, and pocketing the difference. It's a racket. Corporate profit margins are at their highest point in 70 years  they're overcharging us for gas, medicine, and groceries, and pocketing the difference."
1," Potato chips, Kit Kat bars and Viagra are not taxed in Wisconsin because they are considered essential. But, what about tampons and pads for those who menstruate? Menstrual products are necessities, not luxuries."
0,"She wants to purge the pledge, anthem and Constitution from our schools. Katie Hobbs tried to purge the pledge, anthem and Constitution from our schools."
1,"What was the reality for most Americans during the Obama presidency? Most lost wealth and their incomes fell, particularly for those at the bottom of the ladder."
0,"The 1864 Arizona law forbidding abortions, upheld by the State Supreme Court, also sets the age of consent for females at 10 years."
0,"Joe Biden RUSHED to Hospital Unexpectedly. Press Left STUNNED | New Cancer Scare?! Joe Biden was just rushed to the hospital. What the hell's going on? Here we go  Biden health update. Biden says that he's OK after an unannounced rush to the hospital. You know where the president's going at all times. It's like prewritten in his schedule. There's never any unannounced things. Today, Joe Biden, unannounced, ran to the hospital. Like, just moments ago."
0,"I did nothing wrong! This is simply a 'taking.' Much like what is done in communist countries. We will abide by the decision of the Appellate Division, and post either a bond, equivalent securities, or cash. is simply a 'taking."
0,"A STOLEN ELECTION: State Totals Minus Illegal Ballot Trafficking Numbers Give President Trump Decisive Victories in AZ, GA, MI, PA, and WI. President Trump won in a blowout. Now we have the proof. likely fraudulent. From beginning to end, it's a dishonest foundation. There's no truth to any of it."
1,"Fifty-four percent of Wisconsinites live in a child care desert, full-time daycare can cost as much as college tuition, and our country is the only industrialized nation without paid family leave."
0,"Florida had banned 'sanctuary cities' and caught thousands of Haitians and Cubans who had arrived illegally by sea. Democrats and 'legacy media' care about people who are in the U.S. illegally only when they show up at 'beautiful Martha's Vineyard.' Then they got really upset about that. They called out the National Guard and deported them within 24 hours. So these are people, these leftist elites, they want to impose their vision on society but they don't want to have to suffer the consequences of that vision, they want you to suffer the consequences."
0,"Propaganda: 60 Minutes allows Kamala Harris to lie while the cameras are rolling. When they're off they confront her asking her for the truth. How will you? It's going to be taxes. It's going to be literally the economists  I mean, they're  From, each, the spectrum  But I hear what you're saying about the economists. This is true. Yeah. Yeah. But Congress is not the economists. They're  I know, but."
1,"We need to stop dangerous people from getting guns. But Gov. Rick Scott made it illegal for a doctor to ask a patient if they owned a gun, even a mental health professional. This law was so dangerous that a court had to strike it down."
0,"mRNA Vaccines Show No Mortality Benefit - Danish Study no discernible mortality benefit. very positive mortality benefit from COVID and, intriguingly, even from non-COVID deaths. just by knowing its effect against the target infection We need to be clear about which vaccine, and what outcomes, we are talking about. The analysis of the randomized clinical trials suggests that COVID-19 vaccines are not a homogeneous group. headlines that say COVID-19 vaccines reduce mortality are too simplified. The study isn't about the effectiveness of mRNA vaccines against COVID. the number of non-COVID and COVID deaths were rare in all of the pooled analyses and the causes of non-COVID deaths not well adjudicated, so this analysis needs to be taken as preliminary and hypothesis generating at best. With hundreds of millions of doses administered globally, the benefit risk profile of our vaccine remains positive for all approved indications and age groups and we remain confident in the protection and safety our COVID-19 vaccine provides. no mortality benefit."
0,"There's not been a single book banned in the state of Florida. You can go buy or you can use whatever book you want. Parents have flagged books in schools that, for example, teach middle school kids how to use sex apps that provide graphic depictions of sex acts and sex toys for people as young as fifth grade. And so clearly that is not appropriate. 
"
1,There are 390 million guns out on the streets of a country of 329 million people. We have to take decisive action and it has to come from our government.
1,"Perdue openly sells access for corporate PAC checks. He sells four meetings a year and a retreat on a private island for a $7,500 corporate PAC check."
0,"making it harder for you to vote by mail. The same way, I might add, in the 2020 election, President Trump voted from behind the desk in the White House in Florida. In the 2020 election, President Trump voted from behind the desk in the White House in Florida."
0,"MAGA Republicans have tried to get rid of the Affordable Care Act more than 50 times, and Trump is still determined to do it. In his words, he wants to 'terminate' the Affordable Care Act, which would deny 3 million Black Americans health insurance, deny protections for preexisting conditions for millions more Americans. But we're going to deny Trump. Here is a fact Truth Social posts and transparently false spin from his campaign can't fix: Donald Trump tried to repeal the Affordable Care Act and rip away health care from millions when he was president  and has promised to do it again. Repeatedly."
1,"Ronald Reagan talked about  immigrants who brought with them courage and the values of family, work and freedom. Let us pledge to each other that we can make America great again, he said"
1,"There is nothing that we have done on Amazon that we have not done with hundreds of other projects. There are hundreds of businesses in New York that receive these types of tax credits and capital grants, because, competitively we have to work hard to get people to come here because of our tax structure."
0,"Coca-Cola preaches diversity but sells out its own workers to ICE. Hardworking people tossed aside like nothing, pure corporate hypocrisy. If they cared, they'd fight for workers, not help tear families apart."
0,"Because throwing money at this problem is not gonna fix it. It's a policy change that needs to be effectuated. Mayorkas said: 'Hey you don't have to detain aggravated felons.' Those are rapists, child predators, murderers. Mayorkas said, 'Hey you don't have to detain aggravated felons,' those are rapists, child predators, you know, murderers."
0,Gallego's first act in Congress was to propose legislation to BAN the use of the term 'illegal alien.' My first act in the Senate will be a simple piece of legislation to fund & finish the border wall & put an END to the mass importation of the illegal aliens that Ruben prioritizes over law-abiding Americans.
1,"So, just remember though that if you can't get a test through Test Iowa, there are multiple other sites your doctor, your clinics, your pharmacies, the stroke detection clinic centers. I mean, there are the antigen tests, you can buy a test at Costco. I mean, there are a lot of options out there and we'll continue to build that out."
0,"I would not vote for Kevin McCarthy and it is because I am frustrated with Republicans. Weak Republicans that have no spine, we had a majority and all the Republicans did was put roadblock after roadblock to slow Trump's agenda. Yes it does, John, and this is why. When I talk to the voters in the 7th District, folks are tired of the lip service they are not only getting from the Democratic Party but also from so-called Republicans. They want fighters. They want people who will go down to Washington and fight for them and represent them, and that's exactly what we're doing. I can't go up and down the Seventh District talking about needing change and not being committed to being a part of that change. So, I've made those remarks on your show several times, and I stand by them. Leader McCarthy has worked very hard to unify our party and build a massive operation to take back the majority. He has earned my support in this effort, and I am honored to be in the fight with him. I know that come November, we will take back the House, fire Speaker Nancy Pelosi, and be the necessary check and balance on Joe Biden and Nancy Pelosi's harmful agenda that Abigail supports 100% of the time."
1,"There isn't a system. There isn't a database... connecting the parent from whom the kid was separated, and the kid from whom the parent is separated under president Donald Trump's zero tolerance border policy."
1,We now have the first decline in overdose deaths due to drugs in 30 years - since 1990.
1,President Ronald Reagan took the deficit from 70 billion to 175 billion. George H.W. Bush 41 took it to 300 billion. Bill Clinton got it to zero. George W. Bush 43 took it from 0 to 1.2 trillion. Barack Obama halved it to 600 billion. Trump's got it back to a trillion.
1,We're growing union jobs faster than Illinois.
1,"The three wealthiest people"" own ""more wealth than the bottom half of the American people."
1,"Missouri has one of the largest highway systems in the country, and since we sit at the nexus of east and west, this system receives a great deal of strain. Nonetheless, we maintain this system with one of the lowest levels of funding in the country."
0,"Iowans are paying $5,000 extra for everyday goods under Biden and Axne's inflation."
1,Mark Harris has said he would abolish the Department of Education.
0,"no Look, the family separation policy actually began under the Obama administration. And then we continued it until President Trump rightly reversed course. The family separation policy actually began under the Obama administration."
1,"In a crowded field of candidates where 5 out of 10 candidates do not live or vote in the 9th District, only Stony Rushing is still fighting for your vote to matter."
0,"During Biden's first 30 months in office, just 1 million new jobs were created, and by contrast, during my first 30 months in office we created 9 million new jobs. Any numbers you see that are economically positive in the Biden administration are because they are running on the fumes of what we created years prior to their taking office."
1,"People concerned about election integrity can ""go home and mope"" or get involved to help elect Republicans..) Johnson suggested that Republicans who want to ""restore confidence in our elections systems"" can get trained and paid as poll workers and said: ""In order to be a poll worker on the conservative side, you have to register through the Republican Party of Wisconsin."""
0,blocking the routine promotion of 160 general and flag officers because he objects to women within the military getting access to reproductive care. because he objects to women within the military getting access to reproductive care. Tuberville is preventing military promotions because he objects to women within the military getting access to reproductive care.
1,"McMurray said, they're going to try to label me, someone who's been a small-town supervisor, who has kept a balanced budget, who has increased surpluses, who has led us to the highest credit rating our town has ever had, who is an Eagle Scout, who is a father and a husband and a dad, that I'm some type of radical because I have a D next to my name."
1,My mask will keep someone else safe and their mask will keep me safe. I'm not suggesting this is any kind of guarantee. It probably doesn't have tremendous value for the person wearing the mask but it probably does significantly reduce the risk that people could inadvertently transmit it.
1,"It is offensive and severely out of touch to call 'gun violence' a Democratic talking point -especially when, on average, 1,065 people die by guns per year in Virginia. Moreover, according to the [Centers for Disease Control and Prevention], firearms are the leading cause of death for children nationally, and in Virginia Black people are eight times more likely than white people to die of gun homicide. EIGHT TIMES."
0,"Hitler had a really good outfit and was a good architect, and he didn't kill 6 million Jews. the Holocaust is not what happened."
1,"If you just count all the deaths in the red states, we are number two in the world in deaths, just behind Brazil."
0,"Prices have increased over 17% in the last two years. two years,"" not two years and nine months."
0,One hundred percent. That's how often radical Val Demings votes with Nancy Pelosi. Demings even voted to allow transgender youth sports and teaching radical gender identity without parental consent. voted to allow transgender youth sports and teaching radical gender identity without parental consent.
1,Tthe electrical grid today canâ't handle the increased load from a planned move in future years away from natural gas in new construction and in heating sources.
1,"During our four years, we've brought in more than $81 billion in economic investment, more than four times any previous administration..."
0,"keeps pulling right-wing partisan political stunts in Florida, like letting millions of COVID-19 tests expire. millions"" was ""a typo. up to a million. millions of COVID-19 tests expire."
0,"According to reports, Jamie Foxx is now 'paralyzed and blind' from a blood clot in his brain after receiving the COVID-19 vaccine. Those of us who spoke against the mRNA shot were attacked in every imaginable way. I am infuriated a decent person like Jamie Foxx fell victim to Big Pharma because a movie set is still dumb enough to mandate their cash cow clot shot."
0,"In Springfield, Ohio, and in communities all across this country, you've got schools that are overwhelmed, you've got hospitals that are overwhelmed, you have got housing that is totally unaffordable because we brought in millions of illegal immigrants to compete with Americans for scarce homes. Margaret, The rules were that you guys weren't going to fact-check, and since you're fact-checking me, I think it's important to say what's actually going on. So, there's an application called the CBP One app where you can go on as an illegal migrant, apply for asylum or apply for parole and be granted legal status at the wave of a Kamala Harris open border wand. That is not a person coming in, applying for a green card and waiting for 10 years. If Kamala Harris waves a wand, illegally, and says these people are now here legally, I'm still going to call them illegal aliens."
1,"DeVos is the most unpopular person in our government.
"
1,"We will not defeat Donald Trump with a candidate who in 2015 stated, and I quote: 'I, for example, am not in favor, have never been in favor of raising the minimum wage'."
1,Criminals don't go through background checks. I think it's like 3% go through a background check - 3%. Ninety-seven percent get the guns on the street.
1,Boom! COVID-19 infections down 61% from Trumpâ's last day. COVID-19 vaccinations up 85% from Trump's last day. Competence matters!!!
0,"It was one of her responsibilities to countersign acts passed by the legislature and signed into law by Gov. Tony Evers. I'm excited to be signing 2023 Wisconsin Act 94, because it means fair maps in Wisconsin! Countersign acts passed by the legislature & signed into law by Gov. Evers."
0,"I don't understand New Hampshire for whatever reason, you have a worse drug problem per capita than any other state. Nobody's explained that. New Hampshire has a worse drug problem per capita than any other state."
1,Mehmet Oz is anti-gun. Oz called for a New Zealand-style gun ban. Oz: Americans should have 'less access to guns'.
1,"This is saying to poor people and people who are in need that we don't trust them. And the average amount of assistance for SNAP, for example, is $6 a day... I mean, we're talking about $6 a day."
0,not a single one of their predictions ever come true. the pagans.
1,"One year later, I am proud to report that the coalition to defeat ISIS has liberated very close to 100 percent of the territory just recently held by these killers in Iraq and Syria."
0,"Yesterday in Davos, Jack Posobiec, an American journalist, was detained there for a matter of time. going against their agenda."
0,"the odds are overwhelming that the hate crime was really a hoax perpetrated by a Black student at the school. Twitter will be flooded with hate, and a lot of it will come from people on the left who want to show how hate-filled it is. It's like their race hoax industry. If you see a noose on a college dorm of a Black student, the odds are overwhelming that the noose was put there by a Black student. If you see the n-word on a dormitory building, the odds are overwhelming that a Black student actually did that. 
What Prager claimed 'is a lie. It's promoted again and again as a social construction of a hoax epidemic, when what we're actually having are increases in hate crime."
0,"In every single war that America has fought, we have never asked for land afterwards, except for enough to bury the Americans who gave the ultimate sacrifice for that freedom we went in for. Think for one moment. In every single war that America has fought, we have never asked for land afterwardexcept for enough to bury the Americans who gave the ultimate sacrifice for freedom."
1,"The studies show at the minimum wage today, you canâ't rent a two-bedroom apartment anywhere in the United States. I'm not talking about San Francisco or New York City, I'm talking about anywhere - a modest two-bedroom apartment."
0,"Almost half of every dollar that we spend on gas, it goes to New York State. Again, almost half of every single dollar that each person spends on gas goes to New York State. The gas tax in New York is about 50 cents per gallon."
0,"Those 87,000 new IRS agents that you were promised would only target the rich They're coming after waitresses' tips now: 'monitoring of employer compliance based on actual annual tip revenue and charge tip data from an employer's point-of-sale system.' My tweet links to and quotes from the 'IRS proposed rule.'"
0,"There will not be another foot of wall constructed in my administration. I was told that I had no choice. That if Congress passes legislation to build something  whether it's an aircraft carrier, a wall, or provide for a tax cut  I can't say, 'I don't like it. I'm not going to do it,' if this hadn't been vetoed, if it's the law. Building a wall from sea-to-shining-sea is not a serious policy solution  it's a waste of money, and it diverts critical resources away from the real threats. Building a wall does nothing to address security challenges while costing taxpayers billions of dollars. It shall be the policy of my Administration that no more American taxpayer dollars be diverted to construct a border wall. I am also directing a careful review of all resources appropriated or redirected to construct a southern border wall. Unless and until Congress acts on the request, the Administration will continue to use the funds responsibly for their appropriated purpose, as required by law."
1,"In more than 60 cases, in state after state after state, and then at the Supreme Court, judges, including people considered his judges, Trump judges  to use his words, looked at the allegations that Trump was making and determined they were without any merit."
0,"There's a new natural bedtime trick you can start doing tonight and escape diabetes for good."" - Elon Musk"
0,We're one of the seven nations in the world that allow abortion on demand at 20 weeks. The United States should not be in that club. The U.S. is one of 'seven nations in the world that allow abortion on demand at 20 weeks.'
0,"Democrats are voting to add an army of 87,000 IRS agents who will target middle class taxpayers and conduct at least 1 million more audits each year."
1,"Under Abbott, Texas leads the nation in rape offenses while the rate of arrests for rape has fallen by nearly HALF."
1,Dallet has talked about her interest in advocating for policies that need to be changed to achieve her political objectives.
0,"My dad, when I got elected vice president, he said, 'Joey, Uncle Frank fought in the Battle of the Bulge.' And he won the Purple Heart. And he never received it. He never  he never got it. Do you think you could help him get it? We'll surprise him. Uncle Frank, you won this. And I want to   I don't want the damn thing. What's the matter, Uncle Frank? You earned it. Yeah, but the others died. The others died. I lived. I don't want it."
1,"China, my understanding is, supplies 4 percent of the steel in the U.S."
0,"This is the post-Obama phone era, this is the era where people are given smartphones when they cross the border and enter our country. So, there's a tremendous amount of information that everybody has, but of course not everybody has a cellphone, not everyone has the ability to look up that information on a website. This is the era where people are given smartphones when they cross the border and enter our country."
0,"If I had to guess the plot of this expletive up movie we're living through I would say we are about 14 hours from the arrival of the aliens. it was parody, which isn't surprising, but honestly it wouldn't be surprising if it was true either."
1,"Thirty years ago, the United States ranked sixth among advanced economies in the share of women in the workforce. You know where we are today? Twenty-three."
0,"New Jersey and Maryland produce more solar power than Florida, the Sunshine State. A bill that strips solar panel incentives is bad for homeowners, jobs and our environment. I'll be a governor that promotes the use of solar energy, not one who cozies up to the Big Utilities. Florida was hardly doing any solar energy production."
1,The United States is the ONLY industrialized country without universal healthcare.
1,"ÒWalz, he's a radical progressiveÓ who wants Óopen borders.Ó Tim Walz signed a bill to give driver's license to illegal immigrants in Minnesota, he wanted health care for illegal immigrants in Minnesota, that man is incredibly leftist."
1,James Bowie was a slave trader with his brother. Stephen F. Austin did nothing to stop slavery being brought into the state of Texas.
1,"I want to be very clear that our decision to re-engage sectors is going to be based on the best facts and the best science, and what facts and science have told us is that re-engaging our state too soon or too fast will lead to a second wave of COVID-19 in Michigan. During the flu pandemic of 1918, some cities lifted social distancing measures too fast, too soon, and created a second wave of pandemic."
0,"Under the current regime, the focus has been on everything except academics. Student learning, and therefore student test scores, plummeted. Even before COVID, under the current regime, over half of Arizona students were not proficient in reading or math. Under Hoffman, student test scores plummeted. Even before COVID, under the current regime, over half of Arizona students were not proficient in reading or math."
0,"On the election of 2020, I have answered this question directly a million times: No. I think there were serious problems in  Did Donald Trump lose the election? Not by the words that I would use, OK? I really couldn't care less if you agree or disagree with me on this issue. I'm focused on the future. No. 
Did Donald Trump lose the election? Not by the words that I would use, OK?"
0,"In my first year in office, Aurora homicides went down by 40%. While crime is exploding under anti-police politicians, I have suppressed crime in Aurora. Send me to Springfield and I'll do the same thing across all Illinois."
0,"If Texas decides they want to do that, they can do that.  If that whole state says, 'We don't want to be part of America anymore,' I mean, that's their decision to make. What I do think they have the right to do is have the power to protect themselves and do all that. Texas has talked about seceding for a long time. The Constitution doesn't allow for that. But what I will say is  where's that coming from? That's coming from the fact that people don't think that the government is listening to them."
1,The surface area of Texas cities is only 4%. So you've got 74% of the folks in Texas crammed into 4% of the land.
0,You say detention is used when you're not sure if they're going to show up for hearings. The vast majority of individuals that we're releasing out are not showing up for hearings. the vast majority of individuals that we're releasing out are not showing up for hearings.
1,"Since 1938, the minimum wage has been raised 23 times. It was raised 21 times during Democratic congresses, and only twice during Republican ones."
0,Takes less than 5 minutes and zero documentation to get approved as an illegal immigrant and be flown to the United States with air tickets paid for by the American taxpayer. be flown to the United States with air tickets paid for by the American taxpayer. zero documentation get approved as an illegal immigrant and be flown to the United States with air tickets paid for by the American taxpayer.
1,Gun violence is now the No. 1 cause for death of children in our nation. And a heartbreaking 1 in 5 Americans has lost a family member to gun violence.  Black people are only 13% of Americaâ's population but more than 60% of homicide victims from gun violence.
1,Can I be blunt? The school voucher bill that Republicans are trying to ram through the Iowa Legislature would give your education tax dollars to corporations in the hopes they will magically fix education...
1,"If out-of-state drivers paid the gas tax, they would contribute $73 million to fix our roads."
0,"All of the things that are happening with votes by mail, I am not going to say which party does it, but thousands of votes are gathered and they are coming and they are dumped in a location and then all of a sudden you lose elections that you think you are going to win.  April 8, 2020, coronavirus press briefing"
0,"doesn't actually fight for the middle class.  Instead, he fights for himself and his billionaire friends. intends to enact what, in effect, is a national sales tax  call it a Trump tax  that would raise prices on middle-class families by almost $4,000 a year. Trump intends to enact what, in effect, is a national sales tax  call it a Trump tax  that would raise prices on middle-class families by almost $4,000 a year."
0,"He's had a bad year. He's had 52 weeks of bad weeks. People are 7% poorer now because of Biden inflation. Gasoline prices are, what, 50% higher than they were when he took office. The border is a mess. COVID was resurgent, but he didn't have in place the tests people needed to keep themselves safe. And then, of course, there was the disaster in Afghanistan. Russia's now threatening Ukraine. Things are not going well. People are 7% poorer now because of Biden inflation."
1,"Over 50% of the people now in the House and the state Senate have not been born in Virginia. And most of them, completely new. They're not even Virginians by grace yet."
1,You've had over 2 million women drop out of the workforce during this pandemic.
1,"Nelson skipped 45 percent of the hearings on national security. National security! Bill Nelson doesn't write laws, he doesn't even show up."
0,"The United States has a long, storied history of conducting false flag operations in pursuit of its own political agenda. It looks like we have the makings of yet another false flag operation, this time in the far-flung land of Ukraine, where Biden and his cronies are desperately trying to cook up more conflict to distract from their monumental failures here in America  We're not saying we know what happened here, or that this was a false flag. All I'm saying in my report is that we have a journalistic duty to question what we're told, rather than straightaway accept it as fact. Everyone is ignoring the whole point. As usual, OAN does not provide any evidence for their claim. The attack on the Mariupol hospital had the makings of yet another false flag operation by the U.S."
0,Gaetz vs. Jones campaign events. Keep Gaetz fighting.
1,"There was a little girl in California who was part of the second class to integrate her public schools, and she was bused to school every day. And that little girl was me, said Harris. I was part of the second class to integrate Berkeley, California, public schools almost two decades after Brown v. Board of Education."
1,"Latino small businesses are 1 in 4 new businesses, but only 1% of venture capital funding goes to Latino businesses."
1,"When I ran for Congress, I promised to refuse money from corporate PACs. I've kept that promise."
1,Republicans have had more African-Americans on key committees than when the Democrats were in control.
0,"You start with the most violent criminals in our country. There was a zero-tolerance policy during the Trump administration, and that led to less family separation than under Kamala Harris' border policies. That's what's so striking about this. Actually enforcing our border is the most humane thing, for children and certainly for American citizens. There was a zero-tolerance policy during the Trump administration, and that led to less family separation than under Kamala Harris' border policies."
1,"We have a GOP-controlled legislature that is so power-hungry they are allowing the head of the Natural Resources Board to serve months after his term expired, and are refusing to vote on seating his replacement. In fact, they've refused to act on at least 150 Evers appointees."
1,The vast majority of Americans believe that climate change is real and we need to do something about it.
1,We deserve better than a Senator who voted against capping the price of insulin and supports gutting Social Security and Medicare. Rubio helped write the law to raise prescription prices.
0,"I'd rather have my children playing rugby now, for health reasons, than I would have them playing football. Fewer people get hurt playing rugby."
1,"In stopping crime and holding criminals accountable, Supreme Court Justice Cheri Beasley has failed us. A teen murderer? She vacated the death sentence. An armed kidnapper? Beasley voted to reverse the conviction. An armed double-murderer? She voted for an early release. Time after time and case after case, Cheri Beasley protected criminals not victims. How can we trust her to protect our families?"
1,"When a car is sent to the United States from China, there is a Tariff to be paid of 2 1/2%. When a car is sent to China from the United States, there is a Tariff to be paid of 25%."
0,voted to sell American oil to China. It can be really difficult even to keep track of where that specific oil goes.
0,Dr. Phil & Dr. Oz discuss how Martha Stewart's 20 second ritual for restoring forgotten memories has gone viral. the breakthrough product Martha produced is called Eagle Hemp Gummies CBD. they don't endorse CBD products. I tested some of the products sold online that falsely claim to have my endorsement and that a lab testing showed high lead levels.
0,Lights go off and it deliberately steers towards the bridge supports. Foreign agents of the USA attack digital infrastructures. Nothing is safe.
0,"Billionaires in America  there's 789 or thereabouts. You know what average federal income tax they pay? 8%. Every one of you have a job in which you pay more than 8% in taxes  every single one of you. If you're a cop, a teacher, a firefighter, union worker, you probably pay two to three times that."
0,"Japan Drops All Vaxxine Mandates, Places Myocarditis Warning on Label. Although we encourage all citizens to receive the COVID-19 vaccination, it is not compulsory or mandatory. Forged in the aftermath of World War II, Japan's Constitution enshrines civil liberties. For practical purposes, that means it hasn't deployed lockdowns or compulsory mask rules as part of its pandemic approach. It's taken the same approach to vaccination, with the health ministry discouraging discrimination against the unvaccinated and shot requirements in the workplace."
1,"""Unfortunately, as two recent studies show, state and local election administrators have not adequately prioritized or fully implemented this critical voter protection legislation,"" Jonathan Becker wrote.""The vast majority of colleges in New York state do not have on-campus poll sites and there has been almost no change since the passage of this legislation""."
0,"Surprise, Ron was a big lockdown governor on the China virus, sealing all beaches and everything else for an extended period of time. Remember, I left that decision up to the governors. They actually encourage people to get fresh air. They just don't want you congregating in big groups."
0,"The same people that raided Israel are pouring into our once beautiful USA, through our totally open southern border, at record numbers. Are they planning an attack within our country? Crooked Joe Biden and his boss Barack Hussein Obama did this to us! the same people that raided Israel are pouring into our once beautiful USA, through our TOTALLY OPEN SOUTHERN BORDER, at Record Numbers."
0,"the credible fear standard more expeditiously It takes six years right now to process an asylum claim once someone has entered this country. And one of the problems is that the bar to qualify initially and establish a case of credible fear is relatively low, something like 70% of migrants qualify who seek it. And the ultimate qualification for asylum, the percentage there, is only about 20%, and it's six years in between. I acknowledge that I misspoke. The number is closer to 30% or higher. only about 20%"" qualify for it."
0,"did more to lower costs and expand access to health care than any action since the passage of the Affordable Care Act. It made quality coverage more affordable than ever, with families saving an average of $2,400 on their annual premiums, and four out of five consumers finding quality coverage for under $10 a month. four out of five consumers are finding quality coverage for under $10 a month."
1,"In the first three quarters of 2022, the railroad industry made $21 billion in profits, provided $25 billion in stock buybacks and dividends. CEOs are paid up to $20 million a year, while railroad workers have ""zero guaranteed sick leave."" "
1,"Just a reminder to New York... Marco Rubio and Ron DeSantis (who was then in Congress) voted against aid for Hurricane Sandy. But because we are New York, we care about everyone."
1,No African-Americans presented the state budget to the House Budget Committee.
0,"They call it an insurrection. But what really happened January 6th? Were FBI agents used as political agitators? They call"" Jan. 6 ""an insurrection,"" but ""were FBI agents used as political agitators?"
0,"Food crops can be engineered right now based on existing technology to cause infertility in Black people alone. That technology is a reality. If you're Black and you're watching this, the government is at war with you. What's disturbing is that this technology can be fine-tuned to target a specific race of humans who eat the food. Every layer of this is stacked on things that don't happen. To include a race-specific component seems beyond our capabilities, because it's not clear that a race-specific reproductive gene exists."
0,"The provided text does not contain any direct quotes from Joe Biden. It primarily discusses comments made by Donald Trump regarding abortion and the context surrounding those comments. If you have another text or need assistance with something else, feel free to ask!"
1,"I actually in 2005 ran on Medicare for all, the liberal issue of making sure people can buy into health care that they can afford, Gillibrand told a crowd gathered in a New Hampshire coffee shop."
0,"Biden's strategy is very simple: Get as many illegals in the country as possible. Legalize them to create a permanent majority  a one-party state. That is why they are encouraging so much illegal immigration. Simple, yet effective. The long-term goal of the so-called 'Border Security' bill is enabling illegals to vote! It will do the total opposite of securing the border. They are not going to go register to vote and expose themselves. Get as many illegals in the country as possible. Legalize them to create a permanent majority."
1,"In the midst of the COVID-19 pandemic, more than 200,000 DACA recipients are essential infrastructure workers. Among these essential workers are 41,700 DACA recipients in the healthcare industry: doctors, intensive care nurses, paramedics, respiratory therapists -all of them in a suspended immigration status because (the) Dream Act is still a bill, not a law."
1,"Biden said Harris oversaw a police department that was abusing people's rights and did not disclose to defense attorneys when there was exculpatory evidence: She didn't do that. She never did it. And so, what happened? Along came a federal judge and said enough, enough, and he freed 1,000 of these people."
1,Governor Kate Brown wants to make Oregon's mask mandate PERMANENT.
1,"As of September 2018, there are 6,683 WV children in foster care, 1,415 of whom are legally eligible for adoption."
0,Why does the World Economic Forum have their own police force?
0,"It has often been repeated there is 'no evidence' of fraud in the 2020 Election. In actuality, there is no evidence Joe Biden won. Joe Biden needed them. Nowhere is there a smoking gun, conclusive evidence that there was fraud or illegal ballots cast for Joe Biden. What these claims don't take into account is that voter fraud is detectable, quantifiable and verifiable. I have yet to see anyone offer up 'evidence' of voter fraud from the 2020 election that provides these three things."
1,"Parson may say that he likes the idea of protections for pre-existing conditions, but he has done nothing to put in place effective, clear legislation that will provide these protections."
1,"The House tax bill does have a lot more permanent relief for middle income and even lower income families long term, permanently."
1,"A new bill introduced in the Missouri Legislature would put teachers on the sex offense registry if they 'contribute to social transition' of a trans youth -including pronouns, hair cuts, information, and more.This bill was created and really submitted to help parents and families and to help teachers."
0,"Mask mandates on children lead to learning loss that harms early childhood development. We have grave concerns that your Head Start Program Performance Standards rule requiring universal masking for all individuals two years of age and older and universal masking and vaccinations for staff, certain contractors, and volunteers will further exacerbate the ongoing challenges posed by the pandemic."
0,That's not just saving seniors money and taxpayers money. We cut the federal deficit by $160 billion because Medicare will no longer have to pay those exorbitant prices to Big Pharma. This year Medicare is negotiating lower prices for some of the costliest drugs. We cut the federal deficit by $160 billion because Medicare will no longer have to pay those exorbitant prices to Big Pharma. The legislation is saving seniors money and taxpayers money.
1,Unemployment dipped below 4% by the end of my first year in office. Now itâ's been below 4% for the longest stretch in 50 years in American history.
1,The impending work stoppage is unlawful and should come to an end.
0,"The provided text does not contain any direct quotes from Vice President Kamala Harris. It primarily discusses comments made by Ohio Sen. JD Vance and the context surrounding his statements. If you need quotes from Kamala Harris specifically, please provide a different text or context."
1,How is this still happening? How are our children still dying and why are we failing them? Gun violence is the number one killer of children and teens -it has overtaken cars.
1,"When he was acting commissioner, Putnam endorsed the Obama-Schumer Gang of Immigration amnesty."
1,"Ninety percent of NRA members are in favor of background checks, so the NRA is not in the place of most of its members. If you go back, you can see Wayne LaPierre, who runs the NRA, testifying before Congress in favor of background checks 15 or 20 years ago."
1,I donâ't care what letter is next to your name -I'll work with anyone to get results for Iowans. Thatâ's why I was named Iowaâ's most bipartisan member of Congress by @TheLugarCenter. I'm pleased to share that for the second year in a row I've been named the most bipartisan member of the Iowa congressional delegation by the Lugar Center and Georgetown Universityâ's McCourt School of Public Policy.
0,All 50 states have sex offender registries but Judge Jackson doesn't think perverts should have to register. She says it 'stigmatizes' THEM. She says it 'stigmatizes' THEM. doesn't think perverts should have to register as sex offenders.
0,"Joe Biden's margin of the less than 21,000 votes in Wisconsin was the tightest of any state in  Make no mistake, the Left knows exactly what's on the line in the Badger State this year."
0,"While other states took multiple drug companies to court over the opioid epidemic, Adam Laxalt took their campaign cash and used his office to block local attempts at holding one of the worst offenders accountable. Laxalt's only in it for himself. We should avoid actions that would let the companies under investigation pit Nevadans against Nevadans. campaign cash"" from drug companies ""and used his office to block local attempts at holding one of the worst offenders accountable. multiple drug companies to court over the opioid epidemic."
0,"You already know Ted Budd's family company screwed over North Carolina farmers. And Budd cosponsored a national abortion ban so out of the mainstream, it includes no exceptions for victims of rape or incest. And now this: Ted Budd voted to cut Medicare and Social Security and voted to raise the retirement age toowhich means if Ted Budd becomes our senator, you will be working more and earning less. The RSC budget always provides a breath of fresh air to the liberal leadership we currently have in the House.  I'm proud to work with RSC to advance conservative principles. It looks like the RSC 2017 budget does change Social Security and Medicare, though it comes down to what we mean by 'cutting' those programs. I cannot participate in enabling Washington's spending addiction. Ted Budd voted to cut Medicare and Social Security and voted to raise the retirement age, too."
0,"I would recuse myself from hearing cases brought by or against the Democratic Party of Wisconsin because of the money the party has put into my campaign. Voters can follow the facts  on Christmas Eve, one day after Dan Kelly recused himself, the Zignego family began contributing thousands of dollars to his campaign. $20,000 in contributions later, Dan Kelly decided to un-recuse himself so he could participate in the case."
1,America has around 300 million people. Joe Biden said 150 MILLION were lost to gun violence AND we just lost ANOTHER 120 million to covid-19. 
0,"is letting millions of people from jails, from prisons, from insane asylums, from mental institutions, drug dealers pour in. Venezuela, if you look at their crime statistics, they've gone down 72% in crime because they're releasing all their criminals into our country because of this horrible president that we have. millions"" of immigrants are pouring in from jails and mental institutions."
0,"come on in. Not only will you not be deported, but we'll treat you better than U.S. military veterans. Here's cash. Here's a cellphone. Here's a bus ticket. A plane ticket. They got one taste of their own sanctuary cities policy and they didn't like it. immigrants in the country illegally are treated better than military veterans."
0,Joe Biden flew hundreds of thousands of illegals into Florida last year. The fact is this program is authorized by this president and advances his extreme immigration policies by flying illegals into Florida which has been widely reported.
1,"Eric Toney is testing significantly less items than former AG Brad Schimel and is still taking longer to test many categories of key items in comparison to Schimel, including DNA."
1,"The #TaxCutsandJobsAct is delivering real results. Since passage, @Walmart increased their starting wage to $11/hr & has given about $400 million in bonuses."
1,"The aid, although it did arrive, it took the work of some senators in this room who had to pass additional laws to make sure that the Ukrainians did not lose out on $35 million additional dollars. Contrary to the president's tweet that all of the aid arrived and that it arrived ahead of schedule, that is not true. All of the aid has not arrived."
1,"Under federal law, Trump's felony convictions mean he can no longer possess guns."
1,"80% of the American people support our Dreamers. Over 70% think they should have a path to citizenship, and that's Democrats, Republicans, independents."
1,"Steve Chabot, a career politician who voted to strip away protections for people with pre-existing conditions."
0,"You go to a store, they don't have bread. We're like a third world country. They don't have bread."
1,At the end of the day we know mask mandates work. There's enough evidence out there between counties that have done it and counties that haven't.
1,There's 100 million people that have preexisting health conditions.
1,"Assemblywoman Linda Rosenthal, D-Manhattan, told the investigative news outlet ProPublica on Feb. 6 that ""each year, more than $1 billion is stolen from the pockets of hardworking New Yorkers by unscrupulous employers, often targeting the workers with the fewest resources to fight back."""
1,Freitas raked in thousands from the insurance industry and supports a plan letting insurance companies deny coverage for preexisting conditions like asthma or diabetes.
1,"The state of Maine passed an initiative that abolished the tip credit, Tedisco wrote in a blog post, but less than a year later reversed that decision due to restaurant employees organizing en masse against the measure after they saw a significant decrease in earnings."
0,"Flamin' Hot"" was the first-ever public screening of a film focused on the Hispanic community at the White House.
""Do you realize that 26 out of every 100 students in grades kindergarten through 12 speak Spanish? 24 of every 100 kids in school today speak Spanish. 26 out of every 100 students"" in K-12 speak Spanish."
0,"The law that Uvalde residents are seeking has already been ruled to be unconstitutional. There have been three court rulings since May that have made it clear that it is unconstitutional to ban someone between the ages of 18 and 20 from being able to buy an AR. So, it is clear that the gun control law that they're seeking in Uvalde, as much as they may want it, it has already been ruled to be unconstitutional. I think it would be a fair guess to say that the law is still in some jeopardy, but we just don't know and it's going to take some time for the case to work its way all the way back up. I think when you say it's clear something is unconstitutional, generally that would mean the Supreme Court has ruled on the specific question and made a decision one way or the other. Three court rulings since May 2022 have made it clear that it is unconstitutional to ban someone between the ages of 18 and 20 from being able to buy an AR."
0,I'm shocked.
0,"is heavily funded by the oil and gas industry, raking in more than $140,000 in donations from Big Oil and other energy interests in the short time he's been a candidate. The difference is whether or not a candidate is willing to do the fossil fuel industry's bidding. What we need to do is keep having those gas-guzzling cars, 'cause we got the good emissions under those cars. is heavily funded by the oil and gas industry, raking in more than $140,000 in donations from Big Oil and other energy interests. The amount of direct donations from the oil and gas industry to Walker's campaign is now about $190,"
0,"Experts said that to get inflation under control, we needed to drive up unemployment. We found a better way. Under my plan, unemployment has been under 4% for two full years now, and inflation has been at the pre-pandemic level of 2% over the last half year. Inflation has been at the pre-pandemic level of 2% over the last half year."
1,"America is 33rd in access to quality education, 33rd in child mortality and 31st in clean drinking water. But our stock market is up.  West Virginia is near last in the U.S. in these rankings. There are conditions in this state comparable to a 3rd world country. "
0,"There have been more illegal encounters under Biden than the previous two administrations combined. it's not possible"" to directly compare ""encounters"" across administrations ""simply because there were no 'encounters' during the Obama administration and during the majority of the Trump administration."
1,"Texans are suffering without power because those in power have failed us. State leaders don't get to say that they didn't see this coming. Energy experts and State House Dems, among others, were warning of this for years. Abbott chose to ignore the facts, the science and the tough decisions and now Texans will once again pay the price."
1,Taylor said DeWine  flip-flopped on the gun issue and has earned an F from the NRA. I
0,"The Trump administration handed out taxpayer dollars to a foreign company. Hundreds of homes and farms were bulldozed, and over $500 million in taxpayer dollars were wasted preparing for Foxconn. Foxconn turned out to be just that. A con. We benefited from the work that had been done before, the ability to start to acquire large amounts of land and things like a electrical substation that exists there already.
"
1,"We cut Black child poverty in half in 2021 because of the child tax credit. Look, we need to help make that tax credit permanent now."
0,"I could not be happier"" about Trump tapping Kennedy.
very closely with him on exploring issues like vaccine efficacy.
""uncorrupted"" science when determining vaccine safety.
""need to have the courage to ask what is causing this explosion"" in autism and chronic illness.
""There's never been a placebo-controlled study on childhood vaccines. Not one."
1,The President's temporary payroll tax holiday... could leave American workers liable for thousands of dollars during tax season and could potentially leave programs like Social Security and Medicare weakened -or worse.
1,"""When I worked on the Affordable Care Act, I wrote the amendment that allows all young people to stay on their parents' health insurance until they turn 26. Overnight, millions of young Americans got health care."" Tammy Baldwin wrote in a May 5, 2024 X post, saying Hovde ""wants to rip it all up""."
1,"From the moment we passed that signature legislation, Mike Bloomberg called it a disgrace."
1,North Carolina is in the small minority of states that requires an absentee ballot to be signed by two witnesses or a notary public.
1,"In May 15 remarks at a national police memorial service at the U.S. Capitol, Biden told officers and other attendees, ""You risk your lives every day for the safety of the people you donâ't even know. Thatâ's why each of you, each and every one of you, is a hero. Itâ's no accident that violent crime is near a record 50-year low."
1,"You look at today, only half the 30-year-olds are doing better than their parents were at age 30. When I was being raised, it was 90%."
1,"The number of people who just got their voting rights restored in Florida is greater than the populations of Wyoming, Vermont, Alaska, North Dakota, South Dakota, Delaware, Rhode Island, Montana, Maine and New Hampshire."
0,would be a huge payday for Chinese manufacturing would fill our streets with cars made with Chinese parts.
1,Fifty percent of our West Virginia budget was for lower education.
1,"Buttigieg said Walz delivered paid family leave in Minnesota but 'Republicans are blocking' a Biden-Harris proposal. ""So, if you want to talk about promoting children, promoting family, put your money where your mouth is."". ""Same with a lot of other policies, like, I don't know, paid family leave, something that Tim Walz delivered in Minnesota, something that the Biden-Harris administration sought to deliver for the American people. Right now, Republicans are blocking it, but that's something that they could certainly change their tune on, but they haven't.""
"
0,"Arizona House bill would decertify three counties in Arizona,"" - David J. Harris
""it could effectively recall the Biden electors."" - David J. Harris
""There is no mechanism for such a thing under the law,"" - Chris Krebs
""Here's the thing: you're the mark. They want your money, they want your rage, they want you turning out, protesting, & threatening officials. You're a pawn. Nothing more."" - Chris Krebs
""This argument is not legally sound,"" - Rick Hasen
""I would not take Finchem's assertions seriously,"" - Paul Bender
""obviously unconstitutional and profoundly unwise"" - Rusty Bowers"
0,"She's talking about what, voting rights? That we have less voting rights here? What about in Kenya, where pregnant women can't leave the house, so they absolutely have no constructive right to vote?"
0,"Look, only in Washington can you cut funding, add a pay-for to a new spending measure, and they say it's terrible for the deficit. Only in Washington can you cut funding, add a pay-for to a new spending measure, and they say it's terrible for the deficit."
1,Not even Nancy Pelosi is open to abolishing ICE. But Beto is.
1,"The average hospital stay for a case of COVID-19 costs about $17,064. The vaccine is free."
1,"This is one of those facts that you are able to disarm liberals about. Listen, Texas has one of the top five states in the nation for high school graduation rate. More kids are graduating from high school, more kids are graduating from college than ever before."
1,Did you know Biden wants to get rid of something called stepped up basis??? How does this affect you! When your parents pass and leave you the family house normally you would inherit that property at what it is worth today. If you were to sell that house you would only pay taxes on the gain from what it is worth today and what it sells for.
0,"We are looking into suspending Ukraine Propagandist Zelenskyy's account. Musk has repeatedly criticized Zelenskyy on X, but when he does, he spells the president's last name with a single 'y' at the end."
0,Kamala is so radical she even wants to legalize fentanyl. She's so radical she even wants to legalize fentanyl right away. Harris wants to 'legalize' fentanyl. Harris 'wants' to legalize fentanyl as president. Kamala is so radical she even wants to legalize fentanyl.
0,"a big proponent of this defund the police movement. liberals want to defund our police stop Tony Evers, Joe Biden, and the liberals' from doing so. defund the police movement?"
0,"Title 42 has fueled the border crisis. In 2019, 7 percent of illegal border crossings were repeated crossings. Today the rate is 27 percent."
0,"Well, one of the things is I'm gonna make sure that the richest among us, who can afford it, pay their fair share in taxes. It is not right that teachers and nurses and firefighters are paying a higher tax rate than billionaires and the biggest corporations. Teachers and nurses and firefighters are paying a higher tax rate than billionaires and the biggest corporations."
0,"But you know, 72 hours, they weren't even in the cone. They were following the weather track and they had to make decisions based on that. Seventy-two hours before the storm, we still were not in the cone."
1,"If you take out a loan, you pay it back. Period. Republican members of Congress whose PPP loans were forgiven."
1,"The enumeration clause of the Constitution requires a count of every individual, not only every citizen."
1,I read the House rules. And as frustrating as it may be to have these hearings going on behind closed doors -the hearings over which Congressman Schiff is presiding -they are consistent with the rules. The House rules permit committee chairs to hold closed hearings on matters of national security or intelligence.
0,"Know what the average salary is? $110,You don't need a college degree. jobs that pay an average of $130,000 a year, many of which do not require a college degree. average salary"" for semiconductor industry jobs is ""$110,You don't need a college degree."
1,Trump flew the anti-Black Lives Matter flag at his rally in Wisconsin. 
1,"If you look at the hospitalizations at Ruby Memorial in West Virginia, and around the country, 90% to 95% of those hospitalized are unvaccinated."
0,"At one time science said, man came from apes. Did it not? If that is true, why are there still apes? Think about it."
1,"Since 2011, the gap in high school graduation rates between African-American students and all students has been cut in half, from 6.4 percent to 3.1 percent."
0,Tim Ryan knows defunding the police is ridiculous. He's brought back $467 million to put good cops on the street. Vance wants to defund law enforcement.
0,anti-America First. gave illegals tuition discounts and made us pay for it. voted to give illegal immigrants a reduced tuition less than what American students had to pay. Pro-Amenesty & Anti-America First. her record shows her true colors: Pro-Amenesty & Anti-America.
0,"As a parent, you do not have the right to abuse your kids. This is cutting off their genitals, this is mutilating these minors, these are irreversible procedures. And this is something that other countries in Europe like Sweden, once they started doing it, they saw it did incalculable damage. They've shut it down. They've shut it down."
1,The diversity visa lottery is plagued by fraud.
1,"We've achieved almost universal health care coverage, and we beat the NRA with tough, tough gun laws in Colorado."
0,"Wisconsin utilities have charged ratepayers more than $9 billion of increases since  The Wisconsin Industrial Energy Group used PSC agendas to calculate $5 billion in approved rate increases since  All items added togetherrate cases, fuel cases, and fuel surcharges  for electric and natural gas utilities equals $5 billion: $3 billion in electric, and $250 million in natural gas."
0,"$5 billion of your taxpayer money is sitting in an account that this current governor is calling a trust fund. That's Iowa's rainy day fund, and it's raining in our state. Between the state surplus and tax relief fund Also known as the Trust Fund we have $3 billion in resources which could be used for state programming. Iowa has $5 billion in a fund called a trust that could, instead, pay for state programs."
1,"I mean, who the hell's in charge here? And now we have tens of thousands of Texans who are essentially homeless and the land office has repaired two--two homes. And we've got folks waking up that have been sleeping in tents and they got snow this morning. People are still sleeping in tents."
1,"Taking into account inflation, the federal minimum wage is actually worth less than what it was worth 50 years ago."
1,"Scott's hospital company stole millions, defrauding the military's health care program."
0,"What they are saying, is that Mike Pence did have the right to change the outcome, and they now want to take that right away. Unfortunately, he didn't exercise that power, he could have overturned the Election!"
0,"Katie Hobbs, my opponent, actually has voted for allowing a baby who survives an abortion, that the hospital would refuse medical care and allow the baby to die on a cold metal tray. Hobbs voted for allowing a baby who survives an abortion  that the hospital would refuse medical care and allow the baby to die on a cold metal tray."
0,The legislature has long maintained that the law never allowed these illegal drop boxes and we're happy to be vindicated by today's decision. He has opposed unsecured drop boxes since they became an issue in the 2020 election. long maintained that the law never allowed these illegal drop boxes.
0,"unprecedented, and practically impossible for any company. A bond of the size set by the Democrat Club-controlled Judge, in Corrupt, Racist Letitia James' unlawful Witch Hunt, is unConstitutional, un-American, unprecedented, and practically impossible for ANY Company, including one as successful as mine. The Bonding Companies have never heard of such a bond, of this size, before, nor do they have the ability to post such a bond, even if they wanted to. Civil and criminal penalties against large publicly traded companies can run in the billions, but the Trump Organization is fairly small. Trump does not have the liquid assets to bring the bond amount down, and real estate is rarely used as collateral because it is very difficult to value certain pieces of property  particularly so with Trump, who is in possession of large estates and golf courses. Moreover, any company that is willing to extend that kind of bond to Trump would likely demand an extremely large fee percentage to take on that risk. The $454 million bond he's been assessed is 'unprecedented, and practically impossible for ANY Company' to pay."
0,"This session, Republicans launched attack after attack on Virginia's public schools, teachers and students. They have repeatedly threatened to defund public education and their budget is proof of their true intentions. The proposed House budget cuts hundreds of millions in funding for public education, including gutting teacher pay raises by 20% and slashing tens of millions in funding for early childhood education. The proposed House budget cuts hundreds of millions in funding for public education"
0,We're not xenophobic. We allow people to come in and work. We grow our economy. Look at China. China's in a situation where they have more retired than working.
0,Nowhere on her birth certificate does it say that she is BLACK OR AFRICAN. @KamalaHQ is a liar. Donald Trump is correct. Kamala Harris is NOT black and never has been. Jamaican is a nationality. Not a race. You do understand there are white Jamaicans right? Nowhere does it say she's black. Her birth certificate says Caucasian and Jamaican. Can you tell me where on that birth certificate it says she's black? Or are you preparing to lie and say that all Jamaicans are black?
0,"Wage increases have exceeded what the cost of inflation, which you're talking about as the prices that were pre-COVID prices. Pre-COVID prices are not the same as whether or not they  you have  corporate America ripping off the public now. You have everything from shrinkflation to what's going on in terms of the way in which they're artificially moving significantly to increase their  profits. That's not the same as inflation. That's price gouging."
0,Joe Biden left Marines behind in Afghanistan. And now he left a Marine behind in Russia. Americans are tired of his weakness on the world stage.
1,"A few years back, this (Mitchell Stadium) was voted the best high school football field in America"
0,Get out and vote in-person-absentee TODAY at your clerks office! Or in-person tomorrow at your designated polling station! get out and vote in-person-absentee TODAY at your clerks office!
0,"Unprecedented UFO landing shrouds Las Vegas, Nevada in mystery. certainly"" was not a UFO."
1,"A new, independent study put out last week found that at least 55 of our largest corporations use the various loopholes to pay zero federal income tax in 2020. "
1,"Forty years ago, a federal Pell grant paid for nearly 80% of tuition, fees, room and board at a four-year college."
0,"With so much violence taking place at the hands of those with severe mental illness, the answer to mass shootings is not fewer guns, it's more institutional mental health in this country. In the 1960s, liberals emptied our psych wards."
1,"In 2010, 48,000 felons and fugitives lied and illegally tried to purchase guns and the Obama administration prosecuted only 44 of them."
1,"David Schweikert took over $120,000 from the drug industry and voted against legislation to lower prescription drug prices."
0,"broke his pledge, raised the gas tax, and pushed for the largest tax increase in West Virginia's history. broke his pledge, raised the gas tax."
1,"Kleefisch played a key role in negotiating the disastrous Foxconn deal, the largest attempted government handout to a foreign company in American history."
0,"getting Trump. doesn't care about the violent and vicious crimes being committed in Manhattan, which are now at a RECORD LEVEL. now at a record level."
1,"In the United States, 90% of onshore oil production takes place on land that isn't owned by the federal government. And of the remaining 10% that occurs on federal land, the oil and gas industry has millions of acres leased.They have 9,000 permits to drill now. They could be drilling right now, yesterday, last week, last year."
0,"Trump gets booed at the superbowl,"" a Feb. 9 Threads post said.
""New Orleans understood the assignment!"" another Feb. 9 Threads post said.
""Trump booed mercilessly."
0,"For all of you Michiganders!!!! Instead of listening to the vast majority of Michiganders supporting common sense election reforms like requiring a photo ID to vote, the soulless left decided to put a Constitutional Amendment on our ballot this fall. What does Proposal 2 do? It will permanently put in the Constitution that you NEVER have to show an ID to vote ever again. Proposal 2 on Michigan voters' ballots will permanently put in the Constitution that you never have to show an ID to vote ever again."
1,"To shine a light on government waste, and I found lots of it. Uncovering $350 million in waste and fraud; it led to 40 criminal charges against both Republicans and Democrats."
1,$53 million a week is coming across the border in drugs.
0,We started with the American Rescue Plan. That's taken us from economic crisis to economic resurgence. Jobs are up. Incomes are up. Incomes are up.
1,"DeSantis's let home insurance rates skyrocket and he raised taxes on Floridians by $1 billion. When I was your governor, we reduced insurance rates by 10%."
1,"The average resident's tax burden is at its lowest level in nearly 50 years, while incomes continue to grow."
1,"1. ""The United States is the only industrialized, modernized country that does not already have a paid family medical leave program in place."""
0,this legislation eliminates a source of fraud by removing student ID cards as a valid form of identification at the polls. I was concerned that students from Oregon or Washington could vote twice in an election. student ID cards are a 'source of fraud' at the polls.
1,"Brazile touted Bidenâ's record: ""He's growing the economy. He's investing in manufacturing. Black unemployment is the lowest in American history""."
0,"Data from around the world suggests that omicron favors the fully vaccinated. Omicron does not favor the vaccinated; it favors everyone. The immune evasive properties of the variant allow it to infect fully vaccinated, and even boosted, individuals. That's why we're seeing more infections in the vaccinated. There's no question that people who are vaccinated have more protection. Vaccination does not increase the likelihood that you'll get infected. It's really quite the opposite. As the proportion of vaccinated increases, they'll have an increasing contribution to the infection pool. It's nonsense to claim that people who are vaccinated are at higher risk of disease."
1,Yet we know public schools are now as segregated by race and class as they were as they were in the 1960s.
0,"Noticia de Ultima Hora! Su Santidad el Papa Francisco ha fallecido"" publicación en Facebook del 17 de febrero de 2025.
""los médicos han señalado que el estado de salud de Francisco es inestable, dada su edad, fragilidad y enfermedad pulmonar preexistente"" 
""Francisco sigue en estado crítico"
1,"Everyone is feeling pain at the pump. It started well over a year ago. Diesel fuel in Sept 2020 was $2.09, six months later in March 2021 $2.99. If @GovEvers had passed his tax increases, these fuel prices would be at least a dime higher."
1,"We took a deal to the president just last February, less than a year ago - $25 billion over 10 years in border security done the right way - and the president blew up the deal."
1,"Wrong. Meth production in MO has cratered over last decade. MO Hwy Patrol reported 1,326 meth lab seizures in 2006, only 50 in 2018. But meth addiction & overdoses are skyrocketing. DEAâ's 2018 Threat Assessment Report says most of meth in U.S. made in Mexico & smuggled over border."
1,"We had the highest number of sexual assaults ever reported in the last year. We had a retaliation rate against those people that reported, left statistically unchanged from the last few years. We had the lowest conviction rate and the lowest prosecution rate since the time I've been working on this. Everything is going in the wrong direction, and it is untenable."
1,"Pritzker said Republican elected officials, a network of propaganda publications in the state and some radio shock jocks were spreading a lie about his daughter dining outside at a restaurant with a large group of people during the COVID-19 pandemic. "
0,"I want to confront the cartels. He is controlled by the cartels. His own father was a Colombian drug trafficker, and so he's got links to the cartel. Ruben has a clear record of fighting to crack down on illegal drug trafficking and address the fentanyl crisis."""
0,"When you have the 2021 letter saying  no matter what a state declares about protecting child welfare with respect, I mean, you know, they use these euphemisms. But what it is, is they're literally chopping off the private parts of young kids, and that's wrong. They want to castrate these young boys, that's wrong. We stood up and said, from the health and children's well-being perspective, you don't disfigure 10, 12, 13-year-old kids based on gender dysphoria. That is not true under any existing medical guidelines."
0,"Well, if you've heard my interviews, you've heard me say this teacher shortage issue is a symptom of what I call a teacher respect issue. We need to respect the profession better. College graduates earn 33% more than your average teacher when they leave. And adjusted for inflation, over the last 25 years teachers have made a $29 increase in their salary. That's unacceptable, the fact that we've normalized teachers driving Uber on the weekends to make ends meet or working at a restaurant, waiting tables to make ends meet. We have to lift the profession. Adjusted for inflation, over the last 25 years teachers have made a $29 increase in their salary."
0,"If you follow Jan. 6 at the granular level with the facts that are coming out slowly, they are coming out because the government has been very reluctant to release footage, particularly footage of what happened in the tunnel on Jan. 6, where you now begin to see these cops using massive amounts of force against unarmed Trump supporters, including women. The death of Rosanne Boyland is now being called into question. Was she the second Trump supporter that was killed by the authorities? If you read my quotation, it applies to the violence in the tunnel, and I specifically referenced Rosanne Boyland, who was unarmed. Claims that the mob that invaded the Capitol during the Jan. 6 insurrection, or specifically the mob that intended to breach the terrace tunnel, were 'unarmed' is an utter falsehood disproved by facts and statements from those on the scene. These rioters were armed with blunt objects, stun guns, and chemical sprays and aggressively forced the Capitol Police into a precarious position inside the tunnel."
0,the biggest scandal was when they spied on my campaign. Hillary Clinton spied on President Trump.
1,"One year ago, Republicans would not fill seats vacated for people who went to the administration because of the cost of those elections."
1,Ojeda said that Barra took home almost 22 MILLION DOLLARS last year alone (295x your company's average employee).
0,"So, you voted to build a wall. Well, dear Americans, even if you don't understand much about geography, since for you America is your country and not a continent, it is important for you to know, before the first brick is laid, that there are 7 billion people beyond that wall. Shame on Trump. They will beg us to tear down this ugly wall."
1,"People start voting not for their state anymore but they start voting for their leadership. And we have seen that with our Sen. Sherrod Brown who votes 97 percent with Chuck Schumer, almost 95 plus percent with Elizabeth Warren."
1,"Because the U.S. Senate is a minority institution, meaning you don't have to get the most votes and still control the chamber, we need to have more than a majority of Democrats in control to codify Roe v. Wade."
1,Gillum wants to increase Florida taxes by a billion dollars.
0,"Critical race theory is definitely being taught in some form or fashion. We know last year the Loudoun County School Board spent about $300,000  that's real money, that's going-to-jail money  to bring CRT in some form or fashion to the school system. They're using semantics, the other side is, when it comes to CRT and it's definitely being taught in some form or another."
0,"Everyone that has come illegally under Biden, we gotta, we'll send them back. That's going to be first priority. That's probably 6 or 7 million people right there. It's going to require a lot of effort. Deporting millions of people summarily is an implausible and fantastical idea that has been brought forward from time to time for political purposes only."
1,Property and income taxes will be lower in 2018 than they were in 2010.
1,"The Democratic Senatorial Campaign Committee claimed Eric Hovde ""brags about being in the 1%"" in an ad based on a quote from 12 years ago."
1,3.5 million Americans lost employer-tied health insurance in March.
0,The lady who leaked passwords for voting systems in Colorado is the same person who tried to remove Trump from the ballot. the same person who tried to remove Trump from the ballot.
1,"Since mayoral control of education came in, the graduation rate in New York City has increased by 50 percent in 13 years."
1,"TrumpÕs daughter works at the White House. Her husband works at the White House. RudyÕs son works at the White House. BarrÕs son-in-law works at the White House. BarrÕs daughter works at Treasury. TrumpÕs sons do foreign business. TrumpÕs daughter is getting Chinese patents and Saudi grants. But sure, letÕs talk about Hunter Biden."
0,"are another hoax, a staged production and provocation by the Kiev regime for the Western media. The video of the bodies is confusing. Here at the 12th second the 'corpse' on the right is moving his arm. At 30th second in the rear view mirror the 'corpse' sits down. moving his arm in the rear view mirror the 'corpse' sits down."
0,"As chairman, and more importantly as governor, Ron DeSantis is responsible for setting the course for how the organization, and by large the state, draws business to the state  and during his first term, 2018-2022, that included establishing a solid, positive, working relationship with China."" - Brittany Yanick, SFA Fund spokesperson.

""DeSantis called China 'Florida's most important trading partner.'"" - SFA Fund.

""China remains Florida's most important trading partner and export destination in the region, but commercial ties with India, Vietnam, Malaysia and other countries in South East Asia have grown significantly in recent years."" - Wording attributed to Enterprise Florida.

""The SFA Fund said DeSantis 'called China 'Florida's most important trading partner.''"" - SFA Fund."
1,"IDC members also get tons of campaign money from real estate, charter school, and health care lobbyists, some of whom are Republicans with connections to Trump."
1,"19% of WVians rely on SNAP, but proposed changes would take food assistance from those struggling to find stable employment while doing nothing to help them to become permanently employed."
1,"A black woman in New York City is 12 times more likely to die in childbirth than a white woman. This isn't an accident, it's a failure of policy and justice, and one we can't accept. We have a moral responsibility to right it."
0,"Everyone who knows me sees me as a realist, some even a pessimist. With that in mind, you'll understand the weight of what I'm about to say: I believe we're on the brink of uncovering a dark legacy in this country that's been hidden for far too long. If you're struggling to grasp how your ex government could do such things, my advice is to either brace yourself or go hide until someone saves you. I truly think the dam is breaking, and regardless of how it unfolds, real change is coming. Those at the federal and state levels should be preparing to lose sleep  it's about to go mainstream. Barron Trump put out a strange post on X. Barron Trump makes a chilling statement on Twitter about uncovering corruption in the United States."
0,While Ukrainians bled and died  Congressman Budd excused their killer. Budd's votes have been friendly toward Russia. He voted against sanctions on Russia. These are serious times and we need serious senators. I'm Pat McCrory. I don't compliment our enemies. I stand for truth and freedom. I approved this message. Make your stand with me.
0,"They can control the weather, and the proof is in the patents. These are silly, frivolous patents. Patents dating back to the 1800s show that people can control the weather."
1,"Since 1990, production of metals in the U.S. has held roughly constant, but the number of people employed in the industry has fallen steadily."
0,"You cannot claim you stand for unity if you are intent on taking reproductive freedoms from the people of America and the women of America  trying to ban abortion nationwide, as they do, and restrict access to IVF and contraception, as their plan calls for. Project 2025 calls for restricting access to IVF and contraception."
1,"But if this little girl were tragically raped or a victim of incest and became pregnant, radical Tim Michels would force her to deliver the baby."
1,"Some states, like Montana and Nebraska, are getting more than $300,000 in federal stimulus money per reported COVID-19 case. New York is the hardest-hit state and yet we are getting only about $12,000 per case."
0,"We're last in education out of 40 states. We're last, we're number 40, but we're No. 1 in cost per pupil. While we spend billions of taxpayer dollars to fund our education system, less than half of 4th and 8th graders are performing at proficient levels in reading or math. The US is last in education out of 40 states and No. 1 in cost per pupil."
0,"Mike Rogers believes he should make that decision"" about whether to end a pregnancy.
""Over 14 years in Congress, not once did he break from his party on the issue of abortion. I know that a decision about a pregnancy is one of the most difficult and personal decisions a woman will make. Michigan voters have already decided the issue, and I respect that decision. In the Senate, I won't do anything to change it."
1,"School Funding Debate Update: According to Republican Rep. Jeff Shipley, teachers should not receive a pay raise if they teach American history that Republicans don't agree with.#ShipleysGonnaShipley"" ."
0,"No more drilling on federal lands. Period. Period. Period. Period. No more drilling on federal lands. No more drilling, including offshore. No ability for the oil industry to continue to drill, period, ends"
0,"If you want somebody who's gonna speak truth to power, then vote for somebody who's gonna speak the truth to you. Why am I the only person on the stage at least who can say that Jan. 6 now does look like it was an inside job. Jan. 6 now does look like it was an inside job."
1,"Booker has accepted over $400,000 from the pharmaceutical industry. "
0,Agriculture is the No. 1 industry here in Pennsylvania.
0,"Well, stand your butt up then. Abraham Lincoln challenged a guy to a sword fight."
1,"The annual Pentagon budget hovers over $750 billion annually, twice that of the much debated Build Back Better Act that costs about $350 billion annually as currently proposed. And the Build Back Better Act is PAID for, unlike the Pentagon's budget (which we donâ't even audit!)."
1,Buttigieg said: I have more military experience than anybody who's arrived behind that desk since George H.W. Bush. 
0,The impact of President Biden being beholden to the Green New Deal radicals in his party has electricity costs through the roof in Texas.
1,"The majority of hunters now want universal background checks, the majority of Trump voters. There's absolutely no reason we shouldn't be moving on it."
0,"While mothers and fathers stare at empty grocery store shelves in a panic, the Biden administration is happy to provide baby formula to illegal immigrants coming across our southern border. This is yet another one in a long line of reckless, out-of-touch priorities from the Biden administration when it comes to securing our border and protecting Americans. The Biden administration choosing to send baby formula to the border is yet another one in a long line of reckless, out-of-touch priorities."
0,"He's targeting transgender kids and turning in their parents, and if these investigations are successful, not only is that transgender child taken from the custody of that parent, but so is every other kid in the household. That's what this guy is doing."
0,"laws that could eliminate IVF and birth control. From 2005 to 2013, Rogers supported legislation that would define embryos as legal people from the moment of conception, giving embryos constitutional rights. IVF as it's currently practiced involves destroying embryos, and that would be unworkable under laws that define personhood as beginning at conception. IVF could still be legal under personhood laws, but experts said the procedure would likely be more expensive and have lower success rates, and providers could exit the industry because of liability risk. Some forms of birth control that prevent pregnancy after eggs are fertilized could be at risk of criminalization."
0,"has voted for national abortion bans, she has voted to defund Planned Parenthood, and she shepherded Neil Gorsuch through the Supreme Court process, and then celebrated when Roe v. Wade was overturned."
1,"The Russians are violating all of the rules, treaties, understandings that they committed to that actually kept the peace in Europe for nearly 70 years."
0,"Hamadeh, who wants to be Arizona's lawyer, lied about his legal experience. Hamadeh misled about his legal experience."
1,"I am looking into 3-D Plastic Guns being sold to the public. Already spoke to NRA, doesn't seem to make much sense!"
0,"In 2013, I introduced legislation called Grassley-Cruz which targeted felons and fugitives and those with serious mental illness. It directed the Department of Justice to do an audit of federal convictions to make sure felons are in the database. It directed the Department of Justice to prosecute and put in jail felons and fugitives who try to illegally buy firearms. In the Harry Reid Democratic Senate, a majority of the Senate voted in favor of Grassley-Cruz, but the Democrats filibustered it. They demanded 60 votes. They defeated it, because they wanted to go after law-abiding citizens instead of stopping the bad guys. I'm going to keep fighting to target felons and fugitives who try to buy firearms. We need to stop bad guys from getting guns, not law-abiding citizens."
1,"Our trade deficit with China has gone from about $80 billion a year in the 1990s to $400 billion a year. We've lost steel production, we've lost aluminum production, we've lost paper production, we've lost industry after industry to China."
1,"The whole green energy agenda involves more than doubling more than 10 types of mining, and that has never happened in economic history in one industry."
0,"Beating the Chinese as they attempt to do a variety of things  undermine our sovereignty, send fentanyl into America killing 80,000 Americans a year, threaten war in the Pacific by threatening to take Taiwan  that to me is the biggest national security issue. China sends fentanyl into America killing 80,000 Americans a year."
0,"Wow! About time! The media is showing how Obama's birth certificate was changed! He was never born in the U.S. so was never a real president! Everything he signed will be reversed! fake, fake birth certificate. Take a second and think about that."
0,It is a fact that Obama created ISIS with the help of Israel. Here's Obama admitting to training ISIS. Obama created ISIS.
0,"Are you here illegally but need help getting your taxpayer benefits? Are you an inmate that wants your Biden stimulus check? Mark Kelly is here to help. voted to allow prison inmates to receive stimulus checks five separate times. Call Mark Kelly today! 1-800-LIBERAL. five separate times"" claim exaggerates Kelly's support for giving stimulus checks to inmates."
0,"the most consequential legal ruling of our lifetime. Did you know that abortion is available all nine months of pregnancy in New Mexico  even up until the moment before birth and for any reason? allows for abortion at any point of pregnancy  right up to delivery, no questions asked! is available all nine months of pregnancy"" in Alaska, Colorado, New Jersey, New Mexico, Oregon and Vermont, ""even up until the moment before birth and for any reason."
1,"Mayor Bloomberg helped lower the number of uninsured by 40 percent, covering 700,000 more New Yorkers."
1,"While we have more to do, inflation is down by two-thirds. Inflation is now down close to 3%, the lowest among the worldâ's leading economies."
1,"Gas in North Carolina increased 14 cents per gallon this past week, the highest in the nation."
0,"Citizens in **MANY** areas of the U.S.A. are startled that tanks, troops, assault aircraft are BEING DEPLOYED on the streets throughout the U.S.A. today, Saturday, June  This is not a drill  this is war prep. Don't be alarmed! Those types of vehicles were on display for the public. Why is Canada putting military hardware into one of its largest cities on a Saturday?"
0,Biden's let in 8 million people just in four years.
1,"Canada charges the U.S. a 270% tariff on Dairy Products! They didn't tell you that, did they? Not fair to our farmers!"
1,"We recently found out our nation hit a grim milestone: 100,000 Americans died of an overdose in a single year. Pres. Biden's open borders policies are letting drugs like Fentanyl pour into our communities. This cannot go on - we must secure the border."
1,Prescription drug companies are charging Americans prices that are on average 4x higher than what's charged in other countries.
1,"Sadly, during the course of the pandemic, one-third of our small businesses have closed."
0,"Donald Trump had two choices. He could have destroyed the program, or he could actually build upon it and make it better so that Americans didn't lose a lot of health care. He chose to build upon a plan, even though it came from his Democratic predecessor. deregulating the insurance market."
0,Russia continues its special military operation to demilitarize and denazify Ukraine. The Russian army does not occupy Ukrainian territory and takes all measures to preserve the lives and safety of civilians. The Russian Army is fighting neither Ukraine nor the Ukrainians. ... Russia is not starting wars. It is ending them. The Russian army does not occupy Ukrainian territory.
0,"If a 10-year-old became pregnant as a result of rape and it was threatening her life, then that's not an abortion. An abortion is the termination of a pregnancy."
1,"Studies show that children who go to preschool are nearly 50% more likely to finish high school and go on to earn a two- or four-year degree, no matter their background they came from."
1,"The Biden administration has created an immigration crisis on our border. They refuse to call it a crisis, though apprehension numbers are worse than the 'crisis' Biden/Obama/Pelosi acknowledged in 2014!"
1,Our country spends more on potato chips than we do on ALL energy R&D.
0,"Just in: Elon Musk to acquire Facebook soon."" - WEVERYDAY blog post.  
""The View"" host Whoopi Goldberg from Twitter. - WEVERYDAY blog post."
0,Es un hecho. La presidenta de México Claudia Sheinbaum PROHIBE la entrada al nuevo IPHONE de la empresa tecnológica. Estamos a tiempo con los aranceles y parece que eso se está moviendo muy rápidamente. Se podría llegar a un acuerdo con Estados Unidos sobre los aranceles.
0,"The average cost of replacing an electric vehicle battery is over $10,000, while the average cost of replacing the battery of a gas-powered car is $100-$ Democrats' green energy only agenda will bankrupt the American people. The average cost of replacing an electric vehicle battery is over $10,000, while the average cost of replacing the battery of a gas-powered car is $100-$ Democrats' green energy only agenda will bankrupt the American people. the average cost of replacing an electric vehicle battery is over $10,000, while the average cost of replacing the battery of a gas-powered car is $100 to $"
1,"Fifty-one percent of our taxes are paid by 2% of New Yorkers. We must understand the role that high-income New Yorkers play in this city. And when I hear people totally attempting to say they don't play a significant role, that is just wrong, they do."
1,Congressman O'Rourke is so irresponsible that he even voted against hurricane tax relief.
0,"Tim Michels has the same idea, only his idea is about tracking women. wants to treat women like they're the criminals. Because a majority of OB-GYNs are women and some OB-GYNs perform abortions, it's fair to say Michels supports treating women like criminals. Michels wants to treat women like they're the criminals."
0,"The very first thing, my number one priority is election integrity. From my first day in office, to my very last day as governor, jobs and the economy are gonna be my number one priority. I'm focused on this election right now. I have made no commitments to any candidates in  What I'm focusing on is beating Tony Evers. I wish he was president today and had four more years. If he runs in 2024, if he does, I will support him and I will endorse him. We need somebody like that in Washington, D.C."
1,They probably can find 60 votes in the Senate to do that. They found 60 votes in the Senate in 2006 and 2013 for immigration reform. And each time the House Republican majority refused to take it up.
1,"$3 billion payoff: 101 utilities cut rates, credit GOP tax cuts."
0,"The text does not contain any direct quotes from Eric Hovde himself. It primarily discusses claims made by his campaign and includes statements from his spokesman, Zach Bannon, as well as commentary from other individuals. Therefore, there are no quotes to enumerate from Eric Hovde in the provided text."
0,"Remember last summer when Biden bragged about a $16 savings on your July 4th cookout? Well, this is what you're spending on this 4th of July. This was a staff error that should not have been published."
0,I led the fight to add 200 new police officers to make our city safer. We maintained Milwaukee Police Department strength.
1,Rep. Wagner doesn't want you to know that she's voted five times against protecting pre-existing conditions.
0,"The point of diversity, equity and inclusion, as you've often heard, is to wind up with a leadership class that, quote, 'looks like America.' Now, we think you should hire on the basis of merit. But, that's kind of an appealing idea, the people who run the country should look like the country. Because no administration has ever looked less like America, just by the numbers, than the Biden administration. It's not about making the administration look like America, it's about discriminating against certain classes of people who don't vote for them. Out of 97 federal judges confirmed under Joe Biden, the total number of white men: five, 22 are Black women. So this is race-based hiring. No administration has ever looked less like America, just by the numbers than the Biden administration."
0,"79% of Planned Parenthood clinics are in minority neighborhoods. This is not by accident. That is by its founder, Margaret Sanger's, eugenicist design. Go back and read her quotations. 2010 Census results reveal that Planned Parenthood is targeting minority neighborhoods. 79% of its surgical abortion facilities are located within walking distance of African American or Hispanic/Latino neighborhoods. Although abortion may be resorted to in order to save the life of the mother, the practice of it merely for limitation of offspring is dangerous and vicious. It is a woman's duty and right to have for herself the right to say when she shall and shall not have children. 79%"" of Planned Parenthood clinics are in minority neighborhoods. ""This is not by accident. That is by its founder, Margaret Sanger's, eugenicist design."
1,"There are almost 60,000 North Carolina children on waiting lists to access a school that works best for them."
0,SENATE REPUBLICANS' PLAN  END SOCIAL SECURITY SENATE REPUBLICANS' PLAN  END MEDICARE We will not have as part of our agenda a bill that raises taxes on half the American people and sunsets Social Security and Medicare within five years. Senate Republicans' plan would 'end Social Security' and 'end Medicare.'
0,"NBC basically saying Republicans are Nazis  Same org that covered up Hunter Biden laptop story, had Harvey Weinstein story early & killed it & built Matt Lauer his rape office. Lovely people. covered up"
0,"This is a conservative voter alert: Bernie Sanders is at it again  this time with a radical plan to increase government control of your pharmacy benefits. Even worse? Some Republicans are supporting it. Sanders' socialist plan is not just an attack on your health benefits, it's his next step toward government-run health care  shattering your pharmacy benefits, increasing drug costs and threatening private health insurance. Call Ted Budd and tell him to oppose Bernie's radical health care takeover. No conservative lawmaker should support any bill that gives the government more control over health care, particularly his legislation, which will increase costs for patients and reduce choices for small businesses. The ad seemed incredibly overwrought to me. Whatever one thinks of the merits of these proposals, it's not a radical change in U.S. health policy. is once again leading an attack on private health care to achieve his stated goal of nationalized health care."
0,"Joe Biden undid all of the policies that former President Donald J. Trump put in place. As a result, over 10 million people have come across the border with no vetting, no plan, and no path. Look who I ran into at the border today! He was a great encouragement to many here."
1,"Last year the top 10 drug companies, for example, made $69 billion in profit, while one out of five Americans cannot afford the cost of prescription drugs when doctors prescribe medicine to them."
1,You are paying the price for Bidenâ's energy agenda. Since Biden took office: Gas is more than $1/gallon more expensive Americans have lost over $10k in increased cost of living Nearly 20M households behind on utility bills â Real wages have fallen monthly. Since Biden took office... real wages have fallen monthly gas prices have skyrocketed since Joe Biden took office and continue to do so everyday. Since Biden took office real wages have fallen monthly.
0,"lacks any credibility on immigration supported amnesty You supported John Boehner's bill. It's a fact. When you were in Congress, you supported Obama's efforts to advance comprehensive reform. When Ron DeSantis was in Congress, he supported amnesty."
1,"New York leads the U.S. in population loss, because residents aren't feeling safe on the streets and subways, they feel suffocated by heavy-handed government action, it doesnâ't make sense economically to remain here, and opportunity for a better life is presenting itself elsewhere."
0,"What causes inflation?"" Pelosi said on May ""One is when unemployment goes down, inflation goes up. That's not anything to accept. When wages go up, inflation goes up. That's one. When supply goes down, cost goes up. There is a Putin price hike at the pump. Not all of it to him, but a large part of it. When unemployment goes down, inflation goes up."
0,"Three doctors from the same hospital 'die suddenly' in the same week,"" after the hospital mandated a fourth COVID-19 vaccine for employees.
""The hospital claimed that the social media rumor that their deaths were related to the COVID-19 vaccination is 'simply not true.' It is with deep sadness that THP mourns the loss of three of our physicians who recently passed away. Dr. Jakub Sawicki, Dr. Stephen McKenzie and Dr. Lorne Segall were respected physicians who dedicated their lives to caring for their patients and community. The rumour circulating on social media is simply not true. Their passings were not related to the COVID-19 vaccine. her husband's diagnosis of Stage 4 Gastric Cancer, Signet Ring Cell Adenocarcinoma, one of the most aggressive forms of stomach cancer, came as a shock last August. he had been 'seriously ill' leading up to his death and his office was permanently closed. after a ridiculously unfair and hard fought year-long battle with advanced lung cancer."
0,"That is absolutely ridiculous. Those were never my comments. I think that it is despicable that Spanberger would use something as traumatic as that to score cheap political points. Well, maybe because there's so much going on in the body. I don't know. I haven't, you know, seen any studies. But if I'm processing what you're saying, it wouldn't surprise me. Because it's not something that's happening organically. You're forcing it. The individual, the male, is doing it as quickly  it's not like, you know  and so I can see why there is truth to that. It's unfortunate."
0,"They would rather talk about Russia, Russia, Russia, and Ukraine, and talk about possible war, than talk about the real truth that Ukraine  don't forget this  Ukraine was the No. 1 donor to Hillary Clinton when she was running for president. Ukraine was the No. 1 donor to Hillary Clinton when she was running for president."
1,Not a dollar would be paid out until jobs in the Foxconn development area were created. The incentive package is based on fulfilling the contract.
1,Americans would run out of avocados in three weeks if imports from Mexico were stopped.
1,"A 1942 Milwaukee YMCA brochure shows children playing a violent, racist carnival game."
0,"We have plans to build a railroad from the Pacific all the way across the Indian Ocean. I'm going off script, I'm going to get in trouble."
1,"We've gotten more money to the locals. But we've got 115,000 miles of roads in this state and 90% is owned by the locals. They just have a lot of roadway and they've got a long way to go."
0,"quiere quitarles los derechos reproductivos a las mujeres sin excepciones"".
""Scott no apoya las excepciones al aborto""."
1,"PPP on average probably provided a grant of around $11,000 per employee."
0,Emergency use authorization requires two elements. There has to be an emergency. There isn't. And there has to be no other available effective treatment. There is. Is there a current COVID emergency?
1,"For Texas schools, we're 43rd in the nation. Let me say that again. We're 43rd in the nation. "
0,"Sometimes it feels like we can't agree on anything, except this: 85% of North Carolinians think abortion should be legal for women who need it. Ted Budd isn't one of them. He helped write legislation to outlaw abortion nationwide with no exceptions for rape or incest  a law that could even put doctors in jail. There's a better choice: Cheri Beasley. She'll always protect our personal freedoms. Mr. Budd is among 123 co-sponsors of the bill, but it was Mr. Kelly and our team who wrote the legislation. The Bloomberg Law article explains how criminalizing abortion could have a dramatic effect on women and people going through fertility treatments to get pregnant. I want to look at it broadly. First of all, when a person finds themself in that type of situation, let's just admit right up front, regardless of what your political background is or what party you're with, that it's a tragedy when somebody finds himself there. And I want to say, why would you want to add a second tragedy to an already very tough situation? I don't condemn anybody that's ever been through that. But I want to say let's not add more tragedy to a very tough situation. An ad from Women Vote Project says Budd 'helped write legislation to outlaw abortion nationwide with no exceptions for rape or incest  a law that could even put doctors in jail.'"
0,"Let's ask Rupert Murdoch  So how can the election have been 'fair and balanced' if Los Angeles County agreed, during litigation, that there were 2 million ineligible voters after the election? And that's just the tip of the iceberg. Our elections are Third World! Having ineligible voters on voting rolls is a clear threat to election integrity. If President Trump took my class, his posting on Truth Social would receive an 'F.' Los Angeles County agreed, during litigation, that there were 2 million ineligible voters after the election."
1,"Walker wants a nationwide ban on abortion. He says he doesn't support reproductive choice. He said no exceptions, which is a rather curious position for him to take. He said not even for rape or incest or life of the mother."
1,This year West Virginia produced more AmeriCorps members than any other state.
0,You signed a bill last year eliminating the requirement for Texas schools to teach about MLK's 'I have a dream' speech. signed a bill last year eliminating the requirements for Texas schools to teach King's 'I Have a Dream' speech.
1,"#Bidenomics has led to mortgage rates hitting a 21-year high over 7%. The hope of buying a home continues to shrink under this administration. Bidenomics' is certainly not a science and certainly not something to celebrate. West Virginians are getting less, while spending more because of this administration's reckless economic policies.
Bidenâ's increases in federal spending... have proved to be a major contributing factor to high inflation."
1,"There's never been a leak of a vote -much less an actual opinion, much less in a case of this significance."
1,We know that only 20% of African Americans had jobs where they could work from home during COVID. 
0,"So, the mayor of Springfield, and I think he's a very nice person. But instead of saying, 'We're getting them all out, we're getting them out,' he says very simply, 'We're hiring teachers to teach them English.' Could you believe it? We are hiring interpreters. So, when they go to school and take the place of our children in school, we have an interpreter. Each one will have a private interpreter. When Haitians go to school in Springfield they take the place of our children in school. Each one will have a private interpreter."
0,"The provided text does not contain any quotes from Instagram posts. It primarily discusses a video and its context regarding misinformation but does not include direct quotes from social media. If you have specific Instagram posts or quotes you would like to analyze, please provide them, and I can assist you further."
0,"Those classified documents, those stolen documents, the nuclear codes' they were all placed there by the government. The government had possession of them, and they shipped them to Trump.  They are planting the evidence. Bombshell: Biden had pallets of classified docs sent to Mar-a-Lago before FBI raid!. Trump was setup."
1,"Greg Abbott is the single greatest driver of inflation in the state of Texas. Under Greg Abbott, property taxes have gone up $20 billion."
1,Bill Nelson actually wrote the bipartisan law that makes it illegal to drill off Florida's coast.
0,"Voten correctamente. Por que al final tu quieres a alguien que te represente y apoye los valores y ayude a solucionar nuestros problemas. Marco Rubio le ha votado en contra a los Dreamers, jóvenes inmigrantes traídos a Estados Unidos de pequeños, para que pueden tener una oportunidad digna a su ciudadanía. Al hacer esto le está tronchando sus sueños y su futuro. Marco Rubio le ha votado en contra a los Dreamers."
1,Horrifying to think that millions of Americans have to worry about losing their housing in the middle of a pandemic.
0,"This town has been ravaged by 20,000 migrants coming in. Health care costs are up, housing costs are up. Communicable diseases like HIV and TB tuberculosis have skyrocketed in this small Ohio town. In Springfield, Ohio, there has been a massive rise in communicable diseases. Communicable diseases like HIV and TB have skyrocketed."
0,"Earlier this month, the Biden administration kicked 2,000 displaced North Carolinians out of their temporary housing into freezing 20-degree weather. Under the Trump administration, the days of betrayal and neglect are over. The Biden administration kicked 2,000 displaced North Carolinians out of their temporary housing into freezing 20-degree weather."
0,"They used COVID to cheat and they did a lot of other things, too. Democrats used COVID to cheat. They illegally changed the rules in the key states and mailed out millions and millions of absentee ballots all over. Cheating is fraud, like stuffing a ballot box or altering vote totals. This clearly was not cheating and was legal and resulted in a strong but not unusual turnout notwithstanding the pandemic."
1,"Joe Biden will again politicize coronavirus today. But his record on pandemics is one of incompetence. During the 2009 swine flu outbreak, Biden made reckless comments unsupported by science & the experts. The Obama Admin had to clean up his mess & apologize for his ineptitude."
0,They now want to quadruple your taxes. Are there taxpayers that could face a quadrupling of their tax liability? Possibly. to quadruple your taxes.
0,"They're being given a cellphone, a plane ticket to wherever they wanna go in this country  and a $5,000 visa card. We have our government giving people who came into this country illegally $5,000 gift cards. That's the truth, folks. The way that they're keeping this away from the American people is they are giving money to nongovernmental organizations who swoop in as soon as they're processed, and they're sending them off on an airplane to wherever they wanna go, giving them a phone and giving them Visa cards up to $5, I get this information from sources that are right inside of there. Including guys that work with Border Patrol who are fed up with what their government is doing. We have our government giving people who came into this country illegally $5,000 gift cards."
0,"something which could play a key role in a confrontation with an aggressive Russia. Finally: The U.S. & Elon Musk reveal new hypersonic jet to help Ukraine. Now the time has come for a hypersonic aircraft. often half-jokingly referred to as 'Saint Elon.' keeps many Ukrainians, most importantly the military, online despite power outages and Russia's on the country's internet infrastructure."
1,"The people of Wisconsin are ready for cannabis reform. It is supported by the majority of the residents of our state, including a majority of Republicans."
1,NAFTA was a disaster. We lost thousands of plants. We lost millions of jobs. NAFTA was a disaster.
0,"Under Greg Abbott's leadership, Texas is putting taxpayer dollars into Chinese companies. It seems extremely unlikely that Governor Abbott is personally directing any of the investment choices of the various Texas state and local pension funds. Extremely unlikely. Under Greg Abbott's leadership."
0,"When half of American high school students are not familiar with the Holocaust, is it surprising that we're in a circumstance now where they do not understand why there must be one nation in the world with a Jewish majority that  Jews can take refuge in? Half of American high school students are not familiar with the Holocaust."
1,"Thanks to President Trump and Republicans over the past year through July, U.S. manufacturing added 327,000 jobs, the most of any 12-month period since April 1995, when the figure added a healthy 345,000 positions."
1,Pot today is not the weed baby boomers were smoking.
0,Meet Luana Stoltenberg. She originally LOST her race for Iowa State House when Machines declared the Democrat the Winner. A Hand-Recount later reversed the results and gave Luana the WIN. I'm old enough to remember when an Obama judge dismissed my case against Machines.
0,"Similar chaos yesterday in Tennessee, where hundreds protested at the Capitol there, calling for a gun ban and berating the Republican-led legislature. They even made their way onto the state Capitol floor. The people on the floor were elected officials."
0,It is harder to buy Sudafed than an AR-15 in Maine. IT IS HARDER TO BUY SUDAFED THAN AN AR-15 IN MAINE.
0,Justice Paul Newby is out here removing judges who were elected to their positions by the voters of North Carolina!!! Don't tell me Republicans believe in free and fair elections and representation. Their actions say otherwise!
1,"Holyman-Sigal said in a statement that ""nearly a quarter million birds in New York City, and more than one billion across the country, die each year from collisions with buildings."""
0,"To the Left, citizenship is meaningless. Illinois is now letting illegal aliens become police officers."
0,"The Olympic Committee has decided this year coming up that all the Olympic sports can make their own decisions to let men play in women's sports. Well, the first one decided the other day, that the boxing committee decided this year that men can box against women in the Olympics. The Olympic boxing committee decided this year that men can box against women in the Olympics."
1,"Wisconsin is currently seeing an influx of new residents, Illinois is seeing an outflux."
0,"I changed the Obama policy, and we had a very good policy. And then Biden came in and he changed it. And then when I came in two days, three days ago, I signed a new order, bringing it to the highest level of intelligence. I changed the Obama policy and then Biden came in and he changed it."
1,"These laws got a new life in 2005, when the Bush administration decided to charge those that crossed the border with criminal violations, rather than civil ones."
1,Mr. Finchem wants to strip Arizonaâ's citizens of their capacity to vote by mail.
0,"In 1992, this country made a promise to Ukraine. We said, 'If you return nuclear missiles that were part of the old Soviet Union to Russia, and they invade you, we will protect you.' In 1992, this country made a promise to Ukraine. We said, 'If you return nuclear missiles that were part of the old Soviet Union to Russia, and they invade you, we will protect you.'"
0,I have confirmed that all of the satellite weather data for the day of the Iranian president's crash has been removed.
0,"I would not run for president if President Trump ran, and I would talk to him about it.""  Nikki Haley, April 12, 2021
It's time for a new generation of leadership.  I'm Nikki Haley and I'm running for president.""  Nikki Haley, Feb. 14, 2023
I don't think he's going to be in the picture.""  Nikki Haley"
1,"My opponent, Rick Gunn, blocked the expansion of Medicaid, costing half a million people health insurance, including at least 23,000 veterans."
0,"Tim Sheehy wants to take away the freedom to choose what happens with your own body, and give that power to politicians. Sheehy would let politicians like him ban abortion, with no exceptions for rape or to save a woman's life, and criminalize women. We can't let Tim Sheehy take our freedom away. Reproductive health care decisions are between patients and their doctors, not politicians. Tim Sheehy wants to let politicians decide by allowing them to ban abortion, with no exceptions for rape or even to save a woman's life. Taking this position opens the door to Montana legislators enacting a no-exceptions policy. Sheehy would let politicians like him ban abortion, with no exceptions for rape or to save a woman's life, and criminalize women."
0,"Every voter in Minnesota needs to know that when the violent mobs of anarchists and looters and Marxists came to burn down Minneapolis four years ago, remember me? I couldn't get your governor to act. He's supposed to call in the National Guard or the Army and he didn't do it. I couldn't get your governor. So, I sent in the National Guard to save Minneapolis. I can't stand back & watch this happen to a great American City, Minneapolis. A total lack of leadership. Either the very weak Radical Left Mayor, Jacob Frey, get his act together and bring the City under control, or I will send in the National Guard & get the job done right ..... These THUGS are dishonoring the memory of George Floyd, and I won't let that happen. Just spoke to Governor Tim Walz and told him that the Military is with him all the way. Any difficulty and we will assume control but, when the looting starts, the shooting starts. Thank you!"
1,"The federal Substance Abuse and Mental Health Administration announced on Monday that West Virginia will be receiving $330,000 in additional funding, as our state has the highest overdose death rate in the nation."
1,The 2018 Academy Awards show was the lowest rated Oscars in HISTORY.
1,George Washington mandated smallpox vaccines for the Continental Army.
1,The rainy day fund that we have is $320 million. That's much more than what it has been in the past.
0,"Bryan Steil is part of a group that wants to cut Social Security and Medicare, that would be devastating. I earned my Social Security and Medicare benefits. Not given, not entitled, earned. Bryan Steil has no business touching them. which has proposed a federal budget which would cut $718 billion from Social Security, raise the retirement age, and more. recklessly misleading. While the congressman is a member of the Republican Study Committee, the 177 members of the group have widely differing views on many issues. Congressman Steil strongly supports Social Security and Medicare and opposes plans to cut them. would vote against it and recommend others do the same. We will not now or ever support cutting or delaying retirement benefits for any senior in or near retirement. modest adjustments"" to the retirement age to receive full benefits ""to account for increases in life expectancy. "
0,"They have already started cheating in Lancaster. They have cheated. We caught them with 2,600 votes. We caught them cold, 2,600 votes. And every vote was written by the same person. I wonder how that happened? It must be a coincidence. caught with 2600 Fake Ballots and Forms, all written by the same person. We caught them with 2,600 votes. We caught them cold, 2,600 votes, and every vote was written by the same person."
1,"We are No. 1 among all large states in having fully vaccinated teenagers. We are No. 2 in all large states for having fully vaccinated 5- to 11-year olds We're just a little bit behind Illinois, so I think we can surpass this. We'd like to be No. 1 in everything we do"
1,Immigrants make up a majority of essential workers in places like New York City. They're on the front lines of the battle against this pandemic.
0,You have people that are teaching  and actually his running mate has said this in the past  that teaching the United States was built on stolen land. That is inappropriate for our schools; it's not true. the United States was built on stolen land.
1,"From 2010 to 2017, natural gas production plummeted by nearly 70 percent in New York, but it soared almost 1,000 percent in Pennsylvania."
1,"""I want you to think about if you were a student, and this block was a college campus, if you would be punished for some of the actions that you do on a daily basis. Did you know that on most campuses, you cannot destroy a chalked message unless you were the one that wrote it?"""
0,"Exposed! Pfizer CEO says it's their dream to reduce the population by 50 percent in  I think that it's really the fulfillment of a dream that we've had, together with my leadership team when we started in '19  the first week we met, in January of '19 in California  and set up the goals for the next five years. And one of them was, by 2023, we will reduce the number of people in the world by 50%. I think today, this dream is becoming reality. I think that it's really the fulfillment of a dream that we've had, together with my leadership team when we started in '19  the first week we met, in January of '19 in California  and set up the goals for the next five years, and one of them was, by 2023, we will reduce the number of people in the world that cannot afford our medicines by 50%. I think today, this dream is becoming reality."
1,United States is #1 in oil consumption in the world.
0,"It was a heart-stopping moment. She was asked about gasoline prices and inflation in America and she tried to defer to President Duda, the Polish president. It is truly horrifying to think that the vice president of the United States lacks confidence so extremely on our domestic issues that she wants the president of Poland to discuss our gas prices and our inflation. And then she starts stammering about the Black Sea and reading her notes."
0,"I've not gotten a single call from the White House, but this man and his team have been in touch with us from Day  I didn't realize I had gotten it. There has been a lot of extra calls that we've had to make that we shouldn't have had to make. As we were there in the disaster area, I would get grabbed by somebody saying, 'We've not heard from anybody on this' and wanting to know an answer. The folks on the ground from FEMA who are working? They are hardworking people who are trying to help folks here."
1,"Biden said the better answer is to give police departments the resources they need to implement meaningful reforms, and to condition other federal dollars on completing those reforms. By the way, Trump proposes cutting a half a billion dollars of local police support."
0,"I heard there were about a half a dozen of them. Whether there are more than that, I do not know. Hope that's clear enough for you."
0,"We face serious challenges across the world. But in the past two years, democracies have become stronger, not weaker. Autocracies have grown weaker, not stronger. From a global perspective, the year 2022 was a disappointing one for democracy, given expectations that there might be a rebound in the overall index score as COVID-19 pandemic-related prohibitions were lifted over the course of the year. Instead, the average global score stagnated."
0,He wanted to raise the gas tax up 25 cents.
1,"Biden dismissed Sanders' argument that Biden is winning because corporate interests want him to. Biden said Bernie. You've raised a lot more money than I have, Bernie."
0,"The most shocking thing in the Hoag analysis was that a child ages 12-17 is more likely to be hospitalized with myocarditis than taking your chances with COVID and ever getting hospitalized with COVID. It's a no-brainer, to put it simply. Don't get COVID if there's a way to avoid it."
1,Biden drained America's Strategic Petroleum Reserves to the lowest level since 1984.
0,"Tim Ryan called police the new Jim Crow, which I think is insulting to Black Americans, but it's also insulting to the police officers who are keeping communities of all colors safe. There are legitimate concerns that a lot of Black Americans have that they're not treated fairly by some members of the police. Tim Ryan called police the new Jim Crow."
0,"John Campbell's gonna tell you what the real death rate is in the U.K., and the answer is going to surprise you. So you mean all the stuff that they've been saying for two years straight about the death rate has been bull-? We use the term 'due to COVID-19' when referring only to deaths with an underlying cause of death of COVID- In other words, if COVID-19 is mentioned on the death certificate, it is always part of the cause of death, either on its own or in combination with other health conditions. Total deaths from COVID MUCH LOWER than reported."
1,You've probably seen how ecstatic the far-left has been the last 24 hours. First there was a poll showing Francis Beto O'Rourke within 2pts(!) of Senator Cruz.
1,"Seismic airgun blasting was 16,000 times louder than his airhorn."
0,"Our economy is ranked number one of all 50 states by CNBC. We lead the nation in net in-migration. Income growth is top of the charts. No. 1 in education. So, we've shown how it's done. And we need to bring that same level of success to the United States of America. Income growth is top of the chart. In Florida, income growth is top of the chart."
0,"He's trying to change his story to get elected. On issues of life, that is nonnegotiable for me. Abortion is not an issue of choice. It is an issue of life and I am proudly pro-life. We need to do everything possible to support and encourage young mothers who are considering abortion to pursue adoption or to recognize the value of life and raise the child they have been blessed with. You know, I would love to see fewer abortions. I am pro-life. And you know, with exceptions for those tragic cases in which there is rape, incest, or a threat to the life of the mother, but I think we can do better in helping to sort of create a pathway for adoption. Yes, Amy and I are pro-life. We believe in exceptions for rape, incest and the life of the mother. It is our hope that women choose life, and more families experience the joys of parenthood."
0,You know how many children are dying across Virginia because of fentanyl poisoning? A heck of a lot more than are dying at the hands of firearms.
1,"After a decade of progress, the rate of uninsured children is now rising."
1,"Barrett has a written track record, disagreeing adamantly with the Supreme CourtÕs decision to uphold the ACA. In fact, she publicly criticized Chief Justice RobertsÕ opinion upholding the law eight years ago."
1,Food stamp enrollment drops by four million in one month.
1,Underreported fact: President @realDonaldTrump raised more in small dollar donations than Obama in 2012 and than Clinton and Bernie combined!
0,"I actually pushed the Deficit Reduction Act. That was the last time we actually reduced the national debt in the United States, when I was the leader of House conservatives."
0,"So after 50 years of being virtually empty, I built up our oil reserves during my administration, and low energy prices, to 100% full. It's called the Strategic National Reserves, and it hasn't been full for many decades. In fact, it's been mostly empty."
1,"Until this week, they werenÕt even enforcing these guidelines. Still today, OSHA is not specifying which rules employees must follow or how to keep their workers safe and healthy, said Biden, criticizing the Occupational Safety and Health Administration (OSHA) under the Trump administration."
0,"Over the course of two months, Tony Evers refused to remove Schmitt from the Board despite having the authority to do so. shouldn't have let this situation perpetuate for as long as it did."
0,"After Roe was overturned, the rights of millions of women were taken away. And Adam Laxalt called that a 'historic victory.' He'd let Nevada and other states ban abortion with zero exceptions. He's not for us. The people of Nevada have already voted to make abortion rights legal in our state, and the court's decision on Roe doesn't change settled law. I'm a constitutional conservative lawyer, and Roe v. Wade was always a joke. It was a total, complete invention  It has created decades and decades of political turmoil, not to mention the most important thing, that it is allowed across the country. So, I think its return back to the states is important. would let Nevada and other states ban abortion with zero exceptions."
1,"Donald Trump himself wrote a book where he was talking about the need to increase the age of eligibility for Social Security to 70 and said people shouldnâ't be worried about retiring, just keep working. That's what his words were."
0,Their plan would cut Social Security benefits. I thought Republicans agreed not to do this a couple times. But they're back at it. Average benefit cut would be 13%. Their plan would cut Social Security benefits.  Average benefit cut would be 13%. commit to taking cuts to Social Security  off the table.
1,Update: these 2 Ankeny moms standing next to the Governor are known Qanon and anti-vaxx conspiracy theorists. They were stars at that crazy 'Health & Freedom' anti-mask conference in Oklahoma. The signature on her poster is Lin Wood. This [is] who Kim Reynolds credited for her bill.
0,"I think the largest contributor to the debt ceiling, or to our deficit, has been the Trump tax cuts. The largest contributor to the debt ceiling...has been the Trump tax cuts."
1,"Background checks just make sense. Turns out that 90% of policemen are for it, 90% of gun owners are for it, the overwhelming majority of members of the National Rifle Association are for it. And yet this president and the leader of the Senate refuse to act."
1,Hannity tells radio audience that Beto O'Rourke is asking for help in getting undocumented to vote.
1,We came back from the Great Recession and worked hard for eight years to put Atlanta's finances in a good place. Atlanta is on its strongest financial footing in 40 years.
0,"a weak record  defund police, abolish ICE and now a completely open border policy. referencing the movement of the Left, not a specific reference to Ms. Brown Jackson."
1,"Kamala Harris said If Donald Trump wins in November, he will once again implement policies that target the LGBTQ community. Just look at what he did his first term in office. He took away protections against discrimination for LGBTQ patients under the Affordable Care Act."
1,WOW county swing suburban voters don't vote for Donald Trump.
0,"Here's what the people pushing this 'deal' aren't telling you: It accepts 5,000 illegal immigrants a day. This is one of the most widely mischaracterized provisions in the Senate bill. The Senate's border bill accepts 5,000 illegal immigrants a day."
0,"Whilst you were distracted by the Battle for Ukraine, documents were published confirming Moderna created the COVID-19 Virus. They calculated that the chances of a 19 nucleotide sequence patented by Moderna randomly appearing in Covid-19 in circumstances where it does not appear anywhere else in nature are 1 in 3 trillion. We understood from the beginning that this match could be random chance and stated this in the article very prominently. We are not casting aspersions on any person, company, or country. We do not control social media and therefore can't respond to it. It's an interesting coincidence, but nothing so amazing that it's slam dunk evidence of much of anything, much less that Moderna somehow predicted COVID-19 and patented the sequence. The claim is not supported by any believable data. We want to stimulate discussion amongst all concerned on both 'sides' of the issue to try to produce prospective experiments that can prove or disprove their hypotheses. That is the major purpose of our perspective paper."
1,"Within two years, there were two 500-year events."
0,"Giant corporations don't do things out of the goodness of their heart, they do things to make money. And that's exactly why they wrote Amendment Marijuana mega corporations spent 60 million bucks putting Amendment 3 on your ballot. Why? It entrenches their monopoly, bans homegrown pot and gives special licenses to corporations. They wrote it. They rigged it. And they are hoping you fall for it. Amendment 3 isn't the marijuana amendment, it's the monopoly amendment. Grandfathering medical marijuana treatment centers into the recreational-marijuana business is in and of itself special. There is no guarantee that the Florida Legislature will allow additional licenses. Amendment 3 isn't the marijuana amendment, it's the monopoly amendment."
0,"I'm saying this fully acknowledging that there are definitely qualified people in all backgrounds, all races, all religions, etc., etc. But there's never been a president that has made race and gender the defining factor. That's the difference here. there's never been a president that has made race and gender the defining factor."
0,Individuals released from incarceration are 129 times more likely to die of a drug overdose during the first two weeks after release. released from incarceration are 129 times more likely to die of a drug overdose during the first two weeks after release.
1,"I think a lot of people are going to be very angry that the health commissioner makes more than the governor, the vice president of the United States, and has a salary that is comparable to Dr. Anthony Fauci."
0,Breaking News: Black man insults Elon Musk at science conference  Instantly regrets it when truth comes out! stealing ideas from marginalized communities entirely fictional and crafted solely for entertainment.
0,Good on the thousands who showed up at Dodger Stadium to protest this anti-Catholic hate group. The virtually empty stadium for the game itself was a powerful image  Americans are fed up with the nonsense and are fighting back. virtually empty stadium for the game itself.
1,"Thanks to @realDonaldTrump & Republicans in the Senate who confirmed Kavanaugh. Remember, Manchin refused to commit to Kavanaugh until AFTER the Senate had the votes. Manchin piled on, he had no courage and empowered the Schumer circus."
1,Three Chinese nationals were apprehended trying to cross our Southern border illegally. Each had flu-like symptoms. Border patrol quickly quarantined them and assessed any threat of Coronavirus.
0,"The text provided does not contain any direct quotes from Kamala Harris. It primarily discusses her campaign's stance on the Affordable Care Act and includes quotes from Dr. Cesar Quintana and Donald Trump. If you have another text or specific quotes from Kamala Harris that you would like to analyze, please provide that information."
1,"Last week, I granted another 54 pardons, bringing our total to 391 -more than any Wisconsin governor in contemporary history. To find a governor who issued more, you'd have to go back to Julius Heil, whose term ended 79 years ago."
1,Overdose deaths in WV are up 45% from the prior year.
1,"It wasn't long ago (September 2019) that the Guttmacher Institute, a left-wing organization that advocates abortion, released a nationwide report revealing that Virginia, more than any other state, had the steepest drop in the number of abortions between 2011 and 2017."
0,"We're losing 300,000 people a year to fentanyl that comes through our border. We had it down to the lowest number and now it's worse than it's ever been."
0,"This is why we're seeing not only still most of the mainstream media very vigorously defending and pushing the Biden propaganda  It's not enough that they also have Google and Big Tech basically working for them and with them to control what information we see and what information we don't see  This is what's so dangerous about the place that we're in right now as a country, where this idea, this principle, this foundation of freedom of speech, freedom of expression is directly under threat and under attack. What's happening here is not so different from what we"
1,"The violent crime rate has risen, and the homicide rate has risen by more than 20 percent in just two years, really after 30 years of decline in violent crime."
0,"I think it is incomprehensible after China sent a balloon over strategic sites in the United States, and their ships cutting off our ships in the South China Sea, and their aircraft cutting off our aircraft in the Asian Pacific that President Biden literally sent the secretary of state hat in hand to go kowtow and ask for a meeting. I wouldn't have sent my secretary of state. I would have sent an aircraft carrier. And I would have said, 'You are going to knock this stuff off now, or we will send more until you want to sit down and have a conversation.' after China sent a balloon over strategic sites in the United States  President Biden literally sent the secretary of state hat in hand to go kowtow and ask for a meeting."
1,"The truth is, Gov. Evers has not 'acted quickly.' He has only gotten one-third of the money meant for COVID relief out the door. He is sitting on $930 million in ARPA funds left unspent. In fact, he still has CARES Act money from two years ago. What is he waiting for?"
1,"In Fiscal Year 2021 (FY21), 11,201 pounds of fentanyl were seized by Customs and Border Protection, which is enough to kill every American nearly seven times over."
1,West Virginia is sixth overall in the average number of at-risk youth. Let's turn this around and grow our workforce by supporting post-secondary training programs.
0,COVID-19 vaccines are experimental genetic therapy. They provide zero benefit relative to risk for the young and healthy.
1,Reckless driving and car thefts have been a major issue not only in Milwaukee County but also across the state with car thefts increasing in 8 of the 10 most populous counties.
0,"Mandela Barnes supports stripping health care away from millions and killing thousands of jobs across the country. As I've done throughout my career, I'll fight to bring common sense solutions to the United States Senate like a Medicare for all plan that helps us realize the dream of health care for every American. It would replace all other insurance, with limited exceptions, such as cosmetic surgery."
0,"So, with the revelation of MASSIVE & WIDESPREAD FRAUD & DECEPTION in working closely with Big Tech Companies, the DNC, & the Democrat Party, do you throw the Presidential Election Results of 2020 OUT and declare the RIGHTFUL WINNER, or do you have a NEW ELECTION? A Massive Fraud of this type and magnitude allows for the termination of all rules, regulations, and articles, even those found in the Constitution."
1,The current one is very misleading. The Railroad Commission of Texas has nothing to do with railroads. This would be like calling the Food and Drug Administration the Department of Transportation.
0,"I think President Biden has an incredibly strong record to run on. Consumer confidence is the highest it's been in years. So, the ground is moving in his direction. Consumer confidence is the highest it's been in years."
0,"In the next two years, we'll spend more on interest on our national debt than we do on the national defense. I have to tell you, for our national security, for our nation's well-being, we have to begin a conversation about common sense, compassionate reform."
0,"It's tough enough, so the idea that Sherrod Brown allowed transgender biological men to compete in girls' sports, it's unfair and dangerous. You're funding something, which is a vote to allow something to happen. voted to allow transgender biological men to compete in girls' sports."
0,"You can say right through the whole budget, $220 billion. How come New York  you have a state like California, spends $260 billion, they have twice the population of New York. So, why is New York such an outlier on our spending? The point being made is that New York's level of spending is unacceptably high, and aligns far too closely with California's given the huge discrepancy in population. California, with nearly twice New York's population, spends $260 billion to New York's $220 billion."
0,We need to build up our semiconductor independence. 95% of over-the-counter pharmaceuticals are coming from our enemy in China. We need to declare pharmaceutical independence.
1,"President Barack Obama's willingness to meet with North Korea is one of the most disturbing displays of Obama's  lack of foreign policy experience.  But in 2018, Hannity said President Donald Trump's  willingness to meet with North Korea is a huge foreign policy win."""
0,No one voted for Elon Musk. Spoiled crybabies across the country are protesting against America's golden age. Brats like them should go to prison. He who saves his Country does not violate any Law.
1,Walker supports a health care plan that would gut protections for pre-existing conditions.
0,"weak immigration policy Take the small town of Charleroi, which has grown by 2,000% due to an influx in migrants. Roads are dangerous, schools are overwhelmed and police are struggling to keep up with the surge. has grown by 2,000% due to an influx in migrants."
0,"Liberal Deidre DeJear refused to stand for police. Can you imagine what she would do as governor? While we can't fix attitudes in other states, we can certainly let our officers and officers across the country know that, in Iowa, they're welcome and will receive the respect and support they deserve."
1,"As of today, we have cut the flow of immigration by over half."
1,Serious concerns I have about Judge Kavanaugh in addition to the obvious health care & separation of power issues: He ruled that the Consumer Financial Protection Bureau was unconstitutional (reversed by full Circuit Court) & went out of his way to dissent against net neutrality.
1,"In fact, high Crimes and Misdemeanors is not defined in the Constitution and does not require corresponding statutory charges. The context implies conduct that violates the public trust and that view is echoed by the Framers of the Constitution and early American scholars."
0,"Trump can't vote for himself in the November election. He can thank Florida Republicans for that.
Trump would not have the right to vote until all the terms of his sentence had been satisfied."
1,The Republicans who control the Legislature have the power to overturn the order by joint resolution and they refuse to do it.
1,Twice as many children are in Border Patrol custody under Biden than Trump peak in 2019. The Biden Admin. is unprepared for the crises they have caused.
1,"If you are a gun store owner and you decide to go out of businessâ you retire, you don't want to do this anymore for whatever reasonâ you right now are allowed to convert your entire gun store inventory to personal use."
1,One thing we can all do right now is continue rising to the challenge of combating the pandemic head on. And we are. A larger percentage of Illinoisans have been vaccinated than in any other Midwestern state.
0,Crime is up under Governor DeSantis. Crime was down when I was your governor because we enforced the laws and made sure Floridians were safe. Crime is up under Governor DeSantis. Crime was down when I was your governor.
1,"Special Session costs you $50k, every single day. That's roughly the average teacher's salary in NC."
0,"Our intent is to continue to have a very robust foreign language program. Not in the same way that we've been doing, but through partnerships. We're looking at a new delivery system. Any student who wants to have a language experience at this institution will be able to have that language experience. Foreign languages are not a high priority nationally."
1,"Amazon and Apple already operate in states with various levels of voter ID laws, so the proposed voter ID amendment should not be a factor in deciding to open an Apple campus or Amazon headquarters in North Carolina."
0,"President Trump shut down Nord Stream He just shut it down. This is a giant pipeline coming from Russia into Europe. And then, what does Joe Biden do? Immediately gets in and approves, approves it. And then all of a sudden, Western Europe is totally dependent on Russia. Then Biden shuts down our LNG export capacity which would then supply it to our allies."
1,It's not currently legal for a New York State student to have a glass of fresh whole milk. We are losing an entire generation of students who don't know about appreciating a good glass of flavorful milk
0,Evers is a career politician. career politicians. contains an element of truth but ignores critical facts that would give a different impression.
0,"Thirty-two years together and you still take my breath away. Happy Valentine's Day, @MichelleObama! If there's one person I can always count on, it's you, @BarackObama. You're my rock. Always have been. Always will be. Happy Valentine's Day, honey! Happy birthday to the love of my life, @MichelleObama. You fill every room with warmth, wisdom, humor, and grace  and you look good doing it. I'm so lucky to be able to take on life's adventures with you. Love you! Love you, honey!"
0,"Yesterday, the House voted to cap insulin prices to $35/month, just $420 each year! Richard Hudson voted NO. We are aware that last night Richard Hudson changed his vote on capping the cost of insulin to $35/month after voting against this and other bills to reduce the cost of prescription drugs numerous times."
0,"Hottest year on record, huh? You ever been to the city in the summer? You ever walk around in your bare feet on a city sidewalk in August? It's hot. It can be 10 degrees hotter in the city than the country on the same day. The government's been placing thermometers to measure global warming on airport runways. No wonder we think the Earth's warming. We're literally cooking the books. Documents clearly show that 96% of U.S. temperature reporting stations are improperly located. Other climate agencies in the U.S. and around the world show the same thing. We think the Earth's warming because we're literally cooking the books."
0,Your Social Security will be destroyed by the people coming in. There's too many of them. It's not sustainable.
1,Proud to enter a bill today HB 563 allowing for 1/2 hour duty free lunch break for all Teachers.
0,Jackson says she gave pedophiles lighter sentences bc its different when they use computers vs mail to get volumes of child porn. This makes 'total sense' according to Jackson.
1,"We can stop this horrible practice where big pharmaceuticals pay off, they literally pay off, generics to keep the prices and the competition off the market."
1,Wisconsin's archaic abortion ban is older than 20 states.
0,"As a parent of three children in Milwaukee, and someone who drives these streets daily, I find the statistics around automobile accidents and vehicle thefts unacceptable. In 2021, 65 people in Milwaukee have lost their lives due to reckless driving accidents, and more than 9,000 cars have been stolen, double the amount in "
0,"Why is it that dead people always vote Democratic? registered, identified and alive. Dead people always vote Democrat."
0,"Over 1 million prisoners received COVID stimulus checks, thanks to Catherine Cortez Masto. She was the deciding vote to send your money to these criminals. Catherine Cortez Masto 'was the deciding vote' to send COVID-19 stimulus checks to more than 1 million prisoners."
1,"President Biden's irresponsible stimulus package sends stimulus checks to imprisoned murderers, rapists, and child molesters."
1,Black women are three to four times more likely to die (from childbirth) even when they have the insurance and the income.
1,"Women are also disproportionately impacted by voter ID laws -especially married women who change their names, or those whose IDs do not accurately reflect their gender."
1,"Glenshaw, this McDonalds is Refusing to serve truckers, because they can't drive through the drive-thru. The manager was disrespectful. They are out supplying (sic) are stores with food for all of us. They are out all night and can't eat or get a coffee?
Truckers are having a difficult time finding food on the road due to various closures because of the national emergency."
0,"Did we see 14,000 fired keystone pipeline workers fired on day one of the Biden admin paraded on 60 minutes? Nope, so spare me your tears for the bureaucrats losing their jobs in DC right now."
1,"After 30 years of Wisconsin's checking account running a deficit, we've ended every fiscal year I've been governor with a positive balance. Today, we have a $4.5 billion positive balance, and a record-high balance in our state savings account."
0,"We had a reelection the second time. We actually did much better than the first time. We won in Wisconsin, as you know, the first time. The second time we did much better. But I guess it was delayed. They found out a lot of wrongdoing. And after the wrongdoing was found, people said, 'Well, he actually did win.' after the wrongdoing was found, people said, 'Well, he actually did win.'"
1,Sixty percent of our children don't meet national proficiency standardsÉ
0,We are one of only a handful of states that actually taxes our veterans' retirement.
1,"Because of the No Surprises Act, no more surprise billing. No more. Millions of hardworking Americans will no longer have to worry about unexpected medical bills."
1,"Senate Democrats just voted to give stimulus checks to criminals in prison. They haven't lost their jobs, they aren't worried about paying rent or buying groceries."
1,"Rossi first showed up in Olympia decades ago. He went to work! Health care stripped from 45,000 children."
1,"""So, when you look at most American aid over the last few decades, what do we mean by American aid to other countries?""  The vast majority of it is military aid. And we sell arms to 60% of the world's autocrats. We are the world's largest arms exporters."
0,"Please remind your readers and your viewers that you can start voting in the primary already. North Carolina has the longest voting period in the country, because we're a military state, and we have the most ways of voting. North Carolina has the longest voting period in the country  and we have the most ways of voting."
1,"Just in the last four years, $80 billion in federal funding has come to West Virginia -$22 billion more than we've ever received. I was proud to fight for these historic investments in West Virginia's future!"
1,The insurance companies already have too many senators on their side. What a hypocrite. Claire McCaskill receives the second-most contributions from insurance companies in the entire Senate.
0,"With the historic Abraham Accords, I even made peace in the Middle East, we're gonna have peace in the Middle East. So, for four straight years, I kept America safe. I kept Israel safe. certainly a piece"" of the accords was to pressure Palestinians into peace negotiations with Israel.
""with the historic Abraham Accords, I even made peace in the Middle East."
0,"Well heck, I don't even know what's in it . . . It shouldn't surprise Iowans that Finkenauer doesn't know what's in the bill even though she supports it. She is saying the quiet part out loud  she will be a rubber stamp for Joe Biden's agenda. Iowans deserve to know if Bohannan and Mathis stand with their party's leaders on this disastrous legislation. This video was not edited in any way. Finkenauer said what she said, she doesn't know what is in Biden's Build Back Broke bill. Just because she is embarrassed of her poor response, doesn't mean she didn't say it."
1,Wisconsin lost over 600 farms last year & our farmers can't afford the #TrumpShutdown.
0,"Under the Obama-Biden administration, we invested hundreds of millions of dollars in the state of Florida replacing wooden power poles with steel poles, and we buried these electric lines. FEMA could in the future replace the wooden poles with steel poles. Under the Obama-Biden administration, we invested hundreds of millions of dollars in the state of Florida replacing wooden power poles with steel poles and we buried these electric lines."
0,"Hey Joe, YOU CLOSED THEM!"
0,Harris and Emhoff received $500 000 for tipping Sean 'Diddy' Combs off on upcoming police raids in March  managed to obtain a confession that Harris and Emhoff have contacted Sean 'Diddy' Combs prior to his arrest and received from him a cash payment for the tip. a New York lawyer acquainted with Emhoff shared the details of the deal.
1,"Bidenomics is hammering Americans -Credit card debt is above $1 trillion for the FIRST TIME EVER. Joe Biden, and the radical left's policies have hurt our economy, requiring families to rely on credit cards to make ends meet. We are all suffering the consequences."
1,"Let's talk about the facts and where we are today: There are still nearly 2,600 children who are separated from their parents."
1,"Because we don't have universal background checks, people who are a danger to others -including people who have been convicted of a dangerous felony or are subject to a domestic violence restraining order- currently can buy a firearm without going through a background check."
0,"the right is trying to make this about me again. The fact is that I had zero emails that were classified. I'm more tired of talking about this than anyone, but here we are. I can't believe we're still talking about this, but my emails never received nor sent any material that was marked classified. There is no one standard for classification. zero emails that were classified."
0,"We know her as 'Crooked Hillary,' but to Nikki Haley, she's her role model. I often say that the reason I got into politics was because of Hillary Clinton. Hillary Clinton is actually the reason. She is actually the reason that I made the jump. She said, 'And that's the reason you absolutely have to.' And I walked out of there and I said, 'I'm running for office.' You write about her being a big inspiration for you in terms of a leader. I don't have a single policy that I think I agree with Hillary Clinton on."
0,"I don't really care what happens to Ukraine, one way or the other. We didn't not serve in the Marine Corps to go and fight Vladimir Putin because he didn't believe in transgender rights. I am sick of Joe Biden focusing on Ukraine at the expense of dealing with problems on the border with Mexico. Biden risks war with Russia because Putin doesn't believe in transgender rights."
0,"Four years ago this month we saw how my predecessor didn't care much about science and reason. Trump didn't level with the American people. He told Americans all they had to do was inject bleach in themselves, remember that? Not a joke, you think I am making this up. Just take a real shot of UV light. Just take a shot of UV light."
0,The Philadelphia Eagles have declined their invitation to the White House. Discussions between Eagles players and their front office resulted in a 'massive no' when asked if they would accept an invite to the White House to meet President Donald Trump. Could be hopefully? fake news!
0,"Comrade Kamala Harris sees that she is losing, and losing badly, especially after stealing the Race from Crooked Joe Biden, so now she is increasingly raising her rhetoric, going so far as to call me Adolf Hitler, and anything else that comes to her warped mind. total degenerate made up a story out of pure Trump Derangement Syndrome Hatred. the enemy from within the enemy from within
""You f------ generals, why can't you be like the German generals? Well, Hitler did a lot of good things. I need the kind of generals that Hitler had."
1,We have the lowest corporate tax rate since 1968.
0,"Putin bombs Biden-owned villa in Ukraine while hammering biolabs & pedophile rings. These laboratories have recently played an important role in stopping the spread of COVID-"" - Andy Weber"
0,"Shootings across the state of New York are down 10% from one year ago. And we're outpacing the rest of the country  as you know, this is a national phenomenon, the gun violence, national phenomenon  we are outpacing the country, where on average across America, the drop is only 2%. The administration stands by the data Hochul cited."
0,"Kevin Adams wants to ban abortion in Virginia. Kevin Adams would be the deciding vote to ban abortion in Virginia. I am pro-life.
"
1,More than half of Virginia's school buildings are older than 50 years.
1,Getting access to a gun in America is easier than adopting a dog or registering to vote.
1,This election actually was not unusually close.
1,"In Houston, Texas, there are more brothels than there are Starbucks."
1,"Biden also warns of the potential effect if Trump is returned to office and again pursues repeal. ""That would mean over a hundred million Americans will lose protections for preexisting conditions"". "
1,"Sanders made a similar claim during a CNN town hall in late February when he said, We ended up winning among younger people. More votes from young African Americans, Latinos, Asian American, Native Americans than Clinton and Trump combined."
0,"We had a landslide election. We won every swing state. We won the popular vote by millions and millions of people. Nobody even knows how many people, millions, and they're still counting in some areas. We've got to fix the election so that we get honest counts and they get done by 10 o'clock in the evening or something thereabouts. There are places where they're still counting votes. They're still counting the 2024 election vote in some areas."
1,"Our economy isn't working for everyone when black Americans have 10 times less wealth than white Americans. Let's level the playing field by ensuring access to good jobs, higher pay, skills training, and a fair shot at economic success."
1,"We had a health care crisis in this state before COVID-19. Before the pandemic, nearly 1 in every 5 was without access to health care coverage. And now: 1 in 3. Nearly 1 in 3 Texans under the age of 65 don't have access to health care insurance because of the record unemployment and because of our health care model that is failing Texas."
1,"""This is, in fact, a health care crisis and there is nothing about this that is hypothetical,"" Harris told the crowd. ""Today in America, 1 in 3 women of reproductive age live in a state with an abortion ban."""
1,"The president knows this, which is why he has not given this Congress a single email, phone record or document."
0,the vaccine has been proven to have negative efficacy. Those who have received three doses of a vaccine and test positive for COVID-19 are more likely to be infected with infections compatible with the Omicron variant compared with those who are unvaccinated. the COVID-19 vaccines have been proved to have negative efficacy.
0,"In 2024 alone, GOP-controlled legislatures across the country have targeted birth control. Democrats pushed to 'withdraw' it from committee in order to get a floor vote as soon as possible, as opposed to waiting for the lengthy process through committee. Republicans never held votes  either on the floor or in committees  much less public hearings for the bill. GOP-controlled Legislatures like Wisconsin's have 'targeted birth control.'"
0,"I did not walk in the shoes of generations of students who walked these grounds. But I walked other grounds. Because I'm so damn old, I was there as well. You think I'm kidding, man. It seems like yesterday the first time I got arrested. Anyway. She said, 'Joey, didn't I call you about a month ago and ask you about Barack?' I said, 'Yeah, mom.' She said, 'Didn't you say to me you thought he was really bright and had a great deal of integrity and would make a good president if he was the nominee?' I said, 'Yeah.' She said, 'Joey, remember at 15 years old and that real estate agent sold a house to the Black couple in Lynnfield.'  This was in suburban sprawl, the neighboring neighborhood. 'I told you not to go down there because of the protests, and you went down and you got arrested because you were standing on the porch with the Black couple?' I said, 'Yeah, mom. I remember that.' Remember I told you not to go down, and the police brought you back because you were standing on the front porch with the Black couple?"
0,"The governor of Florida wants to move without any permits or any consideration, no requirements whatsoever, none for training. FACT: Permitless carry does not make you safer. States that allow concealed carry have higher gun homicide rates. DeSantis' bill would remove: background checks, instruction, training and oversight. If this bill passes as written, there will be no law in Florida requiring government oversight, instruction, training, or a background check to carry a concealed weapon. DeSantis' legislation would remove background checks, instruction, training and oversight."
1,"When Donald Trump lost the Iowa caucus to Ted Cruz in 2016, he immediately cried that Cruz cheated."
1,The VA negotiates prescription drug prices. Medicare doesn't do that.
0,"As you may have heard, Democrats in Congress recently passed a bill, soon to be signed into law by President Joe Biden, which provides $80 BILLION in additional taxpayer money and drastically grows the workforce of the Internal Revenue Service IRS by adding roughly 87,000 new agents. This massive expansion of the IRS will make it larger than the Pentagon, Federal Bureau of Investigation, Customs and Border Protection and the State Department combined. If Democrats have their way, one of the most detested federal agencies  the Internal Revenue Service  will employ more bureaucrats than the Pentagon, State Department, FBI, and Border Patrol combined. With the addition of 87,000 new agents, the IRS will be larger than Pentagon, Federal Bureau of Investigation, Customs and Border Protection and the State Department combined."
1,"With the ongoing pandemic, our State Park attendance is at the highest it's ever been."
1,"The average life expectancy for African-Americans in Saint Louis and Saint Louis County varies by as much as 18 years compared to the white population, with nearly half of all African-American kids under the age of 18 living in poverty."
1,"If the vaccine came out tomorrow, how in the heck would we get it to people? There is no game plan they have. States must be allowed sufficient time to absorb what has been learned in these pilots and customize it to their own specific state and needs."
0,"I've been a terrible liar on those subjects, and what I tried to convey to the American people is, I made mistakes. I never claimed to be Jewish. I've always made a party favor joke which  Piers, I've always made this as a party favor joke and I've done it on stages across this country. No, no, no, not falsely claiming I'm Jewish. I'd always say I was raised Catholic but I come from a Jewish family, so that makes me 'Jew-ish.' It's always been a party favor. Everybody's always laughed. And now that everybody's canceling me, everybody's pounding down for a pound of flesh. Well I never said I was! And I would always say, but my grandparents are on my mother's side, so I'm Jew-ish. That was always a joke. Everybody used to laugh it up. I said it to a room with 1,000 people in November. People were hysterically laughing. It was funny to them. They loved it. I beg to differ, when we were at the RJC in November. I am a Latino Jew. I'm a good old Catholic, right, but with a Jewish mother. I am half Jewish, half Catholic. I'm halachically Jewish. I'm going to be one"
0,"sponsored Bloomberg's red-flag gun confiscation law, letting the people reporting your social media posts send SWAT teams to your house to take your guns. the people reporting your social media posts send SWAT teams to your house to take your guns."
1,I have been ranked as one of the most bipartisan Senators by Georgetown University over the last 25 years from any state of either party.
1,"Everyone please be careful -whether you are vaccinated or not. My husband (vaccinated, but positive) has been waiting 2+ hours for monoclonal therapy and he says he has never seen people so sick. Moaning, crying, unable to move. I hate to see it, and I hate to say it, but we need more pictures like this showing the reality of the situation."
0,"Five million more people voted than were registered to vote. And that's according to the U.S. Census Bureau. There's a problem. We need to investigate it. The Jan. 6 commission should be investigating that instead of some sort of false accusation of some sort of insurrection. 5 million more people voted than were registered to vote"" in the 2020 election."
0,"Wisconsin Republicans will introduce a nonpartisan redistricting plan based off the Iowa Model. This plan has been hailed as the 'gold standard' redistricting model by Democrats and Republicans alike. Republicans, Democrats, and the Governor pushed this plan last time redistricting happened in  Wisconsin Republicans will introduce a nonpartisan redistricting plan based off the Iowa model."
1,"In one of the more recent years in Milwaukee, our police department collected more guns per capita off the streets than in New York."
1,"Wisconsin is a Top 10 state for healthcare coverage."""
1,"U.S. Sen. Katie Britt, R-Ala said: ""and what does President Biden do? Well, he bans TikTok for government employees, but creates an account for his own campaign. You canâ't make this stuff up."""
0,"In Montana, we cherish our public lands. But Tim Sheehy called to transfer them off, so the ultra-rich can buy them up. In Montana, we value our privacy and freedom. But Tim Sheehy wants to let politicians come between a woman and her doctor. Public lands are federally managed, which means the federal government shoulders the costs of maintaining that land. When lands are transferred out of federal management into state- and local-level management, the state cannot afford to shoulder the costs, and the lands are consequently sold off to private entities. In Montana, we cherish our public lands. But Tim Sheehy called to transfer them off, so the ultra-rich can buy them up."
0,We have 85 million Americans who have no health insurance. we have 85 million Americans who have no health insurance.
1,"""Palestinians in Gaza are enduring horrifying levels of hunger and suffering"". United Nations Secretary-General Antnio Guterres said March 18. ""This is the highest number of people facing catastrophic hunger ever recorded by the Integrated Food Security Classification system -anywhere, anytime"". ""We must act now to prevent the unthinkable, the unacceptable and the unjustifiable""."
1,Regulating and taxing marijuana -much like we do alcohol -would generate more than $165M in revenue starting in 2022.
1,"The poverty rates for African Americans and Hispanic Americans it's been incredible, they've all reached their lowest levels in the history of our country."
1,Welcome 2 Pres Bidenâ's America where inflation is costing households an extra $175 a month.
0,"These Hamas attacks are a disgrace and Israel has every right to defend itself with overwhelming force. Sadly, American taxpayer dollars helped fund these attacks, which many reports are saying came from the Biden Administration. Crooked Joe Biden must take back and freeze the 6 billion dollars right now, before it is too late."
0,"was originally located in the 'soft perimeter,' they called it, security-wise was shifted, understandably so, to the 'hard perimeter.' You really don't want to be in the 'hard perimeter.'"
1,"West Virginia has one of the greatest percentages of veterans of any state, and I am absolutely committed to supporting them. In the next four years, it will remain a top priority for me as Governor to take care of our Veterans."
0,Young Americans across this country are no longer proud to be American. I am. 
0,"The reason I got into politics was because of Hillary Clinton. So, Haley raised taxes like Hillary. Overall, the tax package was not a tax increase but the 2006 property tax relief package prioritized homeowners and thus shifted more of the burden to businesses and renters, since they did not receive property tax relief but still faced higher sales tax burdens. I'm going to veto anything that is a net tax increase. I'm just not going to have it when you've got $3 billion in new money. I'm not going to do that to the taxpayers of this state. If we do all of those things, we will have better roads and a stronger economic engine for our people. That's a win-win. Haley raised taxes."
0,"February 14, It could be the day everything changes. And the most unsettling part. The Simpsons already predicted it. In a little remembered episode, 'The Simpsons' show a shocking scene. A character eerily similar to Donald Trump lies in a coffin, surrounded by political figures in complete silence. The strange part  a clock in the background shows 2:"
0,"Ayotte sat on corporate boards where they bought up companies, gutted them and then pocketed the profits. Under Ayotte, they laid off 18,000 workers at one company. At another, they laid off 1,200 American workers, moving jobs overseas. All while Ayotte raked in $5 million. A New Hampshire Democratic Party ad said that when Ayotte was serving on corporate boards, one company 'laid off 18,000 workers' and another 'laid off 1,200 American workers, moving jobs overseas.'"
1,"And I might point out when it comes to climate change, we cut New York City's carbon footprint twice as much as the rest of the country, and we can do that again, Bloomberg told a crowd at the opening of his campaign headquarters in Charlotte, N.C."
0,"I think I have the power to end this war, and I think it's going very well. But today I heard from Ukraine, 'Oh well, we weren't invited.' Well, you've been there for three years. You should have ended it three years you should have never started it, you could have made a deal. Zelenskyy started the war in Ukraine with Russia."
0,Cities in notoriously 'tough on crime' states like Texas and Florida saw a more significant increase in violent crime than cities in NYS.
0,"Thanks to failed Dem policies, beer is 1% more expensive. Johnson maintains policies enacted by Democrats have been the root cause of inflation  driving up the cost of goods such as eggs, milk and beer. Biden policies 'helped fuel' inflation."
0,"Americans were promised a secure retirement. Nikki Haley's plan ends that. Haley's plan cuts Social Security benefits for 82% of Americans. A firm limit at age seventy makes sense for people now under forty. We're living longer. We're working longer. New medicines are extending healthy human life. Besides, how many times will you really want to take that trailer to the Grand Canyon? The way the workweek is going, it will probably be down to about twenty-five hours by then anyway. This is a sacrifice I think we all can make. A Trump campaign ad claimed Haley's plan 'cuts Social Security benefits for 82% of Americans.'"
1,Top CEOs are making 300 times the average worker.
1,"I want to get rid of these assault weapons. But maybe we can find common ground on just limiting who can get access to them, maybe say you have to be 21 instead of 18, seeing that most of these killers tend to be 18, 19 years old."
0,"What they did was criminal, that's why they got pardoned. They deleted and destroyed all of the information that they collected over two years. And you know why? Because it proved I was right. All of that information was deleted and destroyed. They deleted all of the information having to do with the 10,000 soldiers that I offered to Nancy Pelosi, and she's now on tape admitting it. destroyed all evidence, they deleted everything, there's virtually nothing left. destroyed all of the documents, they deleted all of the information, there's no information. deleted and destroyed all of the information that they collected over two years. all records from the entire investigation were destroyed."
1,West Virginia will receive $25M for 160 orphaned well clean-up projects across the state. This funding from my Bipartisan Infrastructure Law will make our communities safer and healthier while revitalizing rural economies throughout West Virginia.
1,The average bridge in Missouri is 48 years oldâ most were only designed to last for 50 years.
1,"So, Florida passed this political anti-discrimination statute, which I applauded at the time. It said if you operate internet companies, this includes streaming services like Disney does, that you canâ't engage in viewpoint discrimination. Now, hereâ's the funny dirty little secret of that. They wrote into (it) a last-minute exception into that law for anyone who also operates a theme park more than 25 acres in the state of Florida. Thatâ's crony capitalism. DeSantis is now railing against crony capitalism, yet DeSantis was the one who actually passed that into law for the case of Disney. So, I think that undermines the credibility of his crusade."
1,"She voted against equal pay for women. She voted against the Reauthorization of the Violence Against Women Act, which attempts to protect women from domestic violence, stalking, and date rape."
1,"Our country & Constitution was built on a foundational separation of church and state. Today, #SCOTUS ruled public fundsâ taxpayer dollar-can go to religious schools. I think it's time the church and state get a constitutionally-mandated divorce."
1,Texas is one of the most gerrymandered states in the union.
0,"When I came into office, Iran had $70 billion in foreign exchange reserves. It was loaded up with money that's from Obama. His piggy bank was full and it was also full of terrorists. By the time I left, they had nothing. They were broke. They were broke. When I came into office, Iran had $70 billion in foreign exchange reserves.  By the time I left, it was nothing. They were broke."
1,"To anyone living in fear of the myth of wages growing too quickly, itâ's been over 50 years since minimum (wage) and inflation parted ways, then over a decade since the federal minimum went up at all."
0,"That's always been my game plan. I will say I never expected this to happen, though. The reality has changed from what I thought it would be in  probably my preference now It is not a decision I have made lightly. Having already experienced a growing level of vitriol and false attacks, I certainly don't expect better treatment in the future."
1,"
A longtime Republican donor, DeJoy has given over $400,000 to Republicans just this year. Coincidentally, DeJoy and his wife have between $30 and $75 million in assets of direct competitors to the United States Postal Service."
0,Number one: it costs money.  We estimate $41 million dollars. The universities would get to keep the $41 million. All tuition in the state goes directly to the universities. Florida's in-state college tuition waiver for immigrants in the country illegally costs the state $41 million.
0,"supports abolishing ICE. The repeated violence perpetrated by Customs and Border Patrol and ICE prove time and time again that these agencies cannot be reformed and must be abolished. Simply holding up a T-shirt that was given as a gift does NOT equate to supporting a policy. We need comprehensive immigration reform that secures the border and also includes a path to citizenship. I am not a part of the Abolish ICE movement because no one slogan can capture all the work we have to do. But I do support comprehensive reform in our immigration agencies that protect our borders while establishing a pathway to citizenship and ensuring no one coming to this country has to experience traumas like family separation. I'm not in any one person's camp, but I respect what they both bring to this important conversation."
0,"I think the plan all along was to get the serpent's, the evil one's DNA into your God-created DNA. They're using mRNA, which is mRNA extracted from, I believe, the king cobra venom, the king cobra venom. And I think they want to get that venom inside of you and make you a hybrid of Satan. If you got bit by a rattlesnake, would you go to a hospital and get antivenom? I realized all of a sudden that monoclonal antibodies are anti-venom. The federal government doesn't want us using anti-venom. Why are they bashing anti-venom, and why are we finding anti-venom works against COVID? Is it not a virus? Is it a venom? He seems to grab at phrases and fragments of findings and then weave them into a distorted picture. I realized how they've been spreading this. COVID-19 is a synthetic version of 'snake venom' that evil forces are spreading through remdesivir, drinking water and the COVID-19 vaccines to 'make you a hybrid of Satan.'"
0,"Well here's something you may not know your tax dollars are being spent on: unused border wall materials. guarding these materials costs millions of dollars per day. that the Biden administration is currently spending taxpayer money on as a result of President Biden's decision to cancel the border wall, which was already under construction. unused materials remain at construction sites, and that taxpayers are footing the bill to guard these materials."
1,GOP Rep. Leonard Lance of New Jersey was rated among the most bipartisan in Congress.
1,Milwaukee is on pace for a third straight homicide record. The rate has nearly doubled in the past two years.
1,"Richard Mentor Johnson, a plantation-owning lawyer from Kentucky, inherited from his father an enslaved person named Julia Chinn. He fathered her two daughters; they openly cohabitated until Chinn died of cholera in 1833. Johnson was apparently fond of her, but it is impossible to know how she felt about the arrangement, as owners raped slaves at will."
1,Biden said that the Obama administration tried to close Guantanamo. But it was missing one thing. You have to have congressional authority to do it.
0,BREAKING FROM TRUMP: BIDEN'S DOJ WAS AUTHORIZED TO SHOOT ME! It's just been revealed that Biden's DOJ was authorized to use DEADLY FORCE for their DESPICABLE raid in Mar-a-Lago. You know they're just itching to do the unthinkableJoe Biden was locked & loaded ready to take me out & put my family in danger. Biden's DOJ was authorized to use deadly force and was ready to take me out in its raid of Mar-a-Lago.
1,"Here we go. New CDC guidelines for reopening schools: Wear masks over the age of 2. No sharing of any items or suppliesÑeach studentÕs belongings must be kept in individual cubbies or labeled containers. No sharing of electronic devices, toys, games, or learning aids. Desks should be placed 6 feet apart, all facing the same direction. On school buses, there should be only one child per seat, skipping rows to ensure distancing. Sneeze guards and partitions should be installed wherever 6 feet of separation isnÕt possible. Hallways should have one-way routes, with tape on sidewalks and walls to keep kids 6 feet apart. Communal spaces like cafeterias and playgrounds should be closed; if not, usage should be staggered and surfaces disinfected between groups. Bathrooms should have physical barriers or screens between sinks if spacing isnÕt possible. Meals should be pre-packaged boxes or bagsÑno cafeteria linesÑand students should eat in their classrooms. There should be no field trips, assemblies, or visits from external organizations, and schools should limit volunteers and visitors. Students should stay with the same staff all day, without switching groups or teachers. Arrival and departure times should be staggered to avoid crowding. If possible, daily health checks and temperature screenings should be conducted. Finally, schools should follow several rules for frequent hand washing and regular cleaning and disinfecting throughout the day."
1,"And despite saying she would protect seniors, McSally supported a plan to turn Medicare into a voucher program and 'shift costs' onto seniors, according to the AARP. McSally even supported raising the retirement age."
1,"Teachers can only deduct up to $250 for school supplies on their taxes, but billionaires can write off the entire cost of a private jet."
1,"The NextGen Precision Medical Institute, expected to open in October 2021, will serve as a research center for University of Missouri students and experts in a variety of scientific fields. In a February email update, UM System President Mun Choi boasted of the institute's economic impact: The facility construction alone will bring 3,400 jobs and $472 million in revenue to Missouri."""
0,"The N.C. GOP came out in support of Sen. Scott's extremist policy to 'Rescue America.' By hosting Scott, North Carolina Republicans signed on to a plan that could raise taxes on nearly 40% of North Carolinians and sunset Social Security and Medicare, which over four million North Carolinians rely on."
0,"The ability to do it is currently under discussion at the international level. Yes, and I know it sounds preposterous   The ability to do it is currently under discussion at the international level. The WHO's pandemic preparedness plan will be used to silence podcasters and eliminate 'national and personal sovereignty.'"
1,"Pipelines do not freeze, Ruckel said. They are naturally insulated. They're buried beneath the ground."
1,"Donna Brazile said this congress is the least productive in our lifetime. ""As a former Hill staffer, I follow the Congress more than the courts and the executive branches of government"".""While they have moved on the budget and more, thereâ's still sufficient time to address some important issues before taking another long recess to celebrate the 4th of July and the upcoming party conventions""."
1,Donald Trump came in with Jeff Sessions and undid those.  Barack Obama and his administration did do the work of enforcing consent decrees on police departments that had been found to engage in misconduct. Donald Trump came in and undid those.
1,Cunningham voted for over $1 billion in new taxes.
1,"Do you live in Georgia? Do you have to drink water to stay alive? Do you want to participate in democracy? Too bad! Because thanks to new laws in the great state of Georgia, it's now illegal to give people water within 150 feet of a polling place."
1,"The number of overdose cases, exponentially, is just out of proportion. And they're rising tremendously from the opiate (problem), and now with the COVID-19, and suicide, more people are dependent on drugs or alcohol."
1,Texas is 50th in the nation in mental health care access.
1,The typical black family in this country has one-tenth the wealth of the typical white family.
1,"Philip Levine passed a resolution to raise the minimum wage, which actually no one got the benefit of because it was not enforced. They passed a resolution to ban assault rifles, which was not enforceable and never enforced."
0,"Any athlete who kneels for our national anthem should lose their medal. One of the fundamental rights this country is founded on was freedom of speech, and we have a long tradition of nonviolent, peaceful protest. Those who exercise the right to peacefully express themselves should not be demonized or ostracized. At a time of increasing divisiveness and hate in this country, we should be looking for ways to work together and support each other and not create more division. I support Commissioner Adam Silver, the NBA, its players and all those who wish to exercise their right to free speech."
1,"Just the last three weeks, on average, about 23,000 women, children, men are coming over across the border illegally as family units or as unaccompanied children."
1,"The unemployment rate for Wisconsin workers has reached historic lows. Itâ's never been this low before, ever, ever, ever."
1,"The people in the UK (Scotland, England, Wales) took action. Laws changed and certain types of guns were banned. The level of gun violence in Britain is now one of the lowest in the world. The UK has had ZERO school shootings since they changed their gun laws."
0,I didn't see a single patient die of COVID. We all saw it was killing the patients. And now it's the FDA approved drug that is continuing to kill patients across the United States. Patients who received two doses of the drug had a less than 25% chance of survival. Remdesivir is responsible for killing patients hospitalized with COVID-
0,"Now, he's arguing for a national abortion ban, no exceptions. Now he's arguing for a national abortion ban, no exceptions."
1,"In 2019, 89 officers died in the line of duty. While every death is tragic, almost half (41) were accidental. That same year, officers shot and killed 999 people. Police are 20.8 times more likely to kill than be killed by a criminal. We must drastically reduce the use of deadly force in this country."
0,not sticking up for hard-working Republicans. We've had two members engage in a Democrat-led persecution of ordinary citizens who engaged in legitimate political discourse. Cheney and Kinzinger chose to join Pelosi in a Democrat-led persecution of ordinary citizens who engaged in legitimate political discourse that had nothing to do with violence at the Capitol. Cheney and Kinzinger engaged in a Democrat-led persecution of ordinary citizens who engaged in legitimate political discourse.
1,Club for Growth said O'Rourke cast aspersions on working women whose only qualifications seemed to be large breasts and tight buttocks.
1,"Under the Tax Cuts and Jobs Act, the average American family of four will receive a $1,182 tax cut. Imagine what you could do with $1,182 more in your pocket!"
1,Ninety-two percent of abortions in Virginia take place before 15 weeks. Ninety-nine percent of abortions in Virginia take place before 20 weeks.
1,"That 5% starts at $159,000 per family. So we're not talking about a grand amount of money here. Think about two teachers, married teachers. The tax proposal that I'm hearing from David is that itâ's going to impact them."
1,"Since 1978, CEO compensation rose over 1,000% and only 11.9% for average workers"
0,"Since I took office, Michigan has added more than 25,000 auto jobs. I'm thrilled about @Ford's $2 billion investment to create 3,200 good-paying auto jobs  add this to the nearly 25,000 auto jobs we've created! Michigan has added more than 25,000 auto jobs."
1,"Adjusting for inflation, West Virginia's median household income has not grown in a decade."
0,weak on China loaned your money to Chinese business interests and Mandel opposed a bill holding Communist China accountable when they cheated and stole American jobs.
0,"This attack is abhorrent and should be condemned by all. Unfortunately, members of the radical left have firebombed a pro-life office in Wisconsin and are threatening the safety of Supreme Court Justices and their families in an effort to intimidate them to impact their vote. Democrats have yet to condemn activists who are engaging in this repugnant illegal activity. To date, President Biden has made no public remarks, and neither DOJ, FBI, nor DHS have issued a statement condemning this attack."
1,"""Wisconsin had over 1400 opioid deaths in 2022"". Baldwin said"
1,"So far this year, more students have been killed in schools than soldiers in combat zones. We are WAY past the point of talking. We need action now."
0,"Democrats' new army of 87,000 IRS agents will be coming for you  with 710,000 new audits for Americans who earn less than $75k. The IRS will lose about 50,000 people over the next five or six years. An army of 87,000 IRS agents will be coming for you  with 710,000 new audits for Americans who earn less than $75k."
0,"Median income in this country is  $35,000 a year. Because of Joe Biden's inflation, the average monthly expenses have increased by $500, almost."
1,Four hundred thousand workers are now in a union that were not in a union when (Biden) became president.
0,"Higher gas prices, higher grocery bills, everything today is costing too much. Now, Congress is considering a bill that will strip $300 billion dollars from Medicare, money older Americans rely on for their medicine, their treatments, their cures. We are all paying more today, but stripping $300 billion from Medicare? It's simply too much. So call Congress and tell them to oppose President Joe Biden's reckless spending package. The Senate Democrats' reconciliation bill will strip $300 billion dollars from Medicare."
1,"Dallet says that as a judge, she has presided over more than 10,000 cases."
0,Triggered Kamala Harris walks out on Charlamagne Tha God after he exposed Joe Biden's dementia.
1,"Studies even show that when women go to Congress they get more things done - more bipartisan effort, more bills passed."
1,65 to 70 percent of the people in Missouri don't have degrees.
0,"Gasoline prices are now $5, $6, $7 and even $8 a gallon. down to $87 a gallon"" during his presidency."
0,"Biden administration floats new strategy to 'address the climate crisis': Don't leave your house. Remote work and virtual interactions can provide a viable alternative to daily commute requirements for some people, as the COVID-19 pandemic demonstrated. Telework and other components of a digital economy that allow consumers to access information and services remotely"" can reduce travel.
""For most travel modes, total travel activity has already returned to near pre-pandemic levels. The transportation implications of telework are not yet fully understood. The Free Beacon claimed that the Biden administration 'is floating a new strategy to 'address the climate crisis': Don't leave your house.'"
1,We have flown a Boeing 737 across the Atlantic Ocean on biofuels. We have flown F-18s.
1,"The reauthorization should have been done in September, first of all. Second of all, we wanted 10 years... which, by the way, saves $6 billion. Doing it for six years saves $1 billion. That's good. Doing it 10 years, saving $6 billion is better. In fact, it's best."
0,"Only Democrats would call a bill that doubles the size of the IRS, raises your taxes and spends billions on a green energy slush fund the 'Inflation Reduction Act.' That is why it is incumbent on Congress to do its job and conduct oversight of the implementation of these programs, particularly those created through reconciliation. I think calling it a slush fund goes too far unless Congress abdicates its responsibility. The Inflation Reduction Act doubles the size of the IRS, raises your taxes and spends billions on a green energy slush fund."
0,"The Democrats' push to take in a million Palestinian refugees is absurd. Even other Middle Eastern nations recognize the fact that terrorist cells could disguise themselves as refugees fleeing war. They are pretty serious about that. These Democrats, a lot of them are finding sympathy with Hamas and the Palestinian movement  not with Israel, who was attacked ruthlessly. He is referring to the United Nations Relief and Works Agency's calculation that more than 1 million Palestinians have already been displaced from their homes in just one week. He is referring to Israel's evacuation order to 1 million Palestinians. The Democrats are pushing to take in a million Palestinian refugees."
0,"Jacky Rosen voted to allow biological men to compete in women's sports, and she made it clear she still stands by her votes against women. voted to allow biological men to compete in women's sports."
0,"WHERE In Texas, Republicans passed a law allowing rapists to sue their victims for getting an abortion."
1,"This headline is hiding something from you. It wasn't all women that lost jobs, it was mostly Black and Latina women. In fact, white women gained employment. Any response we have to this pandemic and economy has to also address structural inequality."
0,"mismanaged the university's financeswhile also refusing to accept responsibility for the current financial situation of the university. to justify expansion and spending hundreds of millions of dollars on projects that would increase WVU's debt load by 55%. Yet during his presidency, student enrollments have steadily decreased. WVU's debt load by 55%. This equates to about 34% of the currently outstanding principal on university-issued debt. inaccurate. 
"
1,"Gillibrand wrote that ""marijuana is currently classified in the same category of drugs as heroin and a more dangerous category than fentanyl or cocaine""."
0,"BUSTED: Chief Justice John Roberts goes after the highest court in the land, citing their 'inappropriate political influence.' During his nine-year tenure, he proved visionary on a matter of vital concern to the entire judiciary: safeguarding and fortifying the independence of the branch. Taft knew that no one seriously questioned that judges 'should be independent in their judgements.' Decisional independence is essential to due process, promoting impartial decision-making, free from political or other extraneous influence. But Taft recognized that courts also require ample institutional independence. The judiciary's power to manage its internal affairs insulate courts from inappropriate political influence and is crucial to preserving public trust in its work as a separate and co-equal branch of government."
1,"Right now, four in 10 public schools in our state are at least 50 years old."
0,"Now, churches are being burned again because they protect unborn babies and women in need. faith, family and freedom. they did not believe that the pro-life stance of the church was the primary motivation. the vandalism was a direct result of our unwavering support for unborn children and their mothers. because they protect unborn babies and women in need."
0,THE GOVERNMENT JUST STATED UNDER OATH THAT THEY ARE IN POSSESSION OF UFOs AND NON-HUMAN ALIEN BODIES YALL.
0,"Now, New York is doing billboards telling people come, come to New York from Florida. You know, they're wasting taxpayer money on doing that. I don't know why they would do it. New York City is wasting taxpayer money on"" placing billboards in Florida."
1,"Over the last few years, more Virginians are moving away from Virginia than are moving to Virginia from the other 49 states."
0,There are 365 days in the year and Biden chose the High Holiest Day in Western Christendom to acknowledge something other than the resurrection of Christ. This is not an oversight or an accident.
0,"And make no mistake, Violent crime was up under Donald Trump. That's not even counting the crimes he committed. Violent crime was up under Donald Trump."
1,There's more African American males in the penal system right now than there were at the height of slavery.
0,"The use of ballot drop boxes and ballot harvesting is illegal, and all of these questions should have been settled years ago. Absurd we're at this point. The use of ballot drop boxes and ballot harvesting is illegal."
1,"Last year, 36 million Americans didn't have a prescription filled because they couldn't afford it."
0,"Absolutely not. I don't know that that saves anything. If somebody's decided that they're going to take their life, they're going to take their life."
1,"I am deeply concerned about deepening civil unrest in Mexico and the breakdown there of civil society. In 2020, more journalists were killed in Mexico than in any other country in the world."
1,I think you might have overlooked our information on how we are absorbing the costs of the overtime for our farmers. They don't have to pay any more. The individuals who work for them will be paid more. The state has made a commitment because part of our national security and our economic security is to have family-owned farms here in the state of New York.
0,OMGosh! This is EPIC! America SPEAKS! WOW! 
0,"At the start of the Biden regime, the federal workforce was at 1 million. - Errol Webber
By the end of the Biden regime, the federal workforce had increased to 3 million. - Errol Webber
There has been a 46% increase since Biden took office."" - Errol Webber
The federal workforce was at 1 million when Biden took office and had increased to 3 million by the time he left."
1,"We are last in the nation in startups -50th, Wachs said."
1,"College debt has increased 170 percent since 2006 and now exceeds $1.5 trillion dollars, which is second only to mortgage debt and surpasses even credit card debt."
1,"When a judge expressed his personal belief that a practicing Muslim should not be a member of Congress because of his faith, it was wrong. That this same judge is now my party's nominee for the Senate should concern us all. Religious tests have no place in the United States Congress."
0,Tim Michels wants to defund public education  calling it 'the definition of insanity' to continue to fund public schools. Tim Michels wants to defund public education.
1,The North Pole will be ice-free in the summer by 2013 because of man-made global warming.
1,Today I learned the Red Cross sells your donated blood to hospitals for $150 and then that hospital charges you thousands for a blood transfusion.
1,"Florida's SB 2A does not provide that relief, and in fact, instead of reducing costs, it will force some of my constituents to pay up to 20% more for their property insurance."
0,"very bad decisions over a very long period of time Some of these reservoirs have been dry for 15, 20 years The fire hydrants are being reported as going dry while the firefighters are trying to put out these fires. There is a serious lack of competent governance in California, and I think it's part of the reason why these fires have gotten so bad. I am sure there are very small reservoirs that have been empty for some time, for one reason or another. Any additional reservoir would have helped maintain supply and pressure in the area that draws water from it for a longer period of time, but to what extent remains to be determined. Some reservoirs in California have been dry for 15, 20 years."
1,"Earlier today, my administration announced an additional $1M in funding for Census outreach, on top of our historic & nation-leading $29M investment."
1,Not only is there no national emergency at the border: crossings remain at historically low levels.
1,Biden inherited inflation of 1.7%. Now we're well over 8% and growing.
1,President Donald Trump even referred to one of Cramer's health care repeal bills as mean because the bill gutted protections for North Dakotans with preexisting conditions.
1,It's against the law in Texas to let any loaded gun get in the hands of a child.
0,"It is a form of Navalny, it is a form of communism or fascism. It's a horrible thing. It's happening in our country, too. I'm the leading candidate. I never heard of being indicted before. I got indicted four times. I have eight or nine trials. All because of the fact that I'm  and you know, this all because of the fact that I'm in politics. The sudden death of Alexei Navalny has made me more and more aware of what is happening in our Country. If Biden's staff oversaw an effort to poison Trump on a campaign trip, and then when he recovered arranged for him to be sent to a prison camp in northern Alaska, and then when he died told his wife Melania she would be arrested if she tried to enter the U.S., his complaint might be more convincing. Navalny was repeatedly poisoned and then imprisoned for exposing corruption. Trump has also stated that the criminal cases against him are politically motivated  as the case against Navalny was  but given the procedural protections in this country which do not exist in Russia, political prosecutions are very rare. In a communist or fascist regime the top political leadership tells the judge what verdict it wants. The fine in his New York fraud case is a form of Navalny, it is a form of communism or fasc"
1,"Trump said regarding COVID-19: The media likes to say we have the most cases, but we do, by far, the most testing. If we did very little testing, we wouldn't have the most cases. So, in a way, by doing all of this testing, we make ourselves look bad.
Don't forget, we have more cases than anyone in the world, but why? Because we do more testing. When you test, you have a case. When you test, you find something is wrong with people. If we didn't do any testing, we would have very few cases. So I said to my people, 'Slow the testing down, please.'"
1,"George Holding has voted 13 times to deny Kevin, and the 300,000 people like him in the 2nd congressional district, coverage. There are more than 300,000 people in this district, whose lives Holding put in danger when Holding voted to cut protections for people with pre-existing conditions."
1,Donald Trump has failed to live up to our trust and treaty obligations to Native Americans. He took more than a month to allocate Congress' emergency funding to tribes-and only did so after tribes sued. He has failed to provide tribes with adequate protective personal equipment and medical supplies. It's unacceptable.
0,"Putin bans 5G across Russia, destroys all towers. We need to look forward. The challenge for the upcoming years is to organize universal access to high-speed internet, to start operation of the fifth-generation communication systems."
0,"JAG arrests nasty, vicious, un-American USDA Inspector General Phyllis Fong after she gets kicked out of office. White Hats arrested USDA Inspector General Phyllis Fong just minutes after President Trump FIRED her, a source in General Eric M. Smith's office confirmed. Security officials dragged her out of her office, not even allowing her to pack her belongings. Security officials did not play any role in her departure."
0,"John Fetterman wants to release one-third of dangerous criminals back into our communities. We should release one-third of all inmates, including violent offenders. supports releasing one-third of the prison population. Fetterman wants to release one-third of dangerous criminals back into our communities."
1,"Soleimani was a designated terrorist by President Obama, who didn't do anything about it"
0,The much-trumpeted job growth in the last year was ENTIRELY part-time jobs. That's a good thing.
1,"Burlison said during the hearing that his bill seeks to fix what is very quickly becoming a problem in Missouri, initiative petitions and referendums are being filed at record highs. So far this year 42 have been filed; in 2018, 371 were filed."
1,Sec. Marshall has won more statewide races than probably anyone else alive in NC at this point or is damn close.
1,Most immigrants do show up in court. They don't necessarily disappear.
0,"The following are some titles of books that have been banned from schools in Florida. Lmk which book is pornography. To Kill A Mockingbird, The Hate U Give, Forrest Gump, A Catcher In The Rye, The Hill We Climb, Girls Who Code, Atlas Shrugged, 1984, The Kite Runner, The Bluest Eye, A Wrinkle In Time, The Diary of Anne Frank, The Fault In Our Stars, etc etc. We're used to ill-informed attacks from California's liberal elites, and sadly, this is another example. 13 books have been banned from schools in Florida."
0,It's a sad day. President Trump is officially a political prisoner. Our system is broken. Politics have taken over the justice system  at least in New York City. President Trump is officially a political prisoner.
0,"Most Americans favor keeping Title 42 in place, so I hope we can agree that we should maintain this policy and protect our country from a surge of illegal immigration over the next few months. Most Americans favor keeping Title 42 in place."
0,"This case is about protecting women and girls from the dangers of chemical abortion drugs,"" - Erica Steinmiller-Perdomo, Alliance Defending Freedom attorney.
The fact is these drugs are dangerous  1 in 5 women will suffer a complication. - Erica Steinmiller-Perdomo, Alliance Defending Freedom attorney.
We concluded that medical abortion is generally safe and serious adverse events were rare."" - Maarit Niinimäki, study's lead researcher.
We are independent researchers aiming to publish the results honestly without a political agenda, and we never claimed that medical abortion with mifepristone/misoprostol protocol is a dangerous procedure and should be abandoned. - Maarit Niinimäki, study's lead researcher."
1,Virginia women are paid 80 cents for every dollar paid to Virginia men.
1,"Corporate PACs are a specific designation under the FEC that in practice only exist for corporate special interests to gain influence. As Theresa has pledged, she is not accepting one dime of contributions from corporate PACs."
1,"Walker says: Since taking office, we have enacted more than $8 billion in cumulative tax relief."
0,"I bought a house for $88,000, a three-bedroom home. Arizona was affordable back then. Arizona was safe back then, and Arizona was a place everyone wanted to come to live. And now, unfortunately, we're not seeing that anymore. Arizona has become unaffordable and unsafe because of career politicians who have voted against our needs and what's important for our safety. Arizona was safe"" when she moved to the state in 1994, but has become ""unsafe."
0,cut overtime benefits for millions of workers Trump cut overtime benefits for millions of workers.
0,to keep Major League Baseball here in Milwaukee for another 20 years. a bipartisan plan. a responsible plan to keep Major League Baseball in our state.
1,"Statistic: 86% of Americans and 82% of gun owners support requiring all gun buyers to pass a background check, no matter where they buy the gun and no matter who they buy it from."
1,"Donald Trump says we're leading the world. Well, we are the only major industrial economy to have its unemployment rate triple."
1,Very few states allow a governor unilateral and sole discretion to pick those judges who continue to serve.
0,We have doubled our imports from Russia in the last year. No question why President Biden is begging OPEC and others to pump more oil. The U.S. doubled its oil imports from Russia in the last year.
0,"If you look at windmills, there's a lot of greenhouse gas emission cost that we gloss over. We extract the raw materials from the ground, process them, assemble them, maintain them for the lifespan of the windmill, then we decommission them. Virtually every expert that I've talked to believes that the overall return is negative. Once you factor in the emissions that come from building and putting up a windmill, you end up with a net negative."
1,"There's been a 1,700 percent increase in asylum claims over the last 10 years."
0,I have been warning over and over and over and over about this. We are looking at a surveillance future. totalitarian society
0,wants to  end Social Security and Medicare coverage. wrote the plan that could take away the Social Security and Medicare you worked and paid for. wants to 
0,President Trump sanctioned Russia. President Biden gave them a pipeline.
0,"Hormonal birth control makes you fat, doubles risk of depression & triples risk of suicide. This is the clear scientific consensus, but very few people seem to know it. There is clear scientific consensus that hormonal birth control makes people gain weight and doubles the risk of depression and triples the risk of suicide."
0,"And my stats that I have, are that there are 63 million abortions a year in this country. Those are the stats that I heard. That's a little too much! there are 63 million abortions a year in this country."
0,"Noncitizen voting poses a 'clear and present danger to the integrity of our election system,' Johnson said May 8 during a press conference as he advocated for the 'Safeguard American Voter Eligibility Act.' If a nefarious actor wants to intervene in our elections, all they have to do is check a box on a form and sign their name. That's it. That's all that's required. And there's a very small chance that illegal would get caught. We all know, intuitively, that a lot of illegals are voting in federal elections. But it's not been something that is easily provable. The millions of immigrants that have been paroled can simply go to their local welfare office or the DMV and register to vote."
1,"I hear that so much in conservative circles, and what people need to understand is that homicides are intraracial. When you look at white-on-white crime, it's 84%. Right? Homicides. White people kill white people. But that term 'white-on-white crime' is never used. So why is 'Black-on-Black crime' used?"
0,"We are two weeks in, and President Trump is already delivering big wins for the American people. Let's go through the facts. With ICE and DOGE have begun their process, the government has found extra funds for all Americans. Everyone can apply at no cost and the $4,800 subsidy can be used with no restrictions and doesn't need to be repaid. Applicants must answer three questions and then they'll receive the subsidy and a '500 benefit card' in a few days. Learn More."
0,The 'Texas measles outbreak' is pure propaganda. Ever wonder why these news reports never have an actual picture of the 'outbreak' or name one person affected? They are making it very easy to realize there is no 'virus.' It's not unusual. We have measles outbreaks every year.
0,"I believe in a woman's right to choose. I always have. I am still pro-life  meaning I am for life. I hope most people are, and I think it's important to understand the distinction. pro-choice, but not pro-abortion. themselves in the place of physicians. punitive. Charlie supports a woman's right to make her own health care decisions  as governor, he vetoed a measure that required women seeking an abortion to have an ultrasound, a law that Rick Scott signed. government should stay out of personal health decisions between a woman and her doctor. always"" believed ""in a woman's right to choose. fight for pro-life legislative efforts."
1,Cases up only because of our big number testing. Mortality rate way down!!!
1,"Approximately 60,000 Canadians currently live undocumented in the USA."
1,"Republican Assembly Speaker Robin Vos announced a redistricting bill he said tracked closely with an idea Democrats had long supported: ""An Iowa-style nonpartisan redistricting"" model that would allow the nonpartisan Legislative Reference Bureau to write new legislative maps. Vos claimed Evers and Democrats ""rejected our (Iowa model) proposal to enact the very plan they originally endorsed.""
"
0,"Other States are looking at, and studying, the amazing Wisconsin Supreme Court decision declaring Ballot Boxes ILLEGAL, and that decision includes the 2020 Presidential Election. In Wisconsin, there are approximately 70,000 absentee ballots that do not have matching ballot applications as required by law. In 2020 we won Wisconsin. A Milwaukee election employee even acknowledged dropping off just the margin of ballots needed for a Biden win at 3 a.m. A day AFTER the election, Biden receives a dump of 143,379 votes at 3:42AM in Wisconsin, when they learned he was losing badly. This is unbelievable! Republican leaders are working hard to cover up election corruption in Wisconsin."
1,"Bryce said: Well, he ran a very pro-union campaign. Being a union member, that's something that's been very important for me, standing up for working people. I mean, our campaign staff was the first to unionize in the history of politics. "
1,"Cecile Richards, the former president of Planned Parenthood, recently came out and said there is room in her movement for people who believe abortion is wrong."
0,"EPA regulators just banned most new gas-powered cars. For consumers who are unable to find a new gas car or truck they can afford because of this policy, it's the same as a ban on most new gas cars."" - Ericka Perryman, the group's senior director of issue communications."
1,"The President wants to cut 3 MILLION people from SNAP, including children, seniors and veterans."
0,"Abigail Spanberger is raking in thousands from defund the police groups because she supports defunding the police. 
The NRCC said, 'Abigail Spanberger is raking in thousands from defund the police groups because she supports defunding the police."
1,"About the number of religions that bar vaccination, there are precious few religions that actually say, you cannot do that. I mean, literally less than a handful."
0,"Trump's trying to rewrite the whole COVID narrative, calling Ron 'Shutdown Ron.' I mean, listen for anyone who was on the conference calls with the president, he instructed all the governors to shut down."
0,"This drug blocks a child from going through puberty. It's the first step in gender change therapy. If Proposal 3 passes, minors as young as 10 or 11 will be able to receive this prescription without the consent of their parents or their parents even knowing. A constitutional right to 'sterilization' surely includes a right to be sterilized to align one's sex and gender identity. The majority of voters do not support a 12-year-old girl's right to sterilization without her parent's notice or consent. Proposal 3 is unrelated to care for children and adolescents with differences in gender identity. Parents play a critical role in decision-making when it comes to gender-affirming care. Parental involvement, and consent, is required for hormone care in minors and passage of Proposal 3 will have no bearing on this. We recommend when gender-affirming medical or surgical treatments are indicated for adolescents, health care professionals working with transgender and gender diverse adolescents involve parents/guardians in the assessment and treatment process, unless their involvement is determined to be harmful to the adolescent or not feasible. Age has a strong, albeit imperfect, correlation with cognitive and psychosocial development and may be a useful objective marker for determining the potential timing of interventions. Given this very recent and terrible history, of course sterilization would be"
0,"For over a decade, Ron Johnson has refused to fight for working Wisconsin families. Now, Ron Johnson is promising that if the GOP takes the majority, they are going to raise taxes on middle class workers and phase out Social Security and Medicare. Ron Johnson supports the new Republican plan that phases out Social Security and Medicare."
0,"Mike Rogers wants to cut Medicare and Social Security, putting our retirement security at risk. If we are ever going to solve Social Security, we're going to have a bipartisan commission that actually sits down and goes through the numbers and puts their party politics on the outside, and worries about the seniors on the inside. Rogers wants to cut Medicare and Social Security."
0,"There hasn't been a single of these mass shootings that have been purchased at a gun show or on the internet. If people want to do it, we can have that debate, but don't link it to these horrible events. They have nothing to do with it."
0,"Facebook is spamming all climate articles by misleading readers about temperature measurements. These facts from climate researchers correct common misconceptions about global warming and its impact. The myth that climate models are not reliable wrongly assumes that they are based on guesses and assumptions. In fact, they're based on the laws of physics and have proven records of accuracy. The scenarios should be considered plausible and illustrative, and do not have probabilities attached to them. climate models grossly overstate global climate temperature anomaly impacts. Facebook is spamming all climate articles by misleading readers about"" the accuracy of climate models."
0,"In Joe Biden's America, your children are more likely to have access to a crack pipe than a mask-free education. In Joe Biden's America, your children are more likely to have access to a crack pipe than a mask free education."
0,"Well, Joe Biden is raising taxes, disarming Americans, so of course they are arming up the IRS like they are preparing to take Fallujah. to quite literally weaponize your country against you. scooping up all of the ammo they can possibly find."
1,There will be several thousand dollars in payments going to families with six-figure incomes who've had no income interruption whatsoever.
1,"West Virginia has the nation's lowest workforce participation rate, which hovers around 50 percent, when the national average is about 63 percent."
0,"Bob Casey's votes for trillions in reckless spending made inflation worse,"" - Senate Leadership Fund spokesperson Torunn Sinclair.
""Two years ago, Bob Casey promised us his vote will reduce inflation,"" - Senate Leadership Fund.
""Casey's vote for reckless spending didn't reduce inflation,"" - Senate Leadership Fund.
""it made it worse."" - Senate Leadership Fund."
1,"Trumpâ's son, Donald Trump Jr., referred toit during his Wednesday night speech at the convention, broadcast to millions of viewers across the country. ""At a political rally less than 1 mile from where we stand tonight, Teddy Roosevelt was struck by a would-be assassinâ's bullet."". ""But he didnâ't quit, either. He finished his speech and kept fighting."""
1,"Middle-class income rose to a record level in 2017 as the strong economy lifted the fortunes of more Americans, the U.S. Census reported Wednesday!"
0,"The left is determined to erase Mount Rushmore from our history books and the stakes couldn't be higher  the future of our nation's revered leaders is in your hands! You need to act fast to support preserving and protecting Mount Rushmore for generations to come! It's time to put the radical left in their place and stand up for the legacies of our founding fathers. Save Mount Rushmore The Left is trying to erase Mount Rushmore from our history books, and we need your help to stop them!"
0,"I think about mass shooters. I don't believe  and someone correct me later, I won't listen  but I don't believe anybody with a concealed carry permit ever committed a mass shooting. So I think the ban itself had no role in preventing these things, right? I don't believe anybody with a concealed carry permit ever committed a mass shooting."
1,"""In the year 2020... the year I was elected president, only nine NATO allies were spending 2% of their defense -GDP on defense,"" Biden said. ""This year, 23 will spend at least 2%. And some will spend more than that."""
0,"He opposes efforts to negotiate with the big pharmaceutical companies to lower the price of prescription drugs, saving patients and Medicare money."
1,Wake is the only large county in N.C. that elects its commissioners at-large countywide.
0,"Biden cheated on his taxes and got away with it. Biden improperly used a loophole to dodge half a million dollars in taxes that should have gone to Medicare. Now that Biden has ripped off Medicare for half a million dollars, he wants to close the loophole and raise your taxes."
0,"Housing. It's a basic need for everyone. But many Nevadans struggle to afford it. Sen. Jacky Rosen voted to increase taxes on families making less than $75,000 a year, making it harder to afford rent or a mortgage. voted to increase taxes on families making less than $75,000 a year."
0,"Who owns that company? ByteDance? ByteDance is owned by China. Who owns TikTok? And who owns ByteDance? The Chinese government. The Chinese government owns TikTok's parent company, ByteDance Ltd."
1,"In Boone County, with a 1.7 percent unemployment rate, we can't find enough people, we can't fill all the job openings."
0,"I just had a conversation with President Sheinbaum of Mexico. She will stop rapists and criminals from coming here."" - Donald Trump
""I told President Trump the best way to make rapists and criminals feel unwelcome in the U.S. is for their citizens to stop electing them."" - Claudia Sheinbaum (purported quote, not verified)"
1,"A record setting year, and the largest year for Wisconsin in at least a decade. Unemployment in our state in general is at about a quarter of our population. It's actually over 50% of travel and tourism-related jobs that are now facing unemployment. Since the week ending March 14, Wisconsin actually saw a drop in tourism spending compared to last year of $1.7 billion."
0,"Nikki says the retirement age at 65 is way too low, it must be much higher. The way we deal with it, is we don't touch anyone's retirement or anyone who's been promised in, but we go to people like my kids in their twenties, when they're coming into the system, and we say the rules have changed. We change retirement age to reflect life expectancy. Instead of cost-of-living increases, we do it based on inflation. We limit the benefits on the wealthy and we expand Medicare advantage plans. Those that have been promised, should keep it. But for, like my kids in their 20s, you go and you say, 'We are going to change the rules.' You change the retirement age for them."
1,When I saw corruption and sexual harassment cover-ups I called on Sheldon Silver to resign.
1,California's death row is the largest in the Western Hemisphere. The largest death row in the United States of America two times the size of the next largest state: Florida.
0,"""Go to bankyourvote.com to sign up and commit to voting early. We have to get rid of mail-in ballots because once you have mail-in ballots, you have crooked elections. These mail-in ballots are treacherous. They're treacherous. These boxes, these locked boxes, are horrible."
1,The Seven Years' War led to near bankruptcy for many countries; Britainâ's need to raise taxes fueled the American desire for independence.
1,Bragg has downgraded over 50% of the felonies to misdemeanors.
0,How do sic really know if BLINKEN & AUSTIN were actually in KIEV? was this meeting with Zelensky staged somewhere else? Poland? no press traveled with them!
1,Missouri now has a page where people can report trans individuals and the people who help them.
1,Walked declared we just had 100% increase in layoffs.
1,"The 2008 election was the first election in which voters of color comprised over 25 percent of the electorate, and that number is going up."
0,"First of all, I won in 2020 by a lot. OK? Let's get that straight. They were counting ballots, not the authenticity of the ballot. The ballots were fake ballots. You are talking about a large number of people all working together. If you take 2 million cellphones and figure out where they are physically in a big city like Atlanta or wherever, just by definition, you will find many hundreds of them have passed by and spent time in the vicinity of these boxes. The ballots that were counted were fake ballots."
0,"Fully Vaccinated Australians In Hospital For COVID-19 Surpass Unvaccinated. For the first time, New South Wales NSW has seen more fully vaccinated patients hospitalised with COVID-19 compared to the number of unvaccinated patients as the Omicron outbreak continues to edge toward its peak. Based on the data presented, unvaccinated individuals appear to be six times more likely to be hospitalised and nearly 13 times more likely to be sent to ICU than those who are fully vaccinated. More than 50% of those people are unvaccinated. Vaccination has been key over this period of time in keeping you and your friends and your family safe. It is very clear on those numbers. They do not lie. Around 93% of adults in NSW have now been fully vaccinated, leaving around 7% of the population not entirely protected. Despite making up a small proportion of the wider community, these 7% now account for more than half of all ICU admissions. People making up a very small proportion of the at-risk population, are making up a large proportion of those in ICU."
1,"Joe Radinovich votes to raise our taxes, but refuses to pay his own bills. Radinovich voted for a $2 billion tax hike, hurting working families. But Radinovich was cited 30 times for not paying court fines. "
0,"It's reckless to let out half the prison population. There's 21,000 people incarcerated in Wisconsin. Evers has let out over 1,He wants to let out between 9,000 and 10,000 more. Evers wants to let out half of those currently incarcerated in Wisconsin prisons."
0,Sen. Blackburn exposes the Biden admin's attempt to criminalize free speech. the Biden admin's attempt to criminalize free speech.
0,"According to the US Debt Clock, DOGE has saved taxpayers $64 billion dollars in just 17 days. The Department of Government Efficiency Advisory Commission, the real-time savings objective from reducing government waste, fraud and abuse in federal government agencies. 
The Department of Government Efficiency's website said Feb. 17 that its estimated savings from the government is $55 billion. The $6 billion in supposed savings accounts for about 7% of $55 billion. DOGE has not yet accounted for the remaining $4 billion in savings it claims to have secured. DOGE Live Tracker.
According to DOGE's X account, the online trackers said $7 billion had been saved."
1,"Vukmir claimed the open records law didn't apply to her, got sued, lost and cost taxpayers $15,000 in legal fees."
1,"Biden said people in the U.S. can get the same prescription for ""40% to 60% less"" than in other countries. And he said that people ""only have to pay $35 a month now"" for insulin instead of $400 a month. He said that under this shift, ""No matter what your total bills are for prescription drugs, you'll never have to pay more than $2,000 a year, because some of these cancer drugs are 10,000 to 15,000 bucks a year."" "
0,"In order to make sure that the case wasn't determined to be moot, they had to have an alternate slate of electors just like Democrats have done repeatedly in all kinds of different states. There's nothing untoward about what they did. There was nothing illegal about what they did. They were just an alternate slate of electors. These folks did nothing different than Democrats have done in many states. Democrat electors have done that repeatedly. In the 1960 election, Democrats in Hawaii chose an alternative slate of electors, allowing JFK to be certified as the winner. In 2005, Sen. Barbara Boxer and Rep. Stephanie Tubbs Jones led a group of 31 representatives in objecting to the certification of Ohio's electors. In 2016, Democrat electors from Washington state and Colorado signed onto an attempt to block Trump from winning an Electoral College majority. In 2017, Reps. Jamie Raskin, Pramila Jayapal, Barbara Lee, Sheila Jackson Lee, Raúl Grijalva, Maxine Waters, and Jim McGovern, all objected to electoral votes for Trump. Johnson needs to hand something to VPOTUS please advise."
1,Freitas voted to let businesses discriminate and fire expecting mothers for no other reason but their pregnancy.
1,"Florida's red flag gun law is being used by law enforcement to get a judge to take away guns from someone who is deemed a threat to himself or others. It has been used about 2,500 times in the state of Florida in the past year and a half. That's about five times a day."
0,"We gave our farmers $28 billion right out of those tariffs that China was paying. Ron DeSanctimonious opposed my China tariffs, and he heartlessly opposed the $28 billion of money that was sent right into the pockets of our great farmers because of the Chinese abuse."
0,"DOGE discovers Louisiana man with 34 different names, addresses, and social security numbers. He was collecting $1,168,646 in Social Security per year."
0,"Kids are resistant to COVID as opposed to older people. 12 deaths in a year to minors from COVID, versus tens of thousands for older people."
1,California must break down barriers to building because it ranks 49th out of 50 in the United States in per capita housing units. Only Utah can lay claim to being lowest in per capita production.
0,"The Chiefs' Super Bowl performance was a disaster  totally embarrassing! Maybe too focused on DEI nonsense instead of winning? Meanwhile, the Eagles get all the help  USAID money flowing in like water. And let's not forget Taylor Swift  her presence was a distraction for Travis Kelce. The only good part? The massive cheers for me  louder than anything at the game! People are saying the most ever at a Super Bowl. The fans know! The only one that had a tougher night than the Kansas City Chiefs was Taylor Swift. She got booed out of the Stadium. MAGA is very unforgiving!"
0,"I am a fan of the West Virginia model, which is absentee ballots opt-in. In Arizona, we have flood the zone with fake ballots."
1,When you have Republicans who are advancing federal judges who won't even say that Brown vs. Board of Education was properly decided ... you have a party that is driving policies at supporting these sort of racist appeals.
0,"48-Hour waiting periods limit crimes of passion and keep our communities safe. Every weapon has the ability to permanently impact individuals, families, and entire communities. Without a waiting period, we allow impulsive decisions to result in terrible consequences. 48-Hour waiting periods limit crimes of passion and keep our communities safe."
0,"The Biden Administration is engaging in extreme 'woke' politics by encouraging children to take chemical castration drugs and undergo surgeries, and they are lying to children by telling them puberty blockers are 'reversible.' We must protect our children! They put  exactly as it sounds  puberty on pause. The Biden administration is 'encouraging children to take chemical castration drugs and undergo surgeries,' and 'are lying to children by telling them puberty blockers are reversible.'"
1,"Last year alone, I'm proud to report to you that ICE agents removed more than 226,000 illegal immigrants from our country. In fact, they arrested more than 127,000 illegal immigrants with criminal convictions or facing charges of breaking our nation's laws, including ICE removed nearly 5,000 gang members from our streets."
0,"With Proposition 1, the number of abortion seekers from other states will soar even higher, costing taxpayers millions more. Defeat Prop. 1, and you send a loud signal to the legislature and to the governor that you don't want to pay for those kinds of expenses for people coming in from out of state."
0,"The Congo has just released a lot of people from jail. Congo, Africa, just released a lot of people, a lot of people from their prisons and jails and brought them into the United States of America. There is no chance that it would be interested in pursuing the costly, complicated, and risky endeavor of sending former prisoners to illegally enter the U.S."
1,To all the Milwaukee Brewers fans who live in Wisconsin: The Chicago Cubs owner is bankrolling Brad Schimel.
0,"In three short years, we achieved energy independence. Joe Biden launched a war on energy on Day One.  I believe not only can we achieve American energy independence again, but I believe with the right policies going forward, we can reclaim our role as the leading producer of energy in the world."
0,"Some of the models suggest ... there is a 75% chance that the entire north polar ice cap, during some of the summer months, could be completely ice-free within the next five to seven years. obviously misrepresented the science about Arctic sea ice. There is a long-term gradual trend in declining sea ice, as one would expect from warming concentrated in the Northern polar region. There is also a lot of annual and longer-term fluctuation in the sea ice extent."
0,"You either have XX or XY chromosomes. Barring chromosomal abnormalities, a person with a typical number of chromosomes  known as a euploid  has either XX or XY which determines biological sex. You either have XX or XY chromosomes. Those are the options."
1,"From 2000-10, U.S. manufacturing employment shrank by a third after holding steady for 30 years."
1,Missouri had the largest amount of millennial Democrats running than any other state in the country.
1,Matt Gaetz defends lone no vote on anti-human trafficking bill.
1,San Francisco had twice as many drug overdose deaths as COVID deaths last year. This true state of emergency is met with political indifference if not encouragement.
1,"Two thirds of Americans disapprove of Donald Trump not wearing a face mask in public, and the vast majority supports elected officials being required to wear masks in government buildings."
1,WV's tourism industry grew at a rate 30% above the national rate in 2017. This increase reversed a four-year decline in which travel-generated spending fell more than $600 million.
1,"Since President Donald Trump's election, 36,000 jobs have been created in WI."
1,"Becerra supports Bernie's government takeover of your health care, eliminating your employer provided coverage."
1,"If the bill is approved, only 2% of Iowa students would benefit while the rest of Iowa kids in public schools would end up losing opportunities."
1,"For example, in vitro fertilization, a common treatment for infertility, can cost thousands of dollars per cycle, and many people require several cycles to achieve a viable pregnancy."
0,"I was proudly responsible for the ending of something that all legal scholars, both sides, wanted, and in fact demanded: Roe v. Wade. They wanted it ended. abortion where everybody wanted it from a legal standpoint. all legal scholars, both sides, wanted, and in fact demanded"" that Roe v. Wade be overturned."
0,"Every booster you take, you're more likely to get COVID as a result of it. Almost every study now has said with these new boosters, you're more likely to get infected with the bivalent booster. COVID-19 vaccines, including boosters, have now been shown to be most effective against severe disease. "
1,"When you talk about the Democrats, too, look at what they are fighting for. They are now mad that our census, which for years and years and years, decades, has asked, Are you a citizen of the United States of America? They are mad that the census asks that simple question."
1,"The law does not require judges to automatically recuse just because they have done some kind of legal work in the past as a lawyer. Notably, Judge Crawford's representation of Planned Parenthood of Wisconsin was not the same action that is now before the court. Recusal is not required simply for having represented a party in previous actions. She said ""I think the current judicial code is a workable system, but I also welcome any opportunities to strengthen and improve a system like that.""
"
1,"Detroiters receive some additional state and federal support for health needs but a city's budget reflects its priorities. When we say #DefundPolice, what we mean is people are dying and we need to invest in people's livelihoods instead. EXAMPLE: Detroit spent $294 million on police last year, and $9 million on health. "
0,"They were not following the science. Almost every study now has said with these new boosters, you're more likely to get infected with the bivalent booster. The study wasn't measuring the vaccine causing infection."
1,Rebecca Kleefisch worked with Scott Walker to sign five abortion restrictions into law that took away services and threatened doctors with prison time for providing safe and legal abortions.
1,"The corrections budget then was about 3 percent of the general fund. Now, it's 8.9 percent, about $12 billion."
1,"""Today's minimum wage worker making $7.25 an hour has less buying power than a minimum wage worker in the 1960s."
1,"There are fewer Iowans working today than when Gov. Reynolds took office, even as the U.S. has added more than 10 million new jobs."
1,"In 2020, more people voted in America than ever in the history of America, in the middle of a once-in-a-century pandemic."
1,"Do you realize that 90% of Americans, regardless of political party, want background checks, universal background checks? 90% of us."
1,"In China, they're burning seven to eight times the amount of coal that we're burning in the United States."
0,"Gov. Roy Cooper is blocking a pioneering school choice bill that would give thousands of low-income parents the funds to allow their kids to get a high-quality education  and a chance for a better life. Parents deserve to be in charge of their children's education, not politicians and especially not unelected union bosses. This claim is not just an insult, it is factually wrong since public schools face rigorous requirements for testing, licensure and educational outcomes, while private schools are not measured in any similar way. Cooper is blocking a pioneering school choice bill that would give thousands of low-income parents the funds to allow their kids to get a high-quality education."
1,"With three months remaining in the Fiscal Year, (the border patrol) has already encountered more illegal immigrants along the Southwest border"" than in any previous fiscal year."
0,Millions of Americans safely and responsibly own and use guns. The Department of Justice under Democratic administrations have done their studies and conservatively estimated that guns are used 5 million times per year to save lives. The Justice Department conservatively estimated that guns are used 5 million times per year to save lives.
1,The bill would allow whether Texas physicians should be allowed to prescribe medical cannabis for a variety of illnesses plaguing Texans. Studies have shown up to 75% reduction in opioid dosage for medical cannabis users.
1," Joe Biden attacked voters this primary by saying: You're a damn liar, man. Look, fat, look, hereÕs the deal. YouÕre a lying dog-faced pony soldier. YouÕre full of sh*t. Give me a break, man. DonÕt be such a horseÕs ass."
0,"to cut off funding to destroy ISIS terrorists  in the middle of the fight. voted to cut off funding to destroy ISIS terrorists in the middle of the fight. If we're going to get in there, the president needs to have whatever authorization he needs to win and I'll vote for that kind of authorization for use of military force. But I'm not going to vote for one that replicates the problems and loss of lives associated with Vietnam, where we don't get in there to win, where we hamstring ourselves."
0,"Less than three months ago, Kamala Harris and her administration blocked 300k unvetted Haitian migrants from being deported out of our country. Today, those unvetted migrants are sucking up precious resources and destroying Springfield, Ohio. Kamala Harris did this. You'll see that extensive biographical and background-related information needs to be provided, including information about any involvement with criminal systems. Less than three months ago, Kamala Harris and her administration blocked 300,000 unvetted Haitian migrants from being deported out of our country."
1,Video showed police thank Kyle Rittenhouse & give him water prior to the killings.
0,The corporations say your prices are up only because their costs are up. They're selling you a lie. Prices are up because these corporations are scheming to drive them up. Most companies are good companies. This is greedflation. Prices are up because these corporations are scheming to drive them up.
0,News that Russia President 'Vladimir Putin' was assassinated by unknown armed forces. Russia declares a state of emergency. murderous dictator pure thug
1,"In the Wisconsin State Assembly this session, more than 75% of GOP bills received a public hearing. Meanwhile, the GOP allowed less than 2% of Democratic bills to have a hearing."
1,There's still a handful of school districts out.
0,"Electronic voting machines didn't allow people to vote, apparently. If a tabulator is not working at a site, you can still vote!"
1,Probably one out of every two households in Oklahoma has a gun.
0,The fake charges put forth in their sham indictment are an outrageous criminalization of political speech. They are trying to make it illegal to question the results of a bad election.
1,"We all know that inflation has been caused by the global economies shutting down all at once, reopening all at once. And the fact of the matter is ... that the U.S. economy is recovering at a far faster pace than any other country in the OECD."
1,We have developed a wind industry from zero to $6 billion in 12 years.
1,"Since 2015, the City of Milwaukee has spent more than $22 million on settlements with litigants accusing police of misconduct."
0,"We have over 100,000 children, which we've never had before, in serious condition, and many on ventilators"" due to the coronavirus."
1,"Ayotte said when Mayor Craig said weâ're not a sanctuary state, she went up in the legislature and there was a bill to basically create a ban to make sure we never become a sanctuary state, that no locality passes those regulations and she opposed that bill"
0,"Has anyone noticed that Kamala CHEATED at the airport? There was nobody at the plane, and she 'A.I.'d' it, and showed a massive 'crowd' of so-called followers, BUT THEY DIDN'T EXIST! She had NOBODY waiting, and the 'crowd' looked like 10,000 people! Look, we caught her with a fake 'crowd.' There was nobody there!"
1,"President Trump has sent 14,000 American troops to the Middle East region since May. So he can't tell his political rallies that he's getting troops out of endless wars when he's sending 14 times the amount back into the region."
0,"Voted no on Medicaid expansion for children and seniors. Voted no on better pay for our teachers. Voted no on Gov. Roy Cooper's Democratic budget plan. caved. The statement 'voting no' does not require a legislative bill vote, nor does the statement of a bill vote appear in any educational advocacy presented for these points. Backroom whispers, winks and nods determine whether legislative agendas and policies win or lose, not somebody's name on a legislative bill vote tally."
1,"What did Joe Manchin say about civility? Today, he said he wanted to beat the living crap out of his Republican opponent during their debate, at a campaign rally in Marmet."
0,"In Virginia, we actually do protect same-sex marriage. That's the law in Virginia and therefore, as governor of Virginia, we protect same-sex marriage. Hypothetical."
0,"You know how many convicted felons Scott Walker let out during his eight years early on parole? Zero. Tony Evers is approaching 1,000 of these that he's let out early."
1,"Thousands of American lives lost, plus over 100,000 Afghan civilians and military personnel. Over 100 billion dollars spent on military contracts."
0,"If you're a senior citizen and if you're somebody that needs mail-in voting, I'm all for it. You get thousands and thousands of people sitting in somebody's living room, signing ballots all over the place. There's fraud, they found them in creeks, they found some with the name Trump just the other day in a wastepaper basket.""  Sept. 29, 2020 debate"
1,Every country struggles with mental illness. But the USA has a gun homicide rate 26 TIMES HIGHER than our peers. 
1,Baldwin brought both parties together to help pass a law to make the VA accountable and also to stop the overprescribing of opioids. 
0,"The Virginia GOP education agenda [would] erase slavery from VA history. It's not possible to teach about slavery if racism is removed from history. If you're taking out the role of slavery in the Civil War, you're erasing it from Virginia history."
1,"Among gun owners, and I'm a gun owner myself, 97 percent support expanded, universal background checks so we don't have the gun-show loophole, so that we don't have the internet purchases that don't go through a thorough background check."
0,"every single county in America, every single county, Kamala Harris did worse than Joe Biden did."
1,"Almost 26 years ago, NYC refused to fund the Veterans Day parade. Donald Trump financed it!"
1,"When federal bureaucrats wanted to prohibit the use of wooden cheese boards, which help make tens of millions of pounds of cheese a year, something had to be done. Tammy Baldwin stepped in, helped eliminate regulations and stood up for businesses like ours."
1,Our concern right now is making sure that we don't default on our debt for the first time in American history. A default on our debt is unprecedented in American history.
1,"If you look at the death rate in Texas, per capita of 29 million people, we're one of the lowest in the country."
0,"Bidenomics is costing the typical American household over $11,400 more a year to buy the basics. "
1,"Conor Lamb said, I'm proud that you helped me refuse corporate PAC money."
0,They should be afraid because that's my purpose in life. Nothing to see here just the Mayor of Baltimore threatening White people.
1,"Prior to the emergence of the coronavirus and COVID-19, the U.S. economy had lifted millions out of poverty, expanded the workforce, and raised wages for huge numbers of Americans. Iowa had one of the lowest unemployment rates in the country, and many employers were scrambling to find qualified employees to fill their job openings."
0,"all Republicans should oppose"" a bill that would provide $95 billion in aid for Ukraine, Israel and Taiwan.
""Buried in the bill's text is an impeachment time bomb for the next Trump presidency if he tries to stop funding the war in Ukraine. These funds expire on September 30, 2025  nearly a year into the possible second term of President Trump. These are the exact same accounts President Trump was impeached for pausing in December  the same fake violation of budget law from the first impeachment, under markedly similar facts and circumstances. to stop President Trump from pursuing his desired policy. the legal 'core' of Trump's first impeachment rested on paused aid to Ukraine. the Ukraine supplemental aid bill includes a hidden impeachment clause against President Trump."
1,"Molinaro said to Cuomo: Your budgets have increased spending at about an annual rate of 4 percent each year. So, despite the fact that you continue to suggest that you've been able to hold the two percent, you haven't."
1,Over 40 percent of the American people don't have $400 in the bank.
1,"By 2040, 70% of the population is expected to live in just 15 states."
0,"voted to cut Medicare benefits for seniors just two years ago cut Medicare benefits for seniors. These are very very sick individuals, and they often would forgo treatments that are important. cut Medicare benefits for seniors. Premium increases do not equal 'cuts,' and were not part of the law that Slotkin voted for."
0,"Wisconsin has historically been, and I think largely continues to be, a blue state. While some races have been close, every presidential election since Reagan has favored the Democrat except for one - and that was largely because Hillary Clinton literally ignored the state after she lost the primary."
1,"VA Democrats authorized for early release over 4,000 violent felons, 60% of which are incarcerated for violent offenses. There was one governor's recommendation that came down where he was advocating for the option of early release for over 4,000 people that have been incarcerated. Sixty percent of the people that he was advocating be eligible for the program were actually incarcerated for violent offenses."
1,"West Virginia Department of Education reported over 10,000 children & youth have been identified as homeless for the 2018-2019 school year. That's disturbing news, and that's why I invited U.S. Secretary of Education Betsy DeVos to come to #WV and see the impact this is having on our children & schools."
1,"Biden said he's one of the first guys to introduce a climate change bill, way, way back in '87."
1,"If you're a black woman, you're 320% more likely to die from complications in childbirth."
0,"No, no, no, no. They apply for asylum in the country where they are, and then they try to come into the United States. They don't come into the United States first, and then apply for asylum. No. We're not going to support breaking the law. They apply for asylum in the country where they are, and then they try to come into the United States. They don't come into the United States first, and then apply for asylum. We're not going to support breaking the law."
1,"For every dollar in federal taxes my constituents pay, we get a mere 93 cents back. That is unacceptable and a reason why I will always fight to make sure that Suffolk County receives our fair share of federal funding."
1,80% of coronavirus cases are 'mild.'
1,Only a court can decide that somebody is incompetent to vote.
0,"Well, the realistic path forward if we want to end this crisis begins by Joe Biden reversing the executive orders that he made. Every single one of them was designed to reverse a Trump policy. For the first time in American history we have a president who will not detain the people who enter this country illegally. Within days of his inauguration, President Biden placed a 100-day moratorium on deportations, halted construction of the border wall, dismantled Remain in Mexico and ended the Asylum Cooperative Agreements. That change... signaled an unwillingness to deter cartels and coyotes, so more migrants headed north. Every president in the last century has released some migrants who crossed the border. Not a single person was subject to an Asylum Cooperative Agreements after March 20,  For the first time in American history we have a president who will not detain people who enter the country illegally."
0,"We're not going to force our precious, healthy children to get a shot that is already proving to be not only ineffective, it's also proving to be dangerous. COVID-19 vaccines have been proved ineffective and dangerous for children."
1,Trump approval rating better than Obama and Reagan at same point in their presidencies.
0,"Found that there was about to be $50 million taxpayer dollars that went out the door to fund condoms in Gaza. If the stop-work order remains in place, we will be unable to sustain these activities beyond the next week or so. there was about to be $50 million taxpayer dollars that went out the door to fund condoms in Gaza."
0,WEF hires unvaccinated pilots to fly them into Davos: 'Safety of our members is No. 1 priority.' Click bait journalism is a scourge. I never said that WEF/Davos has reached out looking for unvaccinated pilots. What I did say was that wealthy businessmen have reached out to me for that purpose.
1,"In WI, over 79% of Title X patients rely on Planned Parenthood for their basic health care."
1,"Joe Manchin strongly supported and voted for Hillary Clinton after she said, We're going to put a lot of coal miners and coal companies out of work."
0,"elective abortions up to and including the moment of birth. Jon Tester supports elective abortion on demand up until the moment of birth. Think about that again: Jon Tester supports aborting a healthy, full-term baby the day before it's due. That is the extreme position here. At what week does he think it's inappropriate for medical providers to perform an abortion? Based on his voting record, it suggests he does, in fact, support abortion on demand up until the moment of birth."
0,It requires valid votes to be tossed out if the post office delivers them even one minute after 7:30 p.m. on Election Day or if a computer rejects a signature. This legislation specifically indicates that Republican legislators intend to implement a signature verification process statewide in time for the 2024 general election. The only reason to enact signature verification is to void absentee votes. requires valid votes to be tossed out  if a computer rejects a signature.
0,"A friend in need is a friend indeed. So the United States is absolutely prepared to do what we can and what we must, to support Poland in terms of the burden that they have taken on, that I think all of us who understand the moral obligation we should feel to help people who are fleeing harm and seeking refuge; the burden we should all be prepared to take on to support those people who are fleeing their home when they don't want to leave. As Madam Vice President remarked today, 'A friend in need is a friend indeed.'"
1,"After Texas cut their two-year family planning budget by $73 million, one in four clinics closed their doors."
1,"In Pennsylvania, as in many other states, we have governors who are closing down businesses again."
1,"Since we passed tax cuts, over 3 million workers have gotten tax cut bonuses, many of them thousands and thousands of dollars."
0,"I know Willie Brown very well. In fact, I went down in a helicopter with him. We thought maybe this is the end. We were in a helicopter going to a certain location together and there was an emergency landing. This was not a pleasant landing. And Willie was, he was a little concerned. So, I know him. I know him pretty well. I knew Willie Brown a long time ago. He was a hot politician and had a great 'way.' We actually had an emergency landing in a helicopter together. It was a little scary for both of us, but thankfully we made it."
0,"An ICE minivan was reportedly set on fire in Philadelphia. This is literal leftwing terrorism to make sure our country continues to be invaded. Upon speaking with the driver of the vehicle, the Fire Marshal determined that this fire was accidental. Our Fire Marshal found no indication of foul play or suspicious circumstances. The van experienced mechanical issues before the accident."
0,"weird things"" had been happening in the Pelosi household in recent weeks.
""The glass it seems was broken from the inside to the out, so it wasn't a break-in, it was a breakout. I don't know, you hear the same things I do. the glass it seems was broken from the inside to the out, so it wasn't a break-in, it was a breakout."
1,"Donald Trump's executive order doesn't address the over 2,000 children who are already separated from their parents, and it doesn't change the fact that we would be jailing children with their families."
0,dismissed the destruction and praised the rioters Broken glass will be swept up today. Broken windows will be replaced in a matter of days. wise words praying for peace and working for justice
1,"The 550 US billionaires together are worth $2.5 trillion If we confiscated 100% of their wealth, we'd raise enough to run the federal government for less than 8 months."
0,"Since Joe Biden took office, crime has skyrocketed across our country."
0,"Demings votes with Pelosi 100% of the time. She called abolishing the police 'thoughtful.' In the Senate, I'll protect Florida from bad ideas. Defunding the police: That's just crazy."
0,"Marines are investigating 3 ancient pyramids discovered in Antarctica. This is just a mountain that looks like a pyramid,"" Eric Rignot said.
""Pyramid shapes are not impossible  many peaks partially look like pyramids, but they only have one to two faces like that, rarely four."
1,A white armed robbery suspect was sentenced to two years in jail while a black armed robbery suspect was sentenced to 26 years in prison by the same Florida judge in two separate cases.
0,"This is on you. Unless you choose to do something different, this will continue to happen. Somebody needs to stand up for the children of this state or they will continue to be killed, just like they were killed in Uvalde yesterday. 38,000 Texans had their license to carry denied, revoked, or suspended over the last five years because law enforcement deemed them too dangerous to carry a loaded gun in public. But thanks to Greg Abbott's new law, they don't need a license to carry anymore."
1,"Black women make only around 63 cents while Native American women earn 58 cents, and Hispanic women make just 54 cents in comparison to every dollar a man makes. Today we not only acknowledge the pay gap, we recommit to closing it."
1,President Trump continues to disrespect patriotic transgender Americans who want to serve their country.
1,Raphael Warnock can't even tell the truth about that. That wasn't his dog. He didn't even own that dog.
0,"We pay by far the highest prices in the world for prescription drugs. in some cases 10 times more than the people of any other country. There is no reason why Americans should pay the highest prices in the world for insulin  in some cases, ten times as much as people in other countries."
1,The public health science is clear that the use of of the addiction medicine buprenorphine saves lives whether that use has been prescribed or not.
1," ""Washington D.C., allows noncitizens to vote in the upcoming 2024 election under current law. That's municipal elections.
Think of the mayor of Washington D.C. That means, just to give you an example of how crazy I believe this law is, an individual who's a Russian national, a Russian citizen, working at the Russian Embassy, after residing in Washington D.C., for 30 days, can walk out of the Russian Embassy, have their Russian passport in their pocket, walk down to a voting location next year and vote for mayor in Washington D.C. And they don't even need to show their ID to do it""."
0,The worst thing is they want to make our Army tanks all electric. as we blast our way through enemy territory in an environmentally friendly manner. environmental maniacs first. they want to make our Army tanks all electric.
1,"""Over the past four decades, we've lost over 400,000 farms in America (and) over 140 million acres of farmland"". ""And that's an area roughly equal to the size of Minnesota, North and South Dakota combined."""
0,"MAGA Republicans like Kari Lake support Project 2025, which would raise the retirement age for 73% of Arizonans. cut Social Security benefits for the average Arizonan up to $100,000 over 10 years. MAGA Republicans like Kari Lake support Project 2025, which would raise the retirement age for 73% of Arizonans."
0,"Enough is enough. Kanye"" (as part of the graphic on the T-shirts).
""Hava Nagila"" (the title of the Jewish folk song played throughout the video)."
0,"I've had lunch in the Capitol for no reason. It's not illegal to go inside the Capitol. Hundreds of people do it everyday. You do not need a reason to enter the U.S. Capitol. You can enter any time you want during business hours just because you feel like. Legally, the most public government building in the world is not closed due to COVID-19 unless the public is given notice. It's not illegal to go inside the Capitol."
0,"No se equivoquen. El crimen violento aumentó bajo Donald Trump. Y eso sin contar los delitos que él cometió. Señalaría los cambios en las actitudes hacia la policía y la legitimidad de la policía, así como la retirada policial después de la muerte de Floyd como factores potencialmente primarios detrás del aumento. No es posible desentrañar cada factor de la pandemia. El crimen violento aumentó bajo Donald Trump."
0,"Yes. I will not pardon him. No reasonable person who looks at the facts of Hunter's cases can reach any other conclusion than Hunter was singled out only because he is my son  and that is wrong. Here's the truth: I believe in the justice system, but as I have wrestled with this, I also believe raw politics has infected this process and it led to a miscarriage of justice."
0,"a portal of information to help you make the right choice to refuse any treatment that has not completed all the required clinical trials including long-term studies The authors seek not to frustrate vaccination efforts, but rather to prepare patients and providers for a rare but potential adverse effect. Cases tend to be mild, do not usually require specific interventions, and potential risks of the vaccine are outweighed by the well defined risks of COVID-19 infection. markedly lower The risk of anaphylaxis to mRNA vaccines is present but extremely low and is offset by the benefits of the vaccine. 1,000 peer reviewed studies questioning COVID-19 vaccine safety."
0,"total mess. couldn't care less totally weakens Instead of getting tough, and doing what the people want same day voting, Voter ID, proof of Citizenship, paper ballots, hand count, etc.  this Bill guts everything. It will allow dirty Voter rolls to get dirtier, weakens transparency, and is a total mess. It's simple, all we want is a Free and Fair Election, and an honest count. weakens election integrity instead of getting tough, and doing what the people want same day voting, Voter ID, proof of Citizenship, paper ballots, hand count, etc.  this bill guts everything.
"
0,"Whether you're in Virginia, whether you're in San Francisco, you want children to be taught facts in school, you don't want them indoctrinated. They're concerned about Judge Jackson. You believe judges must consider critical race theory when deciding criminal defendants. Gave a lecture talking about critical race theory as one of the components to consider when you are making decisions on the bench."
0,It is inconceivable that the federal government has no answers nor has taken any action to get to the bottom of the unidentified drones. an obvious Star Wars prop as a meme. modern-day 'journalism.' I tried to clarify I knew it was a joke.
0,"Republican leadership has not been clear about whether they support Rep. Ramthun's illegal and undemocratic resolution. Now, every Wisconsinite can know where the Assembly's leaders stand on the integrity of our elections."
1,"President Trump has lifted the prospect of voters across Vermont, overseeing a 11,742 decline of Vermont residents on food stamps."
1,"Gov. Tony Evers claimed the pay raise is helping attract more people to the profession and producing record-high officer training classes. ""We're having the largest classes of correctional officers we've ever had before,"" Evers said. However, Evers acknowledges that large class sizes havenâ't yet solved the staffing shortages, saying, ""Weâ're getting there""."
0,"We're talking about parents that go to school board meetings for the schools that they pay for with their taxes and having the temerity to question the curriculum, and then they're put on, you know, the red flagged, they're flagged by the Department of Justice and the FBI for attending a meeting. That's not what America is supposed to be about. That sounds like some tinhorn Third World dictatorship. Parents that go to school board meetings"" and question the curriculum are being ""flagged by the Department of Justice and the FBI for attending a meeting."
0,"For the first time in a long time, this country's working people actually got a raise. The people of the bottom 40% saw their income go up, the most of all the categories. this country's working people actually got a raise."
1,We heard from the Department of Homeland Security this week that this was probably the most secure election thatâ's ever been run in the United States.
0,COVID-There is an argument that it is ethnically targeted. COVID-19 attacks certain races disproportionately. COVID-19 is targeted to attack Caucasians and Black people. The people who are most immune are Ashkenazi Jews and Chinese. We don't know whether
0,"What you don't need is a president who is against energy independence. Ron DeSantis is against fracking. He's against drilling. You better watch out because what happens on Day 2 is when you're in trouble. Day 2 in Florida, you banned fracking, you banned offshore drilling, you did it on federal lands and you took green subsidies that you didn't have to take. He is against fracking. He is against drilling."
0,"The very LIBERAL 9th Circuit Court has ruled that 84 of Biden's last-minute pardons are unconstitutional. There is no precedent for pardoning someone who hasn't been charged with a crime. President Biden's pre-emptive pardons are, therefore, outside the constraints of constitutional law. The Solicitor General is expected to turn the cases over to the Department of Justice for prosecution."
1,Screnock let a child predator walk without time and let a rapist who preyed on an underage girl go free after only an eight-month sentence.
0,"This legislation has helped 97% of the families with children who are living in poverty. I'm asking you to stand with me, Albany. Your vote is your voice, and your voice is your human dignity. has helped 97% of the families with children who are living in poverty."
0,Biden tries copying Trump by visiting a gas station in PA - instead he's ignored by virtually everyone there.
1,"There is racism physically built into some of our highways, and that's why the jobs plan has specifically committed to reconnect some of the communities that were divided by these dollars."
1,"On average, 65% of all gun deaths in America are from suicides."
0,"When the United States Marine Corps, when the United States of America, asked me to go to Iraq to serve my country, I did it. When Tim Walz was asked by his country to go to Iraq, do you know what he did? He dropped out of the Army and allowed his unit to go without him.  I think it's shameful. stolen valor When Tim Walz was asked by his country to go to Iraq, do you know what he did?"
0,"Things are not going, right now, very well for the consumer. Bacon is up five times. bacon is up five times"
0,"If you make less than $100,000, Trump is about to raise your taxes. We believe his record of spreading constant lies and mis-information on a near daily basis gives him no credibility for the public to believe his denials regarding Project  Trump is about to raise your taxes"" to a flat rate of 15%."
0,"Are you one of those people driving down the road past the gas station, smugly thinking 'at least I'm not paying for gas.' Or do you think, 'At least I'm not destroying the planet so long as I don't think about the coal-fire plant powering my car.' Right now, driving 100 miles in an electric vehicle is more expensive than driving an internal combustion engine car."
0,"We need to get out of ERIC, a system that's funded by George Soros. The Electronic Registration Information Center is a system that's funded by George Soros."
1,U.S. agricultural & food exports are expected to increase more than $2 billion annually under #USMCA.
1,Trump's response to Mueller that there was insufficient evidence and therefore Trump is innocent is in direct contradiction to what Mueller said.
0,"As the world rallies around Ukraine, Mike Lee was one of only two senators to oppose sanctions on Putin. Then he flew to the Kremlin and discussed dropping sanctions. Lee even opposed arming Ukrainians fighting for their lives."
0,"This is when government in Florida has banned abortion. An extreme ban with no real exceptions. Not for her health. Not even for rape. It's hard to find a second physician. First, their license is on the line, but it also has criminal penalties. Assessing how many people who qualify for abortion care under the exceptions are actually able to do so is difficult and the limited health exception leaves out conditions that threaten the health of a pregnant person, but do not pose a risk of substantial and irreversible physical impairment of a major bodily function. Although the text of many bans contain exceptions, these can be unworkable in practice. Florida's six-week abortion law has no real exceptions. Not for her health. Not even for rape."
0,"Biden wants to give illegals ID cards so they can start collecting American benefits. Boy, I wonder if that could possibly lead to voter fraud."
0,School allows students to be terrorized by colleagues who identify as 'furries.' allows students to be terrorized by peers who identify as 'furries.'
0,"It's not the job of the rate-payers in Arizona to get into foreign aid. If you're talking about tribal lands, foreign aid comes under the federal government. seems to be proud of being independent, federally recognized nations. they are responsible for making U.S. payments to international organizations. financial assistance given to tribal nations falls under 'foreign aid' which 'comes under the federal government.'"
1,"Let's start with the youngest ones, the prekindergartners. And I know that you have a full day preschool, universal pre-K. We've added more money, another $150 million to fully fund these programs. And right now, across the state, we have 96% of eligible preschoolers covered. I won't rest until it's 100%. But look how far we've come, from an ideal to have universal pre-K to really almost achieving it in its entirety."
0,"Kamala got 60 million votes in  Does anyone really believe Biden got 80 million in 2020? Where did those 20 million Democratic voters go? The truth is, they never existed. I think we can put the lie about Biden's 80 million votes to rest once and for all. The results show that Biden's 80 million votes in 2020 were a lie."
0,Don't let Biden's lawyer off the hook. No 'true conservative' would 'stand idly by' as other federal prosecutors brought charges against Trump. Brad Knott chose to work for the Biden administration and collect a paycheck. He could have quit at any time. He chose money over principles.
0,"Here you see a case where we show the testes, and you can see that in this 28-year-old man who had a healthy son and who died 140 days after injection, the spike protein is strongly expressed in the spermatogenic organ in the testes. And you can see there are almost no spermatocytes in here, but, and, it's strongly expression of spike protein in the spermatogenic tissue. If I may make a personal comment, this is not a scientific comment. If I were a woman in fertile age, I would not plan a motherhood from a person, from a man who has been vaccinated."
1,"Today I am proud to announce that West Virginiaâ's tourism industry has grown for the second consecutive year, reversing years of decline and outpacing national growth by 58%!"
1,Average annual interest rates on payday loans: Delaware: 521% Idaho: 652% Nevada: 652% Texas: 661% Utah: 652% Wisconsin: 574% It's time to end exploitative lending that keeps Americans trapped in debt. We will cap interest rates on consumer loans and credit cards at 15%.
0,"Over 240,000 'unverified' ballots have already been sent out in Pennsylvania, a total mess. The Democrats are playing games again because they know they are in deep trouble after unleashing skyrocketing crime, record Inflation, a war against American Energy, etc. Luckily, some Great Patriots and members of the State House are watching very closely. Be careful! And VOTE! The Democrats are playing games again."
0,"It's very misleading when Biden says inflation used to be at 9%. This is compounding. It's not like it went down from 9% to 3%. This is building month after month. The better way to think about it is that it's 18%, 19% over the last three years."
0,"Thanks to Joe Biden, starting May 1, your mortgage costs may go up. Buyers with good credit scores will pay even more to cover for those with bad credit. Punishing those who act responsibly: it's the Biden way. Buyers with good credit scores will pay even more to cover for those with bad credit."
1,"Says Ron Kind he's the only member of Congress that voted for both inquiries, the Clinton inquiry and now the Trump inquiry."""
0,"The student debt that is out there, almost 60% of it is graduate school debt. Why would you make a truck driver, or a waitress, or a construction worker pay off the debt for somebody that did a Ph.D. program in gender studies? Almost 60% of student loan debt is graduate school debt."
1,"In 2011, for example, the United Kingdom had 146 deaths due to gun violence; Denmark, 71; Portugal, 142; and Japan, 30. But last year, in the United States, almost 40,000."
1,"Just two weeks ago, Customs and Border Protection seized enough fentanyl to kill every person in West Virginia 32 times over."
1,"The Northam administration's ability to distribute and administer vaccines has been extremely disappointing. Ranking in the bottom third of states nationally, every state we border is doing a better job than Virginia in administering this life-saving vaccine."
0,"In Biden's America, 7 million people illegally crossed the border and are given a free cellphone and airline tickets  and fentanyl is killing hundreds of thousands of Americans. in Biden's America, 7 million people illegally crossed the border and are given a free cellphone and airline tickets."
0,Social Security has nothing to do with the deficit or the national debt. You created that fiction and we're not falling for it. Trust funds enforce long-term budget neutrality. Total spending to date cannot exceed income to date.
0,Paper ballots and hand counting never breaks down. they always break down on Election Day.
1,"We want to be very clear about what our position has always been: Walgreens plans to dispense Mifepristone in any jurisdiction where it is legally permissible to do so. Once we are certified by the FDA, we will dispense this medication consistent with federal and state laws. "
1,"Frey's city government preemptively informed the Target Center that it would be responsible for $530,000 in security and other costs related to Trump's campaign rally."
0,tried to make us pay even more at the pump by hiking the gas tax. even the Legislative Fiscal Bureau explained at the time that there may not be a change in the retail price of fuel by repealing the minimum markup law.
1,Twitter is banned in Iran.
1,"Minnesota Gov. Tim Walz attacked his Republican opponent, Sen. JD Vance of Ohio. JD Vance literally, literally wrote the foreword for the architect of the Project 2025 agenda."
0,"What did Mike Rogers do after 20 years as a politician? He left Michigan to trade on his D.C. connections, helping Chinese tech companies get access to the U.S."
0,Jim Justice opposes the right to work.
1,"Black lung cases are at a 25-year high, and with today's technology and our knowledge of this disease, that is simply unacceptable."
1,Half of the American women who are murdered are killed by their intimate partners.
1,"As Hurricane Florence bears down, I discovered today that the Trump Administration is taking money away from FEMA so that they can pay to put more asylum seekers in detention centers. This is a scandal."
0,"We know the bank records show that nearly $20 million in payments were directed to the Biden family members and associates through various shell companies. I am directing our House committees to open a formal impeachment inquiry into President Joe Biden. Over the past several months, House Republicans have uncovered serious and credible allegations into President Biden's conducta culture of corruption."
0,"They're going to cost, according to a Ford CEO, about 400,000 manufacturing jobs in the state of Michigan will go away with EV mandates. decimate Michigan's auto industry and destroy our economy. They're going to cost, according to a Ford CEO, about 400,000 manufacturing jobs in the state of Michigan will go away with EV mandates."
0,"I have denounced violence from Day One. So, I believe whether it's in Washington, D.C., at the Capitol, or whether it's in downtown Raleigh or downtown Charlotte, I'm going to denounce violence and I would encourage my opponent to do the same thing and denounce the rioting. As N.C. law enforcement officers were being violently threatened and small business owners in downtown Raleigh were seeing their livelihoods destroyed by rioters, Cheri Beasley encouraged the rioters by dismissing criticisms of their actions as a petty 'distraction.' If you're rioting in the streets, and the chief justice of the state tells you any criticisms of your actions should be dismissed, that's a green light to keep on rioting. Cheri Beasley was encouraging riots all across our state and all across our country in"
1,"Donalds told Bream that Harris had ""co-sponsored, fully sponsored this radical Green New Deal, which will cost the American people $100 trillion."
0,"I have seen no indication that he has denounced or distanced himself from any of her unhinged comments or activities, such as her participation in Jan. "
0,"I join you on this solemn day to renew our sacred vow: Never forget. Never forget. We never forget. Each of us, each of those precious lives stolen too soon when evil attacked. Ground zero in New York  I remember standing there the next day, and looking at the building. And I felt like I was looking through the gates of hell, it looked so devastating because of the way  from where you could stand."
0,"Thanks to the Biden administration's religious war in Ukraine, this country is about to run out of diesel fuel. There will be no deliveries because there'll be no trucks, there'll be no diesel generators and then, invariably, our economy will crash because everything runs on diesel fuel. Not on solar panels, not on wind farms  on diesel fuel. The U.S. is about to run out of diesel fuel ... by the Monday of Thanksgiving week."
0,"Murkowski, Collins, and Romney are pro-pedophile. Supporting Jackson's nomination amounts to being pro-pedophile."
0,"They hit him with the fentanyl. If you look, the guy's knee wasn't even on his neck like that."
1,"Referring to the Donald Trump tweets signaling support against state level stay at home orders, Jay Inslee said: We have an order from governors, both Republicans and Democrats, that basically are designed to protect people's health, literally their lives, (only) to have a president of the United States basically encourage insubordination, to encourage illegal activity. These orders actually are the law of these states. And, again, these are not just Democrats. These are Republican-led states as well. To have an American president to encourage people to violate the law, I can't remember any time during my time in America where we have seen such a thing."
1,"Senator Cryin' Chuck Schumer fought hard against the Bad Iran Deal, even going at it with President Obama, & then Voted AGAINST it! Now he says I should not have terminated the deal, but he doesn't really believe that."
1,"ÒGov. Tim Walz not only signed a bill giving free college and health care to illegal immigrants, he sat on the sidelines and watched Minneapolis burn for four straight days,Ó Sen. Lindsey Graham, R-S.C., tweeted Aug. 6 on X. ÓThe governor's bill was signed into law by the U.S. Senate."
1,"New Yorkers are just tired of subsidizing other states with our tax dollars.""New York subsidizes 42 other states. No state gets back less from Washington than New York state."
0,"Friendly reminder that Donald Trump will be the first sitting president to attend the Super Bowl. I have a plan to visit, not the site. Because you tell me, what's the site? The water? You want me to go swimming? I don't have a plan to do that but I will be meeting with some people that were very badly hurt with their family member, obviously. I'll be meeting with some of the families."
0,"Because of our economic policies, we now are reducing inflation."
1,"Nate McMurray Big Tax, Big Spend: An AOC Progressive Who Will Raise Taxes. While serving as Town Supervisor, Nate McMurray voted to raise taxes on homeowners."
1,"When we came into office, we saw that Missouri had 113,000 regulations."
1,Facebook posts now circulating say Wisconsin will hit the peak for coronavirus cases on April 26.
0,I have an opponent right now who isn't just anti-DACA. He actually fought against the protections for DACA recipients when he was attorney general. He used his power to attack people who were brought to this country as children. Adam Laxalt is anti-DACA and fought against the protections for DACA recipients when he was attorney general.
1,WI is the ONLY state where all Republicans voted against protecting its citizens.
1,"No abortions, even in the case of rape and incest. That kind of extremism and government control is the opposite of what we fought for. ItÕs un-American. Blake Masters is wrong for Arizona and heÕs wrong for America."
1,"While neighboring states like Minnesota, Illinois and Michigan have already implemented safety precautions like requiring individuals to wear masks, similar pleas in Wisconsin have fallen on deaf ears of Republican legislators."
1,Spanberger 's voted with Nancy Pelosi over 90% of the timeÉ
0,"one quarter of that debt was accumulated in the four years of my predecessor. one quarter"" of today's $4 trillion federal debt ""was accumulated in the four years of my predecessor."
1,"Ladies and gentlemen, you are living in the most expensive state in the union, but you are 41st in per pupil spending, Eastin claimed at a Los Angeles town hall."
1,Tammy Baldwin cosponsored legislation that wanted to establish the Department of Peace and Nonviolence.
1,"Youâ're not going after dangerous people, you're going after people who are here undocumented. I can tell you the statistics in Illinois, where it turns out that fewer than 20% of those actually deported have been charged with any serious crime."
1,More than half of death row prisoners are people of color.
0,"In honor of #TaxDay, I remind you that Governor Evers wanted to increase your taxes by $1 billion just for heating your homes. Instead, Republicans cut your taxes by more than $2 billion. Evers wanted to raise your taxes by $1 billion just for heating your homes, but instead, Republicans delivered a more than $2 billion tax cut."
1,"Wisconsin Republican Party Chairman Brian Schimming claimed in a media call during Vice President Kamala Harris' March 6 visit that ""We've had 12 elections in 24 years in Wisconsin that have been decided by less than 30,000 votes""."
1,"Italian prime minister has announced that the entire country goes into quarantine, as part of emergency measures aimed at halting the spread of the coronavirus."
1,"Cordray, as the commission's attorney, the attorney general directed it to permit an armed group to have a rally on the statehouse grounds, even taking the extraordinary step of assuming personal responsibility for waiving an insurance requirement in the event of an incident."
0,"wants to release 50% of the prison population when 68% is classified as 'violent offenders.' release half the prison population. thousands of violent felons. Violent offenses are actually a much lower percentage of all admissions to prison. However, they tend to have much, much longer terms and therefore there is little turnover. Reducing the number of inmates would likely require years of policy changes, as opposed to just letting people out of prison, no matter their offense."
1,Almost 75 percent of the deaths from COVID-19 in the state of Texas are a result of people contracting COVID-19 who are age 65 and older.
1,Bill Gates told us about the coronavirus in 2015.
0,"The provided text does not contain any direct quotes from Kamala Harris. It primarily discusses the Affordable Care Act, Donald Trump's stance on it, and includes quotes from Dr. Cesar Quintana and Donald Trump. If you have another text or specific quotes from Kamala Harris that you would like to analyze, please provide that information."
0,"sicced police"" on parents who spoke out at school board meetings.
""We're not tolerating it. In fact, our governor has had the state police outside of their homes this whole time since the very first time it started. What we need now is for Merrick Garland to go ahead and do his job. You saw that he sicced the police on parents when they were at the school boards simply trying to be heard for the safety of their children. selectively enforcing the laws."
1,"The facts are, the majority of opioids and all kinds of other things that are connected to the opioids are coming through the point of entry. They're not coming with an individual person, maybe some are. But theyâ're coming in trucks, theyâ're coming in cars, theyâ're coming right through the point of entry."
0,"Ashli Babbitt tried to stop antifa false flag on Jan.  She was trying to stop those people from busting up the place, and then had to flee from them. That's why she went through the window, and then got shot, got assassinated by that f------- rent-a-cop. All of the Trump supporters were trying to stop these people from breaking windows, trying to stop these people from setting the place on fire. Donald Trump supporters trying to extinguish the false flag, and apparently Ashli Babbitt was one of these individuals, and we got it on tape  As she's trying to stop them, then they start chasing her. So then she's got to climb through. She can't go backwards, so she's got to go forward. We have no cases of antifa in our database of individuals charged with breaking into the Capitol. Nor have we ever seen evidence of a named individual who supports antifa there. Babbitt tried to stop attack on Capitol Speaker's Lobby, video shows. Stop! No! Don't! Wait! Just open the door. They're not gonna stop. She climbed through the window because she feared for her life and wanted to escape. Ashli Babbitt tried to stop antifa false flag on Jan"
1,We're also getting into the pool of the 100 million people that are not working. That pool is now coming back.
1,"Another month of record-breaking revenue numbers! For December, we had a $44.8 million surplus. Year-to-date we are $185.9 million above estimates. This is the largest cumulative surplus for the first six months of any fiscal year in state history!"
1,"More people die from hands, fists, feet, than rifles. Guess we should ban limbs now..."
0,"We have something in common. President Trump and I lost an election in 2020 because of a rigged election. We haven't in Nevada elected anybody since  They have been installed by the deep state cabal. Your vote hasn't counted for decades. You haven't elected anybody. The people that are in office have been selected. You haven't had a choice. No matter how much rigging they can do of the system, if you show up on Nov. 8 en masse, with such a turnout, it doesn't matter what they do. We overwhelm the system."
0,"Every 37 seconds, someone is arrested for possession of marijuana. Since 2010, state and local police have arrested an estimated 3 million Americans for violating marijuana laws  over half of all drug arrests. Black people are four times more likely to be arrested for marijuana laws than white people. States waste $7 billion enforcing marijuana laws every year. Most of the people police are arresting aren't dealers, but rather people with small amounts of pot, just like me. I hope this ad works to not only destigmatize the use of marijuana, but also forces a new conversation that creates the pathway to legalize this beneficial drug, and forgive those who were arrested due to outdated ideology."
0,"The perverts and losers at the failed and once disbanded Lincoln Project, and others, are using A.I.in their Fake television commercials in order to make me look as bad and pathetic as Crooked Joe Biden. We did it with Obama, we won an election that everyone said couldn't be won. We beat Hillary Clinton. bing, bing, bong, bong, bing, bing, bing. Jesus Christ."
0,"health care provider"" is not defined in the text.
""Is that a receptionist at the abortion clinic? Is that a tattoo artist? It doesn't say. It's certainly not a physician, as other amendments in other states have provided. You're not even talking to a doctor to make that determination on what could be something that's risky to the mother at a late stage in pregnancy. You're not even talking to a doctor to make that determination."
1,"Under Emanuel's leadership, we've got tree trimmers making six figures."
0,"Even the WHO has conceded that the virus, regardless of whether it is fully or semi-artificial or natural, is no more dangerous than the common flu, with an infection fatality rate of 14%. I think we can all agree, we never with influenza see the carnage that we're seeing with COVID."
1,"In the article, Texas Agriculture Commissioner Sid Miller commented on a Facebook post about a local chapter of the Sons of Confederate Veterans being told they couldnÕt participate in a Veterans Day parade in Stephenville, Texas, unless they removed Confederate flags from their display. He commented: ""Who told them to leave? Get a rope."""
1,Most of Kathy Manning's support is coming from out-of-state liberal donors.
1,One unnamed donor gave $17 million to the (Leonard) Leo-affiliated Judicial Crisis Network to block the nomination of Judge Merrick Garland and to support Gorsuch; then a donor -perhaps the same one -gave another $17 million to prop up Kavanaugh.
0,"The Absentee Ballot situation in Detroit is REALLY BAD. People are showing up to Vote only to be told, 'sorry, you have already voted.' This is happening in large numbers, elsewhere as well. Protest, Protest, Protest! In all circumstances, eligible voters were able to vote. People are showing up to Vote only to be told, 'sorry, you have already voted.'"
0,"Well, I'm not allowed to testify, I'm under a gag order I guess, right? I'm not allowed to talk. I'm not allowed to testify because of an unconstitutional gag order. We're appealing the gag order and let's see what happens. The gag order is not to testify. The gag order stops me from talking about people and responding when they say things about me. I'm not allowed to testify."
1,Did you know: in the last 10 years less than half of adults in the US received a flu shot?
1,"Kelda Roys, D-Madison, compared Wisconsin withother nearby states that incarcerate fewer people. In particular, she mentioned Minnesota, which ""incarcerates about a third of the number of people Wisconsin does."". ""The bottom line is that we are so far out of step with our peer states like Minnesota"". ""We've been incarcerating between double and triple the rate of folks. Itâ's just way too many""."
0,"votes the party line in Washington and says the opposite when he's home in Arizona. for benefits to illegals. Senator Kelly voted with Republicans a few weeks ago against a provision to allow stimulus checks for illegal immigrants. Today, he flip-flopped and stood with Bernie Sanders, Chuck Schumer and Senate Democrats to send Americans' taxpayer dollars to illegal immigrants."
1,"Breaking: Trump just cut the scheduled federal pay raise, stating that he can't do it now because of 'serious economic conditions' in America."
1,"The condition of Wisconsin highways was rated not only the worst, but it was worse by a gaping margin."
0,"Dave McCormick is fully against abortion. I support the three exceptions. I would not favor an abortion ban of any kind, legislation to support a national abortion. We have to change the law on life, but more than ever we have to change the culture. I do accept three exceptions, the ones you just said. Rape, incest and the life of the mother."
0,"dramatically increased Americans' dependence on Russian oil. a horrific decision had already been made. Joe Biden caved to the radical environmentalists and stopped America's Keystone pipeline, and dramatically increased Americans' dependence on Russian oil, endangering America's security and helping Russia fund their invasion. S&P Global Report"" as saying ""US reliance on Russian oil hits record high. dramatically increased Americans' dependence on Russian oil."
0,The majority of counties in this country have declared that they are not going to enforce state and federal gun laws. They have decided that they are going to essentially refuse to implement laws that are on the books. That is a growing problem in this country. 60 percent of counties in this
1,"When a basketball player or football or baseball player from another team plays in Wisconsin, that one game's salary, they pay Wisconsin income tax on it. So, if for some reason we do not have the Brewers in Wisconsin all of those player salaries that generate dollars for the state of Wisconsin go away."
1,"In 2014, for example, in McDowell County, W.Va., one of the poorest counties in the nation, life expectancy for men was 64 years. In Fairfax County, Va., a wealthy county, just 350 miles away, life expectancy was nearly 82 years, an 18-year differential. The life expectancy gap for women in the two counties was 12 years."
1,"I would abolish the filibuster, but even if you keep the filibuster in place, over time there have been 160-some carve-outs to the filibuster."
1,"I strongly disagree with the President's decision on Denali. Our nation's tallest mountain, which has been called Denali for thousands of years, must continue to be known by the rightful name bestowed by Alaskaâ's Koyukon Athabascans, who have stewarded the land since time immemorial."
1,"Vallas said, I took over the school district when it had a $1 billion structural deficit and left them with $1 billion in cash and 70,000 more students than they have today."
0,"I whiffed. I don't support red flag laws. At the time, we thought it was a way to help stop some of the shootings by the mentally ill folks. We have seen since then that it is an abusive and bad policy. A mistake; wish I could get it back. But I've learned from it. Nobody is perfect, and I'm committed to carrying that legislation to repeal it in the Senate."
1,"Trump said that in the 2016 presidential election in West Virginia, he won by 42 points."
1,Michael Cohen: Convicted of lying to Congress re: Russia investigation... Elliott Abrams: Convicted of lying to Congress re: arming Contra death squads.
1,"New data shows in-person learning isn't driving spikes in cases, and school closures leave us with the worst of both worlds: students falling further behind without a significant impact on slowing the spread"
1,"Wisconsin is the nation's top cranberry producer, in fact, our farmers harvest around 60 percent of the country's crop."
1,"We have witnessed a shift in public understanding of how climate change will affect our communities. New Yorkers are seeing the impacts nearly every day on the news and on their doorsteps. Republican and Democrat, coastal and inland, urban and rural communities are all affected. ""Every single county in New York has experienced a federal climate disaster between 2011-2021. There is no debate that the reason is climate change."
1,We put $330 million in general school aids -the largest in more than a decade.
1,"I'm the only Democrat to beat the speaker. This is the first time Speaker Vos has lost a seat, and so he wants it back."
0,"The ranks of the conspiracy theorists now include the Ninth Circuit Court of Appeals, which just ruled Covid vax mandates unconstitutional because the vaccine does not stop transmission. I dunno, maybe it's the brain worm, but I seem to remember the experts and authorities telling us otherwise. The court did not rule on the legitimacy or accuracy of the plaintiffs' factual allegations about the vaccines, such as their claims that the vaccines do not prevent transmission. LAUSD's pattern of withdrawing and then reinstating its vaccination policies is enough to keep this case alive. It's crucial to note the court did not endorse the plaintiffs' claims about the vaccines."
1,"Alabama is operating government on the lowest amount of tax revenue of any state in the nation, which is why we're lagging behind our sister southern states."
1,"Florida is the 3rd most populous state, 4th largest state economy, the 45th in state education funding."
0,"I doubt many people in this audience or any other audience would have said that two years after being elected, I'd be able to convince India, Australia, Japan, and the United States to form an organization called the Quad to maintain stability in the Indian Ocean and the South China Sea. I doubt many people...would've said that two years after being elected, I'd be able to convince India, Australia, Japan, and the United States to form an organization called the Quad. I was able to convince India, Australia, Japan, and the United States to form an organization called the Quad to maintain stability in the Indian Ocean and the South China Sea."
1,Governor Walker has turned down a billion dollars in Medicaid money over the course of his tenure.
0,"Did the CDC stage the 'escaping monkeys' as a cover story for releasing the next bioweapon? Woman who came in contact with 'escaping monkeys' gets quarantined, comes down with pink eye and a cough. I want people to know I am not sick regardless of what they are reading that has been put out there in the media."
0,VIDEO PROVES and ISRAEL ADMITS it slaughtered its own people on Oct. 7th. This attack was NOT made by goat herders on paragliders. Footage from Israeli helicopter shows the IDF killing many people at October 7 concert in Israel. IDF helicopters fired on civilians fleeing the PsyTrance Music Festival. Israelis killing their own.
0,"Most people in Georgia know that something untoward happened in November  I'll just say it, Brian. In my election and the president's election, they were stolen. The evidence is compelling now. The evidence is 'compelling' of stolen elections. I want to congratulate the Democratic Party and my opponent for this runoff win. My 2021 Georgia Senate runoff and the 2020 presidential election 'were stolen.'"
0,"The Congressional Budget Office says that 90% of the revenue generated from the new IRS agents will come from people making less than $200, The revenue generated will be $300-plus billion. The CBO says 90% of the revenue generated from the new IRS agents will come from people making less than $200,"
0,14 weeks should be enough time for a person to be aware of a pregnancy and decide whether to continue that pregnancy. we have technology and medical advancements today that can tell you if you are pregnant the day after conception. technology and medical advancements today that can tell you if you are pregnant the day after conception.
0,"If you're going to do this, then let's be truthful about it, because the Holocaust isn't about race. No, it's not about race. I said that the Holocaust wasn't about race and was instead about man's inhumanity to man, but it is indeed about race, because Hitler and the Nazis considered Jews to be an inferior race. I regret my comments, as I said, and I stand corrected. The Holocaust isn't about race. No, it's not about race."
0,"protecting Social Security and Medicare and lowering prescription drug costs. On my watch, for the first time in 10 years, seniors are getting an increase in their Social Security checks. Seniors are getting the biggest increase in their Social Security checks in 10 years through President Biden's leadership."
0,"Springsteen; Queen; Pearl Jam; Dave Grohl; All Remove Music From Spotify!"" - CelebNMusic247
""Breaking ?? Willie Nelson, Bruce Springsteen, Barbra Streisand, Queen, Paul McCartney, The Rolling Stones, Dave Grohl, Joni Mitchell, Pearl Jam are removing their music from Spotify in solidarity with Neil Young!!! #Spotify can keep the fascists. #DeletedSpotify."" - Viral tweet
""out of control"" - Joe Rogan
""try harder"" - Joe Rogan
""immediately establish a clear and public policy to moderate misinformation on its platform."" - Open letter signed by scientists and doctors"
0,"When the Republicans were in power the last time for eight years, do you know how much discretionary spending increased in those eight years? Zero. They increased it by 30%. "
1,Overdoses in Virginia (are) up 35%.
1,"If you look at New York state, we have a lower percentage of deaths in nursing homes than other states. A third of all deaths in this nation are from nursing homes. New York state, we are only at about 28 percent - only. But we're below the national average in number of deaths in nursing homes."
0,"Biden never had a covid plan. Look, there is no federal solution."
0,"Just last week, Ruben Gallego voted to let the millions of people who poured into our country illegally cast a ballot in this upcoming election."
1,"We now have longitudinal data that shows that children born around Superfund sites have dramatically higher rates of birth defects, dramatically higher rates of autism."
0,"Joe Biden and his fellow Democrats have erased our southern border and they have released a record number of illegal immigrants into the United States, all at your expense. Mixed among the masses are drug dealers, sex traffickers and violent predators. One of these criminals raped a little girl. She was 3 years old  Who is Joe Biden letting into our country? Who are the Democrats bringing into our cities? And how many more kids will suffer?"
0,"90% of my state campaign donors are from special interests. were""  not ""are""  from ""special interests, including corporate PACs. 90%  of donors."
0,"It could be the most beautiful place. It could be better than Monaco. It has the best location in the Middle East, the best water, the best everything. It's got, it is the best, I've said it for years. You know when  I've been there, and it's rough. It's a rough place, before the, you know, before all of the attacks and before the back and forth what's happened over the last couple of years. President Trump has been to Gaza previously and has always worked to ensure peace in the Middle East."
1,So the statistic I throw out is 50 percent of venture capital goes to California. Most of the rest of it goes to New York and Massachusetts.
0,Attention seniors: Kamala Harris has promised amnesty for the 10 million illegals she allowed in as border czar making them eligible for Social Security. Studies warn this will lead to cuts in your Social Security benefits. Kamala Harris has promised amnesty for the 10 million illegals she allowed in as border czar making them eligible for Social Security. Studies warn this will lead to cuts in your Social Security benefits.
1,"""In April last year, our state unemployment rate hit a record-low of 2.4%,"" Evers said during his Jan. 23 address. ""Last year, Wisconsin had an all-time lowest number of unemployed workers ever in modern history""."
0,"giant fake news scam. I've never seen this before, but the producers of 60 Minutes sliced and dice 'cut and pasted' Lyin' Kamala's answers to questions  all in an effort, possibly illegal as part of the 'News Division,' which must be licensed, to make her look 'more Presidential,' or at least, better. It may also be a major Campaign Finance Violation. Harris' REAL ANSWER WAS CRAZY, OR DUMB, so they actually REPLACED it with another answer in order to save her or, at least, make her look better. Harris' '60 minutes' interview might be a major Campaign Finance Violation."
0,"Here's the hard truth: this country's billionaires are tired of subsidizing everyone else's schools, parks, health care, even food and entertainment. You want nature? Buy some land. Health care? Befriend a doctor. Entertainment? Roll around in the mud with your fellow pigs. Take away the subsidies. It will only help Tesla. Also, remove subsidies from all industries!"
1,"In 2017, we had more marijuana possession arrests in our country than all other violent crimes combined."
0,"Eric Hovde says he understands the tragedy of children being trafficked through Central America because he owns three homes there. While not mentioned in his speech, Hovde appears to be referring to his charitable foundation, Hovde Homes. The homes he spoke of are shelters for vulnerable children, not residences."
1,"At a March 27 event, U.S. Rep. Mark Pocan, a Democrat from the town of Vermont in Dane County said we passed 27 bills last year, which is the fewest since the Depression."
0,"Today, the most common price of gas in America is $39, down from over $5 when I took office. Gas is going to be down  $35 since this summer. We're down $25 since the peak this summer. The price of gas is down from over $5 when I took office."
1,The Texas power grid is not part of the U.S. power grid because they wanted to avoid federal regulation.
0,"The White House Gift Shop is putting out a commemorative coin for Donald Trump's indictment. Now whatever you think about it, whatever party you are, you gotta admit it's poor taste, That it's capitalizing upon something without his permission, I'm sure. It's the wrong thing to do. Have a sense of decency, White House Gift Shop."
0,"So, when you look at most American aid over the last few decades, what do we mean by American aid to other countries? The vast majority of it is military aid. And we sell arms to 60% of the world's autocrats. We are the world's largest arms exporters."
1,"After visiting community health centers and certified community behavioral health clinics across Missouri, I'm proud to see firsthand how our state is leading the country when it comes to improving services for mental and behavioral health. Innovation is happening right here."
1,"Since 1981, the state Senate has only rejected five executive appointments. The GOP, today, is more than doubling that number."
0,"House Republicans admitted to secret maps and destruction of evidence. So the question iswhat the hell was going on in the [state Senate] that was so much worse than what was happening in the House? refused to testify"" referring to Daniel and Newton invoking ""legislative privilege""."
1,Household income among Hispanic Americans has just set a new record high.
1,"Nearly 800 million opioid pills were shipped to WV, amounting to 433 pills for every man, woman & child in the state. Our legislation will help prevent this from ever happening again."
0,"Just like the Cuban regime, the Biden regime is trying to put their political opponents in jail, shutting down free speech, taking bribes and kickbacks to enrich themselves and their very spoiled children. Just like the Cuban regime, the Biden administration is trying to put their political opponents in jail, shutting down free speech."
1,"At Braun's company, the deductible on his health care is $10,000, which is completely unaffordable. He has every time tried to take away pre-existing conditions coverage and supports the lawsuit today that would do that."
1,"It's now constitutional to ban these weapons of war in Illinois. Yet, the Illinois General Assembly has failed to allow other cities to have that opportunity."
0,"The text does not contain any direct quotes from Tammy Baldwin. It primarily discusses her campaign's claims against Eric Hovde and his responses, but does not include any statements made by Baldwin herself."
1,"Trump said under three years of his administration, net farm income has already gone up nearly 50% and will now be rising even faster."
1,We are incarcerating more children than any time in Americaâ's history since we interned Japanese-Americans during World War II.
1,The ERA could also mandate that schools allow biological males to compete in girls' sports.
1,President Trump's Republican Party will create more debt in one year than was generated in the first 200 years of America's existence.
0,"You know, not everybody started out with $400 million on a silver platter and then filed for bankruptcy six times. started out with $400 million on a silver platter and then filed for bankruptcy six times."
0,"Biden's plan to pay other people's college loans using my tax dollars is a great idea,"" a waitress says with mock enthusiasm.
""Want to be a struggling artist?"" a mechanic says. ""College is on me. Tell Congress, stop Biden's bailout for rich kids. the education debt of people with valuable degrees,"" including ""white-collar professionals with high future salaries. bailout for rich kids."
1,"It's late at night, and a light is on in the Governorâ's office. Kathy Hochul is hard at work, and it shows. Since taking office, she's passed over 400 new bills."
1,"Well, Senator, the filibuster. That is a Senate rule that was created by senators later, in fairness. It's not a Founding Father idea."
0,"CBS committed fraud. CBS and 60 Minutes defrauded the public by doing something which has never, to this extent, been seen before. They 100% removed Kamala's horrible election changing answers to questions, and replaced them with completely different, and far better, answers, taken from another part of the interview. replaced"" Harris' ""60 Minutes"" interview answers ""with completely different, and far better, answers, taken from another part of the interview."
0,"During Covid, Tim Walz rationed access to monoclonal antibody treatments based on skin color. Being non-white gave a person more priority than having hypertension, and was equal in importance to having massive risk factors like diabetes or cardiovascular disease. How many people did Walz kill because he thought they were less deserving due to their race?"
1,Right now 5% of Americans donate to political campaigns and candidates.
1,"Not only did Governor Tim Walz sign legislation giving free college and free health care to illegal immigrants, but he sat on the sidelines and watched Minneapolis burn for four days straight."
0,"Bad policy and incompetence""  not the planet's changing temperatures  are to blame in the Los Angeles wildfires. So we are abundantly clear it has nothing to do with climate change or Donald Trump. The Los Angeles wildfires have nothing to do with climate change."
1,"We've taken the poor off of the rolls. They don't pay income tax any more. Most people below $50,000 donâ't pay any income tax. The top 1 percent in our country pay 40%."
1,"The National Defense Authorization Act for fiscal year 2019 includes the largest pay raise in nearly 10 years and provides our service members with the resources, equipment and training they need."
0,"Now we have about 1,You know what the average tax they pay is? About 3%. Look, no billionaire should pay a lower tax than a schoolteacher or a firefighter. The average tax for billionaires is about 3%. a lower tax than a schoolteacher or a firefighter."
1,"One in six local election officials have received threats of violence, doubling the number of threats against judges in just the last four-year period."
0,"Classified documents can never be taken out of a SCIF, ever. Nobody's claiming that it's OK to have a, certainly I'm not, that it's okay to have classified information anywhere outside of a SCIF. Classified documents can never be taken out of a sensitive compartmented information facility, ever."
1,"Additionally, I want to just emphasize the growth of Texas. Just in the Austin MSA alone, 150 people move here every day."
1,"Voter ID is supported by an overwhelming majority of NYers, from all across the state, walks of life, & political parties."
1,"Three hundred sixty thousand Pennsylvanians fought on the side of the Union to defeat the flag, that Confederate flag, including more Black soldiers coming from Pennsylvania than any other state in the nation."
0,"Ruben Gallego wanted to defund the police. He actually co-sponsored legislation to defund the police. You, Gallego have voted to defund the police. Gallego wanted to defund the police. He actually co-sponsored legislation to defund the police."
1,"In December of 2017, the Prince William board of supervisors had a meeting... Corey Stewart skipped that meeting to go campaign in Alabama for Roy Moore to be a U.S. senator."
0,"These efforts all come as Congress considers the misleadingly titled 'Civics Secures Democracy Act,' which would allow the Biden Administration to buy off states with $6 billion if they sacrifice American History for Critical Race Theory and Biden's other political whims of the day. There is no truth to the claim that the proposed Civics Secures Democracy Act is a backdoor effort to mandate the teaching of critical race theory. Education is primarily a state and local responsibility in the United States. The Civics Secures Democracy Act would allow the Biden administration to buy off states with $6 billion."
1," @POTUS  no it's not -in fact, your own administration published a study concluding 4/5 new cars on the road by 2050 will still require liquid fuels..."
1,"For African American families in particular, the homeownership rate remains relatively unchanged since 1968, the year the Fair Housing Act was signed into law. Unfortunately, federal housing policy has done little to address the affordability of housing. It's too expensive and too far out of reach."
0,and his liberal friends treat Black Americans like second-class citizens. send a fortune to Ukraine but nothing for our children.
0,"People have concerns about the election process and oh by the way, it's not just Republicans; it's Democrats. In 2016, Democrats suggested that the election was stolen. Concern over election fraud is a bipartisan issue."
1,"Under Emanuel, CPS has become the most understaffed school district in Illinois."
1,"Since 2011, we have documentation of 1,671 dead bodies we have recovered in Texas, many in Brooks County."
1,"Every single city and county in Virginia, their unemployment dropped, and in most of the rural communities, it dropped by over 50 percent."
1,"43 of Joe's legislative proposals have become law, including 21 since President Trump took office."
0,Harvard is sitting on top of a $54 BILLION hedge fund they call an 'endowment' that they pay zero taxes on. Yale has $31 Billion. Stanford $29 Billion. Princeton $26 Billion. 'Elite' schools sit on a goldmine but the middle class will foot the bill for student loan forgiveness.
1,Fentanyl is the leading cause of death for Americans 18-45.
0,"Jack Smith is a lousy attorney. His career is filled with mistrials, overturned cases, and judicial rebukes. He only targets Republicans because he's a weak little b---- for the Democrats."
0,"We take every tuition increase very seriously, but we work diligently to leverage federal, state and externally funded financial aid to our students so the cost is manageable. The university has also increased the amount of unfunded institutional aid provided to students and expects this amount to exceed $134 million in  Increased the amount of unfunded institutional aid provided to students and expects this amount to exceed $134 million in "
1,Molinaro supports putting a female inmate in shackles during childbirth.
0,"We have seen over the last 10 years, under Republican agencies and Republican governors, a rise in the murder rate in Arizona of 20%. We have seen over the last 10 years under Republican agencies and Republican governors a rise in the murder rate in Arizona of 20%."
0,"North Carolina GOP is reintroducing a bill that says life begins at conception and anyone who destroys that fertilized egg is guilty of first-degree murder. The claim captures some of the bill's intentions, but falsely says it was 'reintroduced' by the 'North Carolina GOP' and ignores key details about the bill's status and potential for becoming law."
1,Energy costs are the highest in 15 years.
0,"Republicans DO NOT want to throw doctors and women in jail. Mothers should be held harmless under the law. A person convicted of performing or attempting to perform an abortion shall be guilty of a felony punishable by a fine not to exceed $100,000, or by confinement in the custody of the Department of Corrections for a term not to exceed 10 years. A person performing an abortion faces a minimum penalty of five years in prison. In each state, a doctor found guilty of breaking the law faces a possible, or in some cases, a mandatory prison sentence. Republicans do not want to throw doctors in jail for violating abortion laws."
0,"Tim Ryan pretends to care about the working class, but he's a fraud who does nothing while his friend Joe Biden uses the ATF to illegally track your gun transactions and trample on your 2nd Amendment rights. Unlike Tim Ryan, I'll fight to end Biden's illegal gun database. Once you allow gun registry, you effectively allow the disarming of your citizenry. Anytime a government agency infringes on the Second Amendment, any reasonable constitutionalist will deem that illegal. Biden uses the ATF to illegally track your gun transactions."
1,About New York state: We have the highest debt per capita.
0,"What is it with liberals that want to control every damn aspect of your life? ... Now these idiots have come out and said, 'Drink two beers a week.' That's their guideline. Well, I've got to tell you, if they want us to drink two beers a week, frankly they can kiss my ass. So that's why Biden is trying to limit you to two beers per week. Biden is trying to limit you to two beers per week."
0,"Nevada ranks 50th in election integrity ratings,"" he said in a Feb. 2 Facebook ad.
They have a one-sided view of what's important,"" said Matthew Weil, an elections expert at the Bipartisan Policy Center.
essentially anti-mail voting,"" said Thessalia Merivaki, a political scientist and expert on elections at Mississippi State University.
At a time when voter concerns about hacking of voting machines and electronic counts have never been greater, paper ballots and audits provide a much-needed basis for confidence in election outcomes,"" Strasburger said.
a clear bias about specific processes, such as absentee voting. It completely ignores security protocols that states have to ensure secure voting,"" said Merivaki.
To their credit, they identify some healthy election practices, such as participation in the interstate program ERIC, but they also look down on practices that would actually create more accurate voter rolls and improve the voting experience for citizens, such as automatic voter registration,"" said Matthew Germer, a fellow at the R Street Institute.
"
0,"Eighty-two percent of the country understands that it was a rigged election. You can't have a country with that. A poll came out: 82%. But they go after the people  they don't go after the people that rig the election, they go after the people that are looking. 82% of the country understands that it was a rigged election."
0,"Remember, Donald Trump was impeached for threatening to withhold military aid from Ukraine. And remember, 52 out of 53 Republican senators voted to let Trump get away with it. Donald Trump's appeasement of Putin wasn't just a personal act of treason, it's the Republican Party's official position."
1,"In 30 states, average teacher pay is less than the living wage for a family of four. The teacher pay gap is a national crisis."
0,"Senator Mike Lee advised Trump's legal challenges to overturn our election. He was one of only two senators who was in on the scheme, receiving the plan four days before the January 6th insurrection."
1,"A bill passed by GOP legislators makes it harder to prosecute people and groups that violate campaign finance laws."""
0,German perverts open bestiality brothels. One thing we predicted was that if you lift the traditional social and political restrictions on sexual activity and you redefine marriage and you redefine the whole family you're going to have people not just having sex with each other  you're going to have people having sex with animals.
1,I think one of the biggest takeaways for me was finding out the vast majority of the folks coming into Fort McCoy is that they are not the SIVs.
0,legalizing abortion should be left up to states while recognizing the sanctity of life. This concept is so novel and repugnant to the Democrats that they would put forward a radical and extreme abortion bill that would permit abortion even up until birth for any reason. would permit abortion up until delivery.
0,The NFL admits to canceling Elon's DOGE Super Bowl ads. Time to cancel the NFL.
0,Biden wants to immediately stop all aid to Israel. Any Jewish person who votes for Crooked Joe Biden should have his/her head examined! Biden wants to immediately stop all aid to Israel.
1,"Texans have some of the highest property taxes in the nation, and the tax only goes up. We will put the broken property tax system on a path to zero."
0,is divided 50-50 on whether they support Hamas or Israel. Young people in the country are lost. Gen Z is divided 50-50 on whether they support Hamas or Israel.
0,"We do need entitlement reform, but we can't just slash entitlements; it's more complicated than that, right? We can't pull the rug out from seniors who are currently receiving Social Security, who are currently receiving Medicare. People have built their financial lives around these programs. And so, how to reform the system in a way that doesn't actually hurt the people who paid into it, right? We've got to cut the knot at some point, though, because, I'll tell you what, I'm not going to receive Social Security.  My kids, they're not going to receive Social Security. And we need fresh and innovative thinking, right? Maybe we should privatize Social Security, right? Private retirement accounts, get the government out of it, past a certain point, because the government, it is just too big. I don't think we should, like, mess with Social Security. Keep it. I do not want to privatize Social Security. I think, in context, I was talking about something very different. We can't change the system. We can't pull the rug out from seniors. I will never, ever support cutting Social Security. We want people to invest. We want people to feel secure and thrive. And then you want well-tailored government programs, like Social Security, to serve as a backstop to make sure that no one falls through the"
1,Johnson called climate change 'bull - - - -' during a record heatwave and raked in over $700k in fossil fuel cash.
0,"So, the United Nations has warned Christians that if we do not fully accept the legalization of pedophilia that we will be excluded from participating in society. UN chief: Christians who don't accept MAPs will be excluded from society."
1,"This year I'm proposing we act to approve an extreme risk law. It creates a legal way for law enforcement and the courts to temporarily remove firearms from someone who has shown dangerous behavior, and who poses a risk to themselves or others. This idea has passed Republican legislatures in other states and been signed by Republican governors"
0,"Bennie Thompson actively cheer-led riots in the '90s. So, he had no problem with violence against the police then. My position is that people are entitled to live as they choose, so long as they are law-abiding and peaceful."
1,Virginia's economic growth has stalled at less than 1% per year for eight years.
0,NEWSFLASH  the '+' includes [pedophilia]!! Mo Green will not keep our children safe!
0,"If the Dow drops 1,000 points in two days the President should be impeached immediately. If the Dow Joans ever falls more than 1000 'points' in a Single Day the sitting president should be 'loaded' into a very big cannon and Shot into the sun at TREMENDOUS SPEED! No excuses!"
0,"completely blocked the Durham Freeway in Durham, North Carolina, during rush hour, stranding drivers and compromising the free flow of commerce. No arrests were made. needs to be a crime throughout the country. I'm sure any North Carolinian who was stranded in traffic that day for hours wanted the activists to be arrested on the scene to stop the traffic blockage. no arrests"" of protestors who blocked Durham Freeway on Nov. "
0,"It might shock you to know that the National Human Trafficking Hotline that was funded by Congress to report tips to law enforcement, in the last four years decided that they would no longer report tips to law enforcement, that they would take a more victim-centered approach. This fell in line with a lot of what we saw over the last four years, with people saying things like, defund the police, abolish the police, nonsense policies that lead to an explosion in crime. The National Human Trafficking Hotline decided in the last four years to 'no longer report tips to law enforcement' and to take a more victim-centered approach."
1,"The United States imports 50 percent of at least 50 mineral commodities each year, including 100 percent of 21 of them."
0,"Kamala Harris and Sherrod Brown are responsible for flooding Springfield, Ohio with thousands of illegal Haitians who are sucking up social services and even reportedly killing and eating pets. We need to deport illegals, not invite them to wreak havoc on our communities. Illegal"" Haitians in Springfield are ""reportedly killing and eating pets."
1,"Over the past two years, climate and weather disaster damage has cost the U.S. over $400 billion and our economy will lose over $500 billion annually from lost labor, crop failure and damages related to extreme weather if we don't act on climate now."
1,President Trump has the strongest support percentage-wise in our state than any other state in the nation. He won West Virginia by almost 43 percentage points and he's been carrying close to the 60 percent approval.
1,"324,000 pregnant people experience domestic violence during their pregnancy, which creates trauma that stays with survivors, impacting their physical and emotional health."
1,Wisconsin was the last state to pay out COVID-related federal unemployment money.
1,Tony Evers says that tax dollars should pay for the abortions just like they pay for tonsillectomies.
1,"Over 30 states passed the legislation to ban powdered alcohol, and Missouri is not one of them."
1," John Culberson was caught using campaign cash on collectibles, including Civil War memorabilia and fossils."
0,"We have people who were indicted for the very thing we are talking about right now, who pled guilty and frankly, those votes altered the outcome of Yuma County. How do the people who were disenfranchised through nullification, how do we help them? Ballot harvesting in Yuma County altered the outcome in the August 2020 primary."
0,"I think the U.S. needs the equivalent of an Iron Dome because Russia has hypersonic missile capabilities ahead of that of the U.S. We are vulnerable to new threats on our homeland. Those hypersonic missiles can reach the United States today, we're badly vulnerable. We don't have an Iron Dome in this country, yet, we're vulnerable to nuclear missile attacks any given day. Russia has hypersonic missile capabilities ahead of that of the U.S."
0,"Nearly 60% of all student loan debt is held by the rich and upper-middle class. So, by forgiving student loan debt, we would be handing the wealthy a financial windfall while low income Americans suffer further from inflation and rising costs. Beneficiaries of across-the-board student loan forgiveness would be higher income, better educated, and more likely to be white than beneficiaries of just about all other programs designed to reduce hardship and promote opportunity and targeted to those who need help."
0,"Republican legislators like Ted Davis and Michael Lee from Wilmington, John Bradford and Tricia Cotham from Mecklenburg County, made campaign promises to protect women's reproductive health. They still have time to keep those promises if they vote to sustain Governor Cooper's veto. This bill will impose additional delays and burdens on care during the first 12 weeks and beyond. Bradford, Cotham, Davis and Lee made campaign promises to protect women's reproductive health."
1,Richmond was one of the only cities in the state that did not roll back their real estate tax to those pre-recession rates.
0,Jon Tester voted to give taxpayer-funded health care to illegal immigrants.
1,We made parity between mental health and physical health. It was a fundamental breakthrough in how we thought about how things should work.
0,"That is why the Biden administration was pushing to get in as many illegals as possible and spend every dollar possible to get as many, because every one of them is a customer. Everyone's a voter. The whole thing was a giant voter importation scam. It might take years for immigrants to gain citizenship, but it would be 'an investment that is guaranteed to pay off.' Biden's immigration policy was 'a giant voter importation scam."
0,"Drug traffickers, rapists, poisoning our country. Nikki Haley refused to call illegals criminals. Haley even opposed Trump's wall, and Haley repeatedly pushed amnesty for illegals.
"
0,"supports an open border admits there is no plan to address the border crisis. wants to hand out $450,000 to illegal immigrants."
1,"ICYMI: For only the second time since 2000, there are more job openings than Americans who are unemployed. Tax reform and a pro-growth agenda have unleashed America's economic engine."
0,"Katie Hobbs had a clear conflict of interest to supervise an election in which she was a candidate. Candidates are prohibited from being even poll workers, much less supervising the entire election. Hobbs has created an aura of self-interest and fraud, tainting this election."
1,Andrew Gillum  is a guy that is presiding over the highest crime in Florida four years running.
0,"The big stat  and this happened during the first Trump administration  nobody likes to talk about it. Wages adjusted for inflation were massively up under Donald Trump for Black men, for Black families, but for all Americans. The wage gap that Democrats love to lecture about  the wage gap in 2019 was actually shrinking under Donald Trump's administration. Wages adjusted for inflation were massively up under Donald Trump for Black men. The wage gap that Democrats love to lecture about  the wage gap in 2019 was actually shrinking under Donald Trump's administration."
0,"Democrats are giving illegal migrants another tool to break into our country. This week, they introduced a bill that would ban detaining gay illegal immigrants. If a migrant gets caught crossing the border, all they would have to say is they are gay or lesbian or bisexual or trans and then Border Patrol lets them go, they are out of detention. The presumption of release isn't necessarily a higher bar to detention. The idea that it's a 'get out of jail free' card is just not accurate. Democrats introduced a bill that would ban detaining gay illegal immigrants."
0,"And I'm not even sure that he shouldn't have just gone and taken the Fifth Amendment and said, 'Look, I don't get along with this man, Starr. He's after me. He's a Republican, he's this, he's that,' and you know, just taken the Fifth Amendment. It's a terrible thing for a president to take the Fifth Amendment, but he probably should have done it. if you are innocent, do not remain silent. You look guilty as hell! Her staffers taking the Fifth Amendment, how about that? You see the mob takes the Fifth. If you're innocent, why are you taking the Fifth Amendment? Her staffers took the Fifth Amendment and got immunity deals. It's worse than Watergate. Her staffers took the Fifth. So many people took the Fifth Amendment there was nobody left! When you have your staff taking the Fifth Amendment, taking the Fifth so they're not prosecuted, when you have the man that set up the illegal server taking the Fifth, I think it's disgraceful. And believe me, this country thinks it's  really thinks it's disgraceful, also. I once asked, 'If you're innocent, why are you taking the Fifth Amendment?' Now I know the answer to that question. When your family, your company, and all the people in your orbit have become the targets of an unfounded,"
0,"He wants America's sons and daughters to go die in Ukraine. I will look at a camera and directly tell Zelenskyy, 'You better leave your hands off of our sons and daughters, because they're not dying over there.'"
1,CEOs are now making 400 times more than their average worker.
1,"We pay far more for health care than any other country in the world, yet we have far worse outcomes than any other country in the world."
0,"We remind you that Russia has never attacked anyone throughout its history. And Russia, which has survived so many wars, is the last country in Europe that even wants to utter the word 'war.' Russia has never attacked anyone throughout its history."
0,"If this program is really supposed to be about importing workers with highly advanced degrees in science and technology, why are H-1B guest workers being employed as dog trainers, massage therapists, cooks, and English teachers? Can we really not find English teachers in America? H-1B guest workers are being employed as dog trainers, massage therapists, cooks, and English teachers."
1,"A letter to Trump from 22 senators is a way of saying to the president, You are now under an affirmative requirement, legal requirement, to investigate Khashoggi's suspected murder."
1,"Mandates ignore the natural immunity many first responders gained from getting the disease earlier in the pandemic. They compared the protection from a previous infection versus the Pfizer protection. They found that Pfizer did provide protection, but the natural immunity was far stronger."
1,"There's only one other senator from either party over the last 25 years who has a worse record, who has a worse record on bipartisanship. In other words, Ted Cruz has a harder time working with members across the aisle than almost anyone else to get anything done."
0,Kamala & Walz and Ruben Gallego want to cut your Social Security. I won't let them.
1,"There is not another nation on Earth, other than the United States of America, that grants legal permanent residency to more than a million people per year."
1,Our state transportation department already has a heavy debt load and has paid more than $700 million in debt payments in just the last two years. My preference is to avoid debt when possible.
0,"I signed the CHIPS and Science Act, which attracted $640 billion in private companies' investments that are building factories, creating jobs in America again. Thanks to the Investing in America agenda, private companies have invested over $640 billion  let me say it again  $640 billion in advanced manufacturing here in America. Since President Biden took office, private companies have announced more than $640 billion in clean energy and manufacturing investments, including over $230 billion in semiconductor manufacturing. To date, the administration has now launched over 50,000 infrastructure and clean energy projects and mobilized over $640 billion in private sector clean energy and manufacturing investments. The 2022 CHIPS and Science Act attracted $640 billion in private companies' investments."
1,"Did you know West Virginia added the highest percentage of new construction jobs in 2017 in the United States, at 14.4%? This amounted to 4,300 additional jobs! In fact, WV was the only state with double-digit growth!"
1,"Of all the 62 counties in New York state, all of them, unemployment is going up except for the five counties of New York City, Cox said in a radio interview."
0,"I'm tired of this separation of church and state junk. The reason we had so many overreaching regulations in our nation is because the church complied. The church is supposed to direct the government. The government is not supposed to direct the church. That is not how our Founding Fathers intended it, and I'm tired of this separation of church and state junk. That's not in the Constitution. It was in a stinking letter, and it means nothing like what they say it does. The church is supposed to direct the government."
1,"An 11-year-old boy saved the lives of two people on the same day. He saw a friend choking at school and performed the Heimlich maneuver. Then on his way home, he saw a house fire and pulled a woman to safety. Davyon Johnson everybody."
1,Carol Miller is a multi-millionaire worth over $16 million.
0,"The nonpartisan Congressional Budget Office says with the supersized staff, the IRS audit rate 'would rise for ALL taxpayers' regardless of income, and would even result in audits of innocent Americans who have paid their taxes and don't owe the IRS anything. The proposal, by contrast, would return audit rates to the levels of about 10 years ago; the rate would rise for all taxpayers, but higher-income taxpayers would face the largest increase. However, the administration's proposal for more information reporting, as well as additional spending on IRS technology, might reduce the burden on compliant taxpayers by allowing the IRS to better target noncompliant ones and to reduce the number of audits that resulted in no change in tax assessment. A nonpartisan CBO report raised a flag about the Inflation Reduction Act's impact on all taxpayers by allowing increased audits, regardless of income and even for those who don't owe on their taxes."
0,"Yesterday, we learned the economy grew faster than expected last quarter. And this morning, we saw data showing that last month the annual rate of inflation continued to decline. So, inflation is now at its lowest point in two years. And wages are up after being adjusted for inflation. Wages are up after being adjusted for inflation."
0,"Trump got it wrong with Vance. People who voted for Trump voted for him for racist reasons. J.D. Vance is a fraud. Definitely some people who voted for Trump were racists, and they voted for him for racist reasons. I always resist the idea that the real thing driving most Trump voters was racial anxiety or racial animus."
0,Trump ran up more debt than any other President in American history. He wants Republicans to force a dangerous default if they don't get their way. We cannot let right-wing extremists hold our economy hostage.
0,"Joe Biden banned 'religious themed' eggs at the White House's Easter Egg design contest for kids, AND he announced that tomorrow is 'National Transgender Visibility Day.' Did he forget that tomorrow is Easter, Resurrection Sunday? Joe Biden and his White House have made it clear that people of faith, particularly Christians and our Bible-believing views, have no place in his America."
1,"The most recent State Budget increased funding for the Department of Tourism by 98 percent. For simplicity in the radio address you are referencing, I rounded up to 98% to avoid the need to verbalize decimals in the radio address. When visitors come to Wisconsin, we build a stronger tourism industry, which drives a stronger economy.
Visitors will spend their money here, leaving funds with small businesses throughout the state and generating additional revenues for local governments and the state government."
1,"On average, one person dies by suicide every 22 hours in West Virginia."
1,New York state has among the highest tax burdens of any state in the nation.
0,"Biden has implemented a formal policy that illegal aliens who intrude into the United States are granted immunity from deportation. Thus, when this monster showed up at our border, he was set free immediately under the program Crooked Joe created  I call it, 'Free To Kill.'"
1,"In West Virginia, our students enter in at fourth grade the first time they're tested, 37th or 38th in the nation, which is not good, but it's not horrible. By the time they're in the 8th grade, they're 46th or 47th, and then upon 11th grade testing they're near last."
0,"I'll give you one example. One's in Montana right now with Democrats suing to say, 'You should be allowed to be registered to vote in two states.' Why are they suing on that? Montana Democrats are 'suing to say, 'You should be allowed to be registered to vote in two states.''"
1,"Maybe someone should tell DOGE that government shutdowns arenâ't efficient or cost effective? The 2013 and 2018 ones (again led by House Republicans) cost our economy billions of dollars each. A government shutdown wouldnâ't hurt Musk and Trump, both billionaires, as it would 'everyday Americans."
0,"Ron DeSantis wants to raise the retirement age to  Look, I have more seniors here than just about anyone as a percentage. You know, we're not going to mess with Social Security as Republicans. I think that that's pretty clear."
0,"I learned that progressive change is possible, if we fight for it. That's how we passed paid sick leave. I'm ready to deliver on a bold, progressive agenda for Texas working families! I passed paid sick leave."
0,"I am pro-life and make no apologies for that. But I also understand that this is a representative democracy. And if the people  in this case, the Legislature  brought a bill before me, as you just stated, I would sign that. To ask a woman to go through the birth is not unreasonable when you talk about killing the life of that baby. The 1849 law is an 'exact mirror' of my position. I would not soften my stance."
1,"Facebook showed a man flying while standing on a small device, ostensibly at over 103 miles per hour"
1,"We lag behind many other developed nations in connectivity and speed, while also paying more for that service."
1,If students don't have access to internet they can call 1.844.488.8398 during the school shutdown for free internet from Spectrum.
0,Breaking news: Ohio pro-Trump U.S. Senate candidate Josh Mandel puts a photo of himself standing with Black soldiers in his latest campaign ad. The only problem is that he forgot to photoshop the hands that clearly show he put his face on the body of a Black soldier. Occupy Democrats said Mandel doctored an image in a campaign ad but 'forgot to Photoshop the hands that clearly show he put his face on the body of a Black soldier.'
0,"Tyson laying off 1,200 workers after closing its pork factory in Perry, Iowa, only later to announce 52,000 jobs for migrants."
1,"By the way, negotiating drug prices, alongside other provisions of this law, isnâ't just going to put more money back in the pockets of millions of Americans across the country. Itâ's also going to lower the federal deficit.
According to the Congressional Budget Office, it will save the federal government $160 billion over the next 10 years because Medicare will be paying less for the prescription drugs theyâ're making available to seniors."
1,"Manchin said, I was the only member of the Senate,  Republican or Democrat,  who has consistently voted against efforts to use the so called nuclear option to change the rules of the Senate."
1,"You are 17 times more likely to go to the hospital if you're not vaccinated, 20 times more likely to die."
0,How are we supposed to get our girls used to the fact that biological boys are in their locker rooms? And then we wonder why a third of our teenage girls seriously contemplated suicide
0,New York Governor Kathy Hochul being denied entry into the wake for slain NYPD officer Jonathan Diller. Gov. Kathy Hochul was filmed being confronted by an emotional mourner on her way out of a short visit to the wake for slain NYPD hero Jonathan Diller Friday afternoon  with bystanders applauding as she made her exit.
1,The Georgia House passed a bill that makes it a misdemeanor to give food or water to voters waiting in line.
0,"I'm very concerned about crime in Richmond and the city should rededicate itself to public safety strategies from my days as mayor. When I became mayor of the City of Richmond in 2004, the crime rate was at its highest. When I left in 2008, it was at its lowest. The crime rate was increasing when I became mayor and decreasing when I left. It goes beyond murder. It takes a village to fight crime."
1,Hovde supports a $4 trillion tax plan that would disproportionately advantage the well-off and profitable corporations. We need to fight for tax cuts for working families.
1,"Under any objective measure, our static compensation has failed to keep pace with economic realities. During this same period, the state median household income has risen by 67 percent."
1,"I don't know that I have ever voted for a Democrat, but if I lived in Arizona, I absolutely would. And if you care about the survival of our republic, we cannot give people power who will not honor elections. We must have elected officials who honor that responsibility."
0,"Florida sort of had a mandate because they were giving the vaccine, they were demanding everybody take the vaccine. And now what's going to happen is we'll have it and people won't want to take it. That's really bad. Ok, that's really bad. The vaccine will be safe. "
0,Imagine. Endless Love.
1,The vast majority of crime that is gun related is committed by people who illegally are possessing that firearm.
0,"We created the most secure border in U.S. history, built nearly 500 miles of border wall. built nearly 500 miles of border wall. Trump's claim over-states his accomplishments given that most of the southern border was fenced previously anyway. I built nearly 500 miles of border wall."
0,"Great to catch up with everyone and talk about our efforts to ensure independent cattle producers have fair market access & to push back on California's bacon ban. California's radical effort to ban agriculture products grown and raised in states like Iowa is not just an attack on our hardworking farmers and producers, it's an attack on anyone who likes to eat bacon for breakfast."
1,"194,000 criminal aliens booked into Texas jails from 2011-2019 were charged with more than 299,000 criminal offenses."
1,Now there are reports that Iran has stockpiled 10 times as much enriched uranium as it had when President Barack Obama and Biden left office.
1,"Some have advocated for moving to an absentee only election or mailing every registered voter in the state a ballot. Currently, this is illegal."
1,"Prices of things like televisions and toys are going down, and it's good news for the holiday season.Used car prices fell for the fifth month in a row. New car prices didn't go up this month. For the last several months, wages have gone up more than prices have gone up."
1,Texas Republicans just voted to give a Republican appointee the power to single-handedly CANCEL election results in the state's largest Democratic county.
1,Inflation has gone up every month of the Biden presidency and just hit another 40-year high.
1,"At least three or four of the pieces that are in the Republican lame-duck legislation, Walker ""has vetoed previously."
0,"Official data shows children are up to 52 times more likely to die following COVID-19 vaccination than unvaccinated children & the Office of National Statistics is trying to hide it. In England, official data shows children are up to 52 times more likely to die following COVID-19 vaccination than unvaccinated children."
0,"New Zealand okays euthanasia for COVID patients. 'Patients admitted to hospital with COVID-19 can die by euthanasia if doctors decide they might not survive, the New Zealand government has declared.' That'll certainly increase the numbers. There's evil afoot. There is no truth to claims that suggest the law was introduced for COVID-"
0,"To learn who rules over you, simply find out who you are not allowed to criticize. You mustn't question Fauci, for he is science."
1,"A major game-changing incident took place after the National Guard stormed the border to protect the immigration laws and defend citizens from having nearly 2,000 people break into America illegally."
0,"So, you say that kids aren't old enough to know right from wrong when they commit a crime, but somehow permanent bodily changes, that, when you're 3 years old, you've got it all figured out? Stop using that empty rhetoric and start talking about the reality of why you believe that mutilating kids who don't even know what day it is or their colors can decide to permanently change themselves in a way that harms them for the rest of their lives. Kids who don't even know what day it is or their colors can decide to permanently change themselves."
1,"Five veterinary labs have their CLIA certification to officially test human patients.There are a lot of labs who are doing surveillance testing that don't need the CLIA certification. It's the same machines, the same science."
1,"The state of Florida has set a standard for this country. Our tax burden, and we have no state income tax, you all should try that some time. It works pretty good. We have the second lowest tax burden per capita in the United States."
1,"The text does not contain any direct quotes attributed to ""Viral image."" It primarily discusses the use of AR-15 style rifles in mass shootings and provides factual information about various incidents. If there are specific quotes you are looking for or if you meant a different source, please clarify."
1,"It is embarrassing that 30,000 veterans in North Carolina have no health insurance and if we expand Medicaid 23,000 of them will."
0,"I don't know you well, but I've been impressed by our interaction, and you've been gracious and charming. Why in the world would you call Secretary of Defense Rumsfeld and George W. Bush war criminals in a legal filing? It seems so out of character for you. You referred to the secretary of defense and the sitting president of the United States as 'war criminals.' Now, I don't understand the difference between calling somebody a 'war criminal' and accusing them of war crimes."
1,The law says that the General Services Administration has a person who recognizes who the winner is. And then they have to have access to all the data and information that the government possesses to be prepared.
0,Milwaukee's hotels and restaurants are already filled during the summer. The RNC convention will simply replace those who normally visit our city. Anyone in their right mind who works in and around downtown Milwaukee is going to take that week off.
0,"There was a test case. Douglass Mackey. Does that name ring a bell?  He's been convicted, awaiting sentencing, because he made a meme in the 2016 election. Remember that? Because he made a meme making fun of Hillary Clinton, the Biden DOJ goes and says, 'We're going to put you in federal prison.' This is a well-orchestrated legal trial and error. They tried it on Douglass Mackey to be able to use it against Donald Trump. Mackey was convicted 'because he made a meme in the 2016 election.'"
0,"She was always of Indian heritage, and she was only promoting Indian heritage. I didn't know she was Black until a number of years ago, when she happened to turn Black, and now she wants to be known as Black. So, I don't know, is she Indian or is she Black? I respect either one, but she obviously doesn't because she was Indian all the way and then all of a sudden, she made a turn and she went, she became a Black person."
0,922-page blueprint to make Donald Trump the most powerful president ever. requiring the government to monitor women's pregnancies. severe cuts to Medicare and Social Security. eliminating the Department of Education and defunding K-12 schools. defunding schools.
1,"When it came to home health workers, Biden zeroed in on their paychecks. They're doing God's work,"" he said. ""But home health workers aren't paid much, they have few benefits. Forty percent are still on SNAP or Medicaid. So my plan is direct. It gives caregivers and early childhood educators a much-needed raise."
1,3 American women are murdered every day by their husband or boyfriend.
1,Opposition to letting voters pick who sits on Chicago's school board is in the 'super minority.'
1,"Cuomo said gone are the days when we have one classroom with a teacher in the front. With all the technology we have, we don't need actual classrooms. He said we have the internet to teach our kids."
0,Biden's sanctions are riddled with loopholes and don't even start for 30 days. They have carve outs for the energy and financial sectors. Biden's sanctions on Russia are riddled with loopholes and don't even start for 30 days. They have carve outs for the energy and financial sectors.
0,"NOW WE HAVE PROOF! Massive 2020 Voter Fraud Uncovered in Michigan. exposes criminal election fraud involving thousands of fraudulent ballots the lowest levels of the company The leading internal indication was that fraud was being perpetrated against GBI Strategies by its employees to fabricate work product without conducting the work expected of them, and not in explicit pursuit of defrauding the election infrastructure of the state. attempted fraud because the system worked The City Clerk in Muskegon detected the fraudulent material provided and alerted the proper authorities. A thorough investigation was conducted by multiple agencies within the state and no successful fraud was perpetrated upon the state's election process or qualified voter file. There is no evidence that any of the invalid voter registration applications in question resulted in people getting registered to vote, receiving absentee ballots, casting absentee ballots, or voting in person in any election. none of the alleged fraudulent voter registrations resulted in voters receiving absentee ballot applications or ballots, any resulting registrations have been voided, and there is no expected impact on any election."
0,"Elon Musk spent 40 million of his own money to buy 5, 30 second long commercial shots during Super Bowl where hes gonna list all the corruption DOGE has found so far. Elon Musk is running Super Bowl ads. Reports indicate he's spending $40 million of his own money on five 30-second commercials that expose government waste, as found by the Department of Government Efficiency."
0,"Despite Iran's long history of financing terrorism, my opponent Senator Baldwin was one of the staunchest supporters of the Iran deal which sent billions of dollars and plane loads of cash to Iran. Baldwin was one of the staunchest supporters of the Iran deal which sent billions of dollars and plane loads of cash to Iran."
1,The so-called heartbeat law outlaws abortion before most women even know that they're pregnant. This is one of the most restrictive anti-abortion laws in our country.
0,"BOMBSHELL: The CDC admits that natural immunity from prior infections is superior to vaccinated immunity alone. It shows that people who remain unvaccinated are at the greatest risk of hospitalization and death. Outside of this CDC study, recent data on the highly contagious omicron variant shows that getting a booster provides significant additional protection against infection, hospitalization and death. the CDC admits that natural immunity from prior infections is superior to vaccinated immunity alone."
1,Walters votes with the president 99 percent of the time.
1,"In Missouri, there are still FEMA cases pending from floods that occurred in 2013."
0,"In my capacity as president of the Senate, I would have led through that level of reform, then, on that condition, certified the election results, served it up to the president  President Trump then  to sign that into law. Mike Pence, a man I have great respect for, decided it was his constitutional duty to resist the president's attempts to get him to unilaterally overturn the results of the election, even in the face of the January 6 Capitol riot. Our institutions did hold, in the end. But they shouldn't have been tested. The fact that all of our governmental institutions so unanimously found no evidence of significant fraud is telling. Pence on Jan. 6, 2021, could have approved the 2020 electoral votes on the condition that Congress pass an overhaul of election law."
1,Ten percent of U.S. children are Texans.
0,"Two doses of the vaccine offers very limited protection, if any. We know that the two doses of the vaccine offer very limited protection, if any. The three doses, with the booster, they offer reasonable protection against hospitalization and deaths. Against deaths, I think very good, and less protection against infection. way, way better"" protection against omicron, particularly against infections.
""The protection against the hospitalizations and the severe diseases, it is reasonable right now, with the current vaccines, as long as you are having, let's say, the third dose."
1,Trump wanted to amnesty 2 million illegal aliens in 2018 when he was president.
0,"Our state's No.1 ranking for business has transformed hundreds of thousands of Georgians' lives. Just like when she supported the #MLB boycott, Stacey Abrams' reckless & condescending comments continue to harm the state she claims to want to govern."
0,"We waited 24 hours and got a measly 62,000 votes. a national disgrace. "
1,"If you are a hard-working law-abiding citizen who earns $80,000, you don't get a stimulus check. But if you are a convicted murderer or rapist sitting in jail, you do."
1,I like to call it Trump's trade tax. And his trade tax is taking $1.4 billion out of working people's pockets every month.
0,"over the past 5 years, natural gas costs have gone up over 200%. In Europe, it's up over 1,100%. Energy has been weaponized by Putin. We can offset that by reforming our permitting process, which will put more energy into the market & bring down costs for utilities & consumers."
1,It has been estimated that only 12% of workers in businesses that are likely to stay open during this crisis are receiving paid sick leave benefits as a result of the second coronavirus relief package.
0,I am not making this up: Republicans have introduced legislation to increase your bank fees. to increase your bank fees. to increase your bank fees. The legislation would overturn a federal rule scheduled to go into effect Oct. 1 that would cap overdraft fees at $5 or require banks to offer overdraft protection as a regulated loan.
1,Make no mistake: The current spike in gas prices is largely the fault of Vladimir Putin. It has nothing to do with the American Rescue Plan.
1,"As far as mitigating spread, they say that masks is the number one way to do so. And I feel that is, that's what we need to do to keep our buildings open. I think we should be wearing masks."
1,"""Unfortunately during COVID, the clerks in Madison and Milwaukee told their constituents that they were actually indefinitely confined and did not have to come and vote, which was incorrect"". state Rep. Cindi Duchow said.
Duchow said AB 494 is designed to  ""ensure that voters clearly understand when they can declare themselves 'indefinitely confined' and do not rely on election misinformation from left-wing clerks."""
0,"They continue to try to fool you that they are helping you out, but they're not. Because a lot of money, it's going to trees. Don't we have enough trees around here? Yes, you heard me right  Joe Biden and @ReverendWarnock are spending $5 billion on 'urban forestry' and raising taxes on those making under $200k to pay for it. Yes, I have a problem with that. Our inner cities need less crime, not more trees. They're spending $5 billion on 'urban forestry' and raising taxes on those making under $200k to pay for it."
0,"He who saves his Country does not violate any Law."" - Altered image attributed to Luigi Mangione.
""He who saves his Country does not violate any Law."" - Actual post from President Donald Trump on Feb. "
1,We are far from a majority in the Senate. We have no Republican support and I'm not sure that I could get half of the Democrats on that bill. Tens of millions of Americans live in communities where they cannot find a doctor while others have to wait months to be seen. This scenario leads not only to more human suffering and unnecessary deaths but wastes tens of billions a year because people who could not access the primary care they need often end up in emergency rooms and hospitals.
0,"What you left out, though, Ron, and be honest about it, there was a lobbying-based exemption in that bill that allowed Chinese nationals to buy land within a 20-mile radius of a military base, lobbied for by one of your donors."
0,"Do you know what a 'ghost vehicle' is? You're the director of the FBI, you certainly should. Do you know what a 'ghost bus' is? These ghost buses are nefarious in nature and were filled with FBI informants dressed as Trump supporters, deployed onto our Capitol on Jan.  If you are asking whether the violence at the Capitol on Jan. 6 was part of some operation orchestrated by FBI sources or agents, the answer is an emphatic no. They orchestrated what they orchestrated and don't put words in my mouth. It is pretty common in law enforcement for vehicles to be painted over and used for secret purposes. These buses were painted completely white. A bus full would be highly unlikely. A bunch of undercover agents or FBI informants together on a bus to send them to a rally is ludicrous from a covert operations perspective. A ghost bus filled with FBI informants dressed as Trump supporters deployed onto our Capitol on January 6th."
0,"If Donald Trump authorized up to 20,000 National Guard troops to protect the Capitol, how does it make sense that they are there on national television blaming Donald Trump for wanting to start an insurrection? Donald Trump authorized up to 20,000 National Guard troops to protect the Capitol"" before Jan. 6, 2021, but was ""rejected"" by Nancy Pelosi and Chuck Schumer."
0,"It has just come out that Democrats in Washington and the Democrat Governor's Office of North Carolina, Roy Cooper were blocking people and money from coming into North Carolina to help people in desperate need. Biden knew about it, and so did Kamala! It's all over the place  A HORRIBLE SITUATION. I will make it up to everyone when we take Office on January 20th. HOLD ON, I'M COMING! It has just come out that Democrats in Washington and the Democrat Governor's Office of North Carolina Roy Cooper were blocking people and money from coming into North Carolina."
0,"There's a rehearsal that went on before this whole s---, it's called Event October 8, 2019, this s--- came out. It was run by the Johns Hopkins University, which is in cahoots with Bill Gates/Melinda Gates' foundation, and this was a complete rehearsal of what we're doing right now."
0,"Zack Nunn saved over 2,000 Americans abandoned in Afghanistan by leading private rescue missions. I would be skeptical of the overall number and skeptical of that number of Americans. We still stay in contact with a weekly call with the State Department to help evacuate those individuals. And we have roughly 5,000-plus Afghan and American citizens in safe houses still in the country. The real conversation in my opinion needs to be far more about the fact that we left Americans behind. There still are Americans there right now, and there are people in America helping these folks out of their own pocket, their own time. We would like to have some level of help on this and be able to save the people who served with us for two decades. We flew multiple flights over and carried out over 2,500 Americans and allies after the U.S. flag fell in Kabul."
1,"Oklahoma teachers are close to striking. They are the poorest paid teachers in the US, in a state that gives nearly $500 mil in tax handouts to energy companies."
1,"Back when I was studying it, two out of three families that ended up in bankruptcy after a serious medical problem had health insurance."
1,Rep Ilhan Omar voted yes to pass a bill extending the September 11th Victim Compensation Fund while Sen. Rand Paul voted no.
0,"It's President Biden who is proposing to cut Medicare Advantage, a program used by almost 4 in 10 Arkansas seniors. This would be a mistake. It's President Biden who is proposing to cut Medicare Advantage."
1,"We can't and won't prevent every tragedy. But we know they work and have a positive impact. When we passed the assault weapons ban, mass shootings went down. When the law expired, mass shootings tripled."
0,"Under Biden, we have seen over 6 MILLION encounters at our southern border. Most have been released into the interior and will stay here indefinitely. This is no accident. Biden has shown the world that our borders are open and vulnerable to exploitation."
0,"Adam Laxalt fought an investigation into the oil industry, then they funded his campaign. Cortez Masto said Laxalt 'fought an investigation into the oil industry, then they funded his campaign.'"
0,"Jon Tester ignored parents who don't want biological men competing in girls' sports. Tester voted to let men compete against our girls in their sports. Those aren't Montana values. You're funding something, which is a vote to allow something to happen. The Senate Leadership Fund said Tester 'voted to let men compete against our girls in their sports."
0,Lee Zeldin was Andrew Cuomo's favorite Republican. voted for Cuomo's Billion Dollar Tax hike and every Cuomo budget.
1,Today Dem leaders pushed a $5B pay raise for federal workers who are paid well above the HOUSEHOLD income in southern Missouri. 
0,"When I came into office, the auto industry was on its knees, gasping its last breaths after eight long years of Obama and Biden. It is no exaggeration to state the Trump presidency and the deftly used and applied Trump tariffs and taxes saved the American auto industry from extinction time and time again. It is hard to find a plausible explanation for how levying a tax on a key input for the auto industry would have been beneficial to the auto industry."
0,"Not about balancing the budget. We all know that. Because they don't plan to reverse one of the biggest drivers of the debt: Republican tax cuts. Despite all the boogeymen the Republicans like to point to as driving the national debt, the reality is that the single biggest driver of our national debt since 2001 has been Republican tax cuts. Democrats did not want to extend tax cuts for the wealthiest. Democrats strongly and emphatically opposed new tax cuts for the wealthy few  the bipartisan extension of those cuts was only accomplished as a part of tough negotiations with Republicans who in 2010 held tax cuts for middle-class families hostage during an economic crisis, and in 2012 leveraged a fiscal cliff to force the extension of these tax cuts. The Republicans, not Democrats, own the tax cuts. The single biggest driver of our national debt since 2001 has been Republican tax cuts."
0,"Blake Masters would be shred to pieces by Mark Kelly and the Democrats as someone who has unironically quoted a Nazi, called World War II an unjust war, called the Unabomber one of his intellectual influencers, and shared an article attacking Israel as the North Korea of the Middle East."
0,"From 1917 to 1994, half of the bills that were successfully filibustered in the Senate were civil rights legislation. The general point that Binder and Smith are making still holds: the class of bills most successfully targeted during this period were civil rights bills."
1,"Reynolds, Sinclair and additional Iowa politicians said Iowa has the nationâs highest graduation rates in the U.S."
0,"West Virginia's way of life depends on coal jobs. But the purpose of the climate provisions in President Biden's Inflation Reduction Act, supported by Senator Joe Manchin, was to drive coal plants ... out of business. Senator Manchin's support for the IRA could cost West Virginia 100,000 fossil fuel jobs! Tell Senator Manchin to stop writing off West Virginia JOBS and supporting Biden's Liberal Climate policy."
0,Make America Mexicana again. Mexican President wears Make America Mexico Again hat. The image isn't real.
1,"Ten thousand people have recently died; 9,950 of them, thereabouts, are people who hadn't been vaccinated."
1,New York has the lowest imprisonment rate of any large state.
0,"Well, you know, as vice president, Biden doesn't have the right to declassify. They shouldn't have been there. And for that long, I guess it was seven years, or nine years now, I'm hearing. Very extended periods of time."
0,"When Mehmet Oz questions my patriotism, he's crossed the line. I joined the 82nd Airborne to fight communism. In combat, we faced down Chinese weapons. And like Trump, no one fought China harder for tough trade deals. I approved this message because I'll fight for what Washington won't. We all know China created COVID. It's time to make them pay for it. Make China pay trillions for COVID. We all know China created COVID."
0,"They support abortion up to and even beyond the ninth month. The concept of having an abortion in the later months, and even execution after birth. And that's exactly what it is. The baby is born, the baby is executed after birth is unacceptable, and almost everyone agrees with that. People have been looking for evidence for decades of being born alive after abortions and there aren't any to my knowledge, and that's not particularly surprising. Democrats support abortion measures that result in the 'execution' of babies 'after birth.'"
1,"The current shutdown of the State House has delayed legislation addressing payday lending, where Ohio's laws are now the worst in the nation. Things have gotten so bad that it is legal to charge 594 percent interest on loans that end up ruining people's lives."
0,"It's Ms. Wolfe that allowed for the use of illegal drop boxes and ballot harvesting. allowed for the use of illegal drop boxes and ballot harvesting. Wolfe did not 'allow' the use of absentee ballot drop boxes in the 2020 election. Wolfe did not make the decision to allow 'ballot harvesting,' or collecting absentee ballots, in nursing homes."
0,"Nevadans depend on Social Security and Medicare, but MAGA extremist Sam Brown is putting them at risk. Sam Brown embraced sunsetting Medicare and Social Security. Sam Brown publicly supported forcing massive cuts to Social Security and Medicare and was caught on tape saying he admires the plan to phase out Social Security and Medicare in five years. Sam Brown publicly supported forcing massive cuts to Social Security and Medicare and was caught on tape saying he admires the plan to phase out Social Security and Medicare in five years."""
0,"In Texas because of the laws they passed, a 95-year-old World War II veteran is being denied the right to vote by mail because he can't produce a registration number he got back in the 1950s. The hope that his right is restored after overcoming even more obstacles, and an assumption that everything will work out in the end, does not change that he is being denied this right, and is exactly the type of procedural hurdle  and mindset of those placing the procedural hurdles  applied throughout history to deny the right to vote, especially in states like Texas with a long history of discrimination."
1,"President Donald Trump put out a $297 million contract to a vendor to show him how to hire Border Patrol. So, the first payment they made was $14.8 million. You know how many Border Patrol they hired with $14.8 million? Two."
1,"Castro said Section 1325 immigration policy, which makes it a crime to enter the country illegally, was put into place in 1929, by a segregationist."
0,What are the odds those tiki torch carrying neo-Nazis from Charlottesville would only rally once? Feels like it was an American intel op against Trump. That's my working assumption.
1,"Norway spends about $30,000 per child on early childhood care. Finland spends $23,000. Germany, $18,000. The U.S. spends $500 per child. In other words, 1/60th of what Norway spends on its toddlers. "
0,Virginia now has the most liberal abortion laws in the world. I should have said Virginia is among the most liberal states.
0,"Birthright, that's a big one. It's ridiculous. We are the only country in the world that does this with the birthright, as you know, and it's just absolutely ridiculous. The privilege of U.S. citizenship does not automatically extend to children born in the U.S. when the mother was unlawfully present in the United States and the father was not a United States citizen or lawful permanent resident at the time of said person's birth. The mother's presence in the United States at the time of said person's birth was lawful but temporary. The U.S. is the only country in the world to have unrestricted birthright citizenship."
1,"Ashley Hinson voted against the bipartisan infrastructure bill that made this money possible. Once again she's taking credit for work she didn't do. This is yet another example of Ashley Hinson claiming that she supports investments that benefit Iowans, but voting along party lines against their best interests in Washington."
0,People talk about my age. It's true. I will be the youngest vice president in American history.
0,"Mayorkas and his border policy is personally responsible for fentanyl, a dangerously powerful and cheaply made synthetic opioid, coming across the southern border. Fentanyl comes from China, and they make it in Mexico, and they kill our children here. Two hundred thousand  more than Vietnam, World War II. I have seen it personally, the destruction it does every five minutes. It is a fentanyl superhighway, and Secretary Mayorkas' border policy is personally responsible for it. Two hundred million people are dead now, thanks to fentanyl poisoning that this one man Mayorkas is responsible for. Secretary Mayorkas  as the head of the Department of Homeland Security  is responsible for the porous southern border. His rescission of successful policies and refusal to enforce our nation's laws has directly led to the chaos and death plaguing our state, as border patrol agents tell me each and every time I visit South Texas."
0,"recently said that 8% of Wisconsin voters are threats to democracy. Not every Republican is a MAGA Republican, not every Republican embraces that extreme ideology. There is no single, widely accepted definition of the term MAGA Republicans."
1,"There are a lot of organizations that are helping young people that have gone through this trauma, and just keep your eyes and ears open. I hate to say it but Milwaukee is one of the sex trafficking capitals in our country."
1,"Trump's campaign manager, Paul Manafort, commits bank and tax fraud and gets 47 months. A homeless man, Fate Winslow, helped sell $20 of pot and got life in prison."
1,"Any effort of Mayor Adams to ban chocolate milk and replace it with vegan juice is an absolute non-starter and will be opposed by parents, families, kids, and New Yorkers."
0,I won 77 out of 77 counties. Ronald Reagan is second with  Not a single county in Oklahoma has voted Democratic in a presidential election since 2000  a 385-for-385 record for the GOP. blame it on me
1,"The Supreme Court's reversal of Roe v. Wade made America an aberration when it comes to abortion access.  With this decision, the conservative majority of the Supreme Court shows how extreme it is, how far removed they are from the majority of this country. They have made the United States an outlier among developed nations in the world."
0,Elon Musk is a man of his word. He's contracted a helicopter and the first DOGE payments are being rained on California. It rained money on a busy highway. Raining Cash! California!
1,Trump goes around saying the economy is doing great. You know what real inflation accounted-for wages went up last year? 1.1%. That ain't great.
1,The forest fires were so grotesque last year that we had the worst air in the world in Washington. 
0,astronomical gas prices Democrats' war on fossil fuels The bottom line is that these two global forces: economic recovery and disruption from Russia are what has made gasoline prices rise.
1,The four big meat packers are raking in record profits.
1,"West Virginia's exports increased for the second year in a row in 2018, reaching $8.1 billion. Additionally, West Virginiaâ's export growth rate was 14.2%, nearly double the national average of 7.6%."
0,"The US has made strides in reducing carbon emissions that other parts of the world have not. Meanwhile, @POTUS is trying to send taxpayer dollars to manufacturers overseas that do not abide by the same standards we do at home. Biden is trying to send taxpayer dollars to manufacturers overseas that do not abide by the same carbon emission standards we do at home."
1,"When a person can be married in the morning and thrown out of a restaurant for being gay in the afternoon, something is still very wrong in America."
0,"30-year-old pro-life activist Lauren Handy has just been sentenced to 57 months in federal prison for handing roses and resources to women at an abortion facility. Meanwhile, abortionists who dismember and kill children walk free. A grave injustice! CLARIFICATION: While Lauren has passed out roses and offered counseling and resources at many abortion facilities, Lauren and fellow defendants were convicted of violating the FACE Act  a law that has primarily been used to penalize pro-life activism  for their participation in a non-violent sit-in at Cesare Santangelo's Washington, D.C. late-term abortion facility."
1,"I would also say, since we have put a number of the voting laws into place over the last several years -voter ID is one of those -we've actually seen voter participation increase, even in off-election years."
1,"House Democrats have passed more than 275 bipartisan bills this Congress, but these bills are gathering dust on his desk."
0,"the elimination of waste and inefficiency in government. porker of the month More than half of the $739 billion tax increase will go to wasteful Green New Deal programs like tree equity, 'clean' garbage trucks, and studying cow farts."
0,"We need to secure our border and end the crisis by continuing to build the wall and restore the 'Remain in Mexico' policy that reduced illegal immigration by 90%. On Day One, President Biden undid the policies that President Trump put into effect that reduced illegal immigration by 90%. That 'Remain in Mexico' policy, as you know Jesse, was working. We built hundreds of miles of border wall. This Administration unleashed the worst border crisis in American history because on day one President Biden undid the policies that President Trump put into effect that reduced illegal immigration by 90%. The border wall and the 'Remain in Mexico' policy reduced illegal immigration by 90%."
1,"Kids are less likely to get it (COVID-19). You know, theyâ're less likely to spread. So I think thereâ's some pretty good data out there that will help alleviate some of the concerns."
1,"It is Trump's fault because he never changed one immigration law in the two years that he had Republican control of Congress. Not one immigration law did he change. He didnâ't build the wall, and Mexico is laughing at the idea that they were going to pay for a wall on their border."
1,"Mike Johnson called the national debt unsustainable and the greatest threat to our national security. In the time itâ's going to take me to deliver this speech, we'll go up another $20 million in debt."
1,"The fact is, in terms of the risk to school kids, COVID-19  is lower risk than seasonal influenza. The risk of complications for healthy children is higher for flu compared to COVID-19"
1,Lake's gone on the record saying she supports Arizona's complete abortion ban. She's called it a 'great law.
1,"Giving every American adult $1,000 a month may sound like a gimmick or too good to be true, but Andrew Yang says it's a 'deeply American idea' dating back centuries. Thomas Paine was for it at our founding, called it the citizen's dividend. Martin Luther King, champion in the '60s, called it a guaranteed minimum income for all Americans, and it is what he was fighting for on the day he was killed in 1968."
0,"Over-vaccination causes faster mutation of the virus, which causes a super virus we may not have the ability to fight off. If the next Variant of Concern circumvents immunity from vaccines, immunity from past infection, and monoclonal antibody treatments, it is because society allowed the virus to continue to spread, evolve and mutate into new variants."
0,Remember when Hillary was testifying about Benghazi? Probably not. You were too busy watching the elementary school massacre in Connecticut. Remember when Hillary got tattled on by Blumenthal for using illegal servers in the White House? Probably not. You were too busy watching the Charleston church shooting. Remember that time Hillary's campaign lawyer went to trial for lying to the FBI about Trumps-Russia collusion? Probably not. You're too busy watching the Uvalde school shooting massacre.
0,"Project 2025 wants to get rid of NOAA, wants to get rid of the National Weather Service  the people that tell you the weather and help you prepare for hurricanes. Maybe we will just do it with a Magic 8 ball or maybe with a Ouija board. Or maybe we will do hurricane cones like President Trump did, right where he just circled in another state that wasn't in the cones. Project 2025 wants to get rid of NOAA"" and the National Weather Service."
1,"Expanding Medicaid, which if we had done at the beginning of the Abbott administration, would have brought in $100 billion to this state's economy."
0,Maricopa County intentionally reduced the polling places to create issues like this. Stay in line. Vote in person. Maricopa County intentionally reduced the polling places.
0,The @DOGE team just discovered that FEMA sent $59M LAST WEEK to luxury hotels in New York City to house illegal migrants. Sending this money violated the law and is in gross insubordination to the President's executive order. That money is meant for American disaster relief and instead is being spent on high end hotels for illegals! A clawback demand will be made today to recoup those funds. The @DOGE team just discovered that FEMA sent $59M LAST WEEK to luxury hotels in New York City to house illegal migrants  That money is meant for American disaster relief.
0,"It didn't take long for Raphael Warnock to become a politician. Now he claims he's bipartisan? Not exactly. Warnock voted with Biden to slash Medicare spending. He voted with Biden to cripple U.S. oil production. And Warnock voted with Biden for huge spending that is fueling inflation. Look closely, and you'll see: Raphael Warnock votes with Joe Biden 96% of the time."
0,"How dare he? On Josh Stein's watch, rapes in North Carolina are up 53%. on Stein's watch, rapes in North Carolina are up 53%."
0,"there's no health risk wildfire smoke is natural. This is all particulate matter, but particulate matter was not a concern until EPA invented it as one in the 1990s. They have no effect. EPA has all this testing on real live human beings that shows no effect. This is total junk science. EPA research on the effects of particulate matter on humans shows no effect and is total junk science."
0,"Are you a racist? Do you hate Mexicans? The media calls us racist for wanting to build Trump's wall. They censor us, but it doesn't change the truth. Joe Biden's open border is killing Ohioans with more illegal drugs and more Democrat voters pouring into this country. Even if many of these people found a path to legal status via asylum or other means, it would be many, many years before they would become eligible to vote given both the huge backlogs in adjudicating cases in immigration court and the fact that people spend years on a green card before being eligible for citizenship. Joe Biden's open border means that there are more Democrat voters pouring into this country."
1,"Buttigieg  said: I'll also say when it comes to electability, every single time my party has won the presidency in the last 50 years, it's been with a candidate who was new on the national scene, hadn't spent a lot of time in Washington, and represented a new generation of leadership."
1,"There are approximately 114,391 small businesses in West Virginia. Cumulatively, these businesses make up 99 percent of the total number of businesses in the state and employ 280,213 people, nearly 50 percent of the state's workforce."
1,"On Latina Equal Pay Day, we bring attention to the fact that Latina workers make 54 cents for every dollar earned by white, non-Hispanic men."
0,essentially no limit on access to abortion. I'm not for changing our existing law. Our existing law has been in place for over 34 years. The ballot measure would change the law and essentially create no limit on access to abortion. essentially no limit on access to abortion.
1,"Nate tweeted, 'Gun owners are part of the most insecure and dangerous club on earth.' I am pro-life; McMurray is pro-abortion. He said abortion opponents are the American Taliban. McMurray had said that 'the NRA are homegrown terrorists.'"
1,"By the way we not only have a $14 billion surplus a rainy day fund that's locked in for uncertain times in the future we have a $15 billion spendable deficit right now, and that deficit surplus. So yeah, there's a lot of money. We're talking closer to $30 billion."
1,"They've pushed back against a number of your budgets, including when you were going to cut schools, when you were going to cut teachers and educators in our schools."
0,"It is not solvent. We can't have millions of people on that because if a storm hits, it's going to cause problems for the state. Citizens Property Insurance is not solvent."
0,"I've been in and out  not as a, obviously, combatant  but in and out of Afghanistan, Iraq and those areas, 38, 39 times. Not as president; only twice as president. I've been in and out of Iraq and Afghanistan over 40 times. Afghanistan, Iraq and those areas."
0,"The results are clear  Florida's water is dirtier and sicker than when Gov. DeSantis first took office. My statement refers to the state broadly, but particularly in our coastal estuaries. In the Everglades and throughout Florida's lakes, harmful toxic algae blooms have become an almost annual event fed by fertilizer runoff from farms and subdivisions. Florida's water is 'dirtier and sicker' than when DeSantis took office in "
1,"Bernie Sanders receives strong support from the conservative & most rural part of Vermont. Even if they don't agree with him on everything, they appreciate his honesty, hard work & that he's fighting for workers."
1,"We're one of the very few nations that allowed birthright citizenship. It's kind of crazy that this is the policy of the United States. I'm not sure the people passing the 14th Amendment would anticipate wide open borders and this flood of illegal immigrants coming uncontrolled into this country, somewhat incentivized by birthright citizenship."
0,"Let's get right down to it. What did I ask, a simple question. Why are we not looking into those things? I can realistically look at it. I can see the images on T.V. People's livelihoods are being destroyed. Businesses are being burned down. No problem. And then we have a dust-up at the Capitol. Nothing burned down, and we're gonna make that a major deal. I just think, it's two standards. And if we apply the same standard and we are going to be reasonable with each other, let's have a discussion. irresponsible and negligent."
0,"In the United States Congress, extreme MAGA Republicans are trying to undo virtually every bit of progress we've made. They're trying to wipe out federal funding to end the HIV epidemic. If they cut funding, it's going to have a dramatic and draconian impact on the ability of all of the people who are working in these jurisdictions to improve public health. We've heard for a long time that HIV is a bipartisan issue. But what some people forget, is that that bipartisanship was hard fought for over the first decade of the HIV epidemic. Republicans in Congress are trying to wipe out federal funding to end the HIV epidemic."
1,"All told, jurisdictions representing about 80% of WI residents have passed referendums or resolutions in favor of fair maps."
0,"As far as TikTok is concerned, we're banning them from the United States. For all those that want to save Tik Tok in America, vote for Trump! The other side is closing it up. But I'm now a big star on TikTok. Do you think we should ban TikTok? Sign the petition NOW! It's something we're looking at, yes. It's a big business. Look, what happened with China with this virus, what they've done to this country and to the entire world is disgraceful. At this time, action must be taken to address the threat posed by one mobile application in particular, TikTok. The United States must take aggressive action against the owners of TikTok to protect our national security. If you get rid of TikTok, Facebook and Zuckerschmuck will double their business. There is a danger with banning it, with you know, freedom of speech. I created the account to use every tool available to speak directly with the American people about how Joe Biden's failed presidency is tearing apart our beautiful nation and how I am going to stop him. I have a warm spot in my heart for TikTok. President Trump opposes banning TikTok in the United States at this juncture."
1,Wisconsin makes it more difficult for its citizens to vote than almost any state in the nation. We have one of the hardest ID systems that you can have. Our voter ID law alone is one of the most stringent in the countryâ and research shows the state's other restrictive voting policies make it more challenging to vote compared to most other states.
1,New Jersey police chief says black people have no value and should all be executed.
1,"When a visa holder exits the U.S. and enters Mexico, we will then know that they have left the U.S. Currently, if they leave through a land port of entry we literally have no clue if they are still here or have returned to their country of origin."
1,"Careful studies show the drug doesn't speed recovery from COVID-19, the disease caused by the coronavirus. There have been five randomized controlled, placebo controlled trials that do not show any benefit to Hydroxychloroquine. So, at this point in time, we don't recommend that as a treatment."""
1,"In June, there were 207,416 migrant encounters at our southern border. There have now been 16 straight months of OVER 150,000 illegal border crossings."
1,O'Rourke has a criminal record including burglary and DWI.
1,"34 percent of Wisconsin renters are at risk of eviction. A national analysis using U.S. Census Bureau data found that the 34% figure was on target, based on the most recent data available at the time."
1,"Last year, the IRS audited Americans earning less than $25,000 a year at five times the rate of other groups."
1,We are one of the biggest tailgating teams in the country and (Arrowhead) is considered the loudest stadium in the world.
0,"You have the DOJ, the Department of Justice, calling parents that are concerned about what their kids are being taught, they are labeling them terrorists. you have the DOJ, the Department of Justice, calling parents that are concerned about what their kids are being taught, they are labeling them terrorists."
1,"Today, we, in Pennsylvania, have higher unemployment and lower job growth than most."
0,"You look at some of the health outcomes in some of these inner cities that these Democrats have run monopolistically for decades, and you stand a pretty darn good chance of dying in one of these inner cities. Far more likely than if you lived in areas where they gave a damn about people and their healthcare outcomes. It was just totally, completely wrong about healthiest cities in the United States. It was just totally, completely, almost comically wrong."
0,"Wisconsin families are desperate for a leader whose top priority is keeping their communities safe. Instead, Governor Tony Evers gave counties the green light to defund Wisconsin's police departments. Elections have consequences, and Evers will come to find that out very soon."" - Maddie Anderson

""He vetoed a bill that would have dissuaded counties from defunding police departments. Sent a clear message to counties that there is no penalty for defunding or reallocating resources from police departments. Hence the green light."" - Maddie Anderson

""We're always going to need police service."" - Tony Evers

""To completely defund police departments ... that isn't going to work."" - Tony Evers"
0,"voted to allow hundreds of millions of dollars of COVID relief funds to be squandered on a luxury resort in Florida, a New Jersey soccer stadium and a ski area in Iowa. voted to allow hundreds of millions of dollars of COVID relief funds to be squandered."
0,"eliminate injustices in our local, national and international communities. Publix drops Ben and Jerry's 'for the good of our kids.' Our stores carry Ben & Jerry's ice cream."
0,"the single biggest opportunity to build a small fortune fast. SPECIAL REPORT: Tesla launches its newest platform Bitcoin iFex 360 Ai  aims to help families become wealthier. Due to the financial crisis around the world, Tesla has launched a new project promising to help families become wealthier. can transform anyone into a millionaire within 3-4 months."
1,"In my own state of Vermont, from the very first days of our state's history, what our Constitution says is that everybody can vote. That is true. So people in jail can vote."
0,"We have things to fight off diseases that will not be approved for another five or six years that people that are very sick, terminally ill, should be able to use. But there was no mechanism for doing it. We have saved thousands and thousands of lives. Right to Try is a big deal. President Trump will of course remain open to other pathways to expand 'Right to Try' to save more American lives."
0,"the first Mexican-born member of Congress The Congresswoman meant to say the first female Mexican-born member of congress. She missed the word female. As a proud #WalkAway I can honestly say it was one of the best decisions I ever made in my life. If you voted for Biden or stayed at home in the 2020 elections, don't make the same mistake in 2022! I am the first Mexican Born American Citizen to be elected into Congress ???? #TX34"
0,"10 million mail ballots unaccounted for"" in the November midterm election.
""unaccounted for. what 'unaccounted for' is supposed to mean. fair to assume that the bulk of these were ignored or ultimately thrown out by the intended recipients. We can only assume what happened. probably ended up in landfills. millions of ballots should not be in trash cans and recycling bins while an election is taking place. 10 million mail ballots were unaccounted for"" in the November midterm election."
0,"The text does not contain any direct quotes from Donald Trump. It discusses statements made by Vice President Kamala Harris and mentions claims made by Republicans and allies of Trump, but it does not provide any specific quotes attributed to Trump himself. Therefore, there are no quotes to enumerate."
0,"I have not examined the evidence in detail, but reasonable people, including Trump opponents, tell me there is little evidence of a true insurrection. They observe that the protestors carried no weapons, had no plans or ability to seize the reins of government, and that former President Donald Trump himself had urged them to protest 'peacefully.' My understanding that none of the January 6 rioters who invaded the capitol were carrying firearms was incorrect."
0,"rewarding companies that outsource to China. The bill overall does not encourage offshoring. There is debate whether the international provisions of the law actually increased offshoring. Perhaps some companies shifted jobs to China, but perhaps other companies shifted jobs here from Canada or Germany. Most of the reduction in the tax burden for U.S. multinationals came from lowering taxes on domestic income through changes like the lower corporate tax rate. is a weak attempt to distort the pro-America, anti-Communist China record."
1,"Remember when Barack Obama called us bitter, saying in Pennsylvania, we cling to guns or religion or dislike people who aren't like us? Remember how that made you feel? One candidate for Senate doesn't care. In fact, Kathy Barnette wants to build a statue of Barack Obama right next to the one of Abraham Lincoln on Capitol Hill in Washington. Kathy Barnette -woke Republican. Out of touch with Pennsylvania."
1,"Traditionally, the Speaker says: 'Members of Congress, I have the high privilege and distinct honor of presenting to you the President of the United States.' (Tonight) Speaker Pelosi said, 'Members of Congress, the President of the United States.'"
0,"I was all in for Ron, and he beat Gillum, but after the Race, when votes were being stolen by the corrupt Election process in Broward County, and Ron was going down ten thousand votes a day, along with now-Senator Rick Scott, I sent in the FBI and the U.S. Attorneys, and the ballot theft immediately ended, just prior to them running out of the votes necessary to win. I stopped his Election from being stolen. votes were being stolen by the corrupt election process in Broward.  I sent in the FBI and the U.S. Attorneys, and the ballot theft immediately ended.  I stopped his Election from being stolen."
0,"The COVID hysteria has already gone on too long and these power-hungry bureaucrats don't want to let go. That's probably why we're hearing a lot about this new scary omicron variant. But let's be clear. The omicron variant in South Africa, and now California and across the United States, is reported as an illness with mild symptoms. We hope that will play out over the next few weeks as we learn more. But so far, no one has been hospitalized for it. That's good news. No one has been hospitalized for"" the omicron variant of COVID-"
0,How did China get so powerful? Friends like Eric Schmitt. Schmitt sponsored a bill to spend $480 million of your tax dollars to create a cargo hub here for airlines owned by China's Communist Party to flood Missouri markets with cheap Chinese imports. Schmitt voted to let China buy up Missouri farmland.
0,"Brewers are complaining about a lack of transit going to the ballpark at the same time as they are testifying in favor of taking $135 million away from Milwaukee County, which funds transit, is pretty tone deaf. Read the room, guys. There's no great public transit to our ballpark, which is not anybody's fault, it's a matter of tight budgets."
0,"This investigation looked at two points: the legitimacy of my complaint itself and whether or not I was retaliated against for filing it. In the first, I did demonstrate that the state was putting people in danger. However, I did not incur adverse action as defined by the Whistleblower Act after filing the complaint with the commission. we're not surprised the state would lie again."
1,This is very clearly a way for conservative lawmakers to censor educators so that theyÕll avoid teaching topics that could be considered politically inconvenient for Republicans. ItÕs political interference in education. I think itÕs extremely fair to call this practice a way to spy on teachers in their classrooms for the sole purpose of chilling speech/lesson plans/education for fear of punishment.
0,"Four presidents said they would, and Joe Biden did. And as of today, there is not one member of the United States military who is in active duty in a combat zone, in any war zone around the world, first time this century. As of today, there is not one member of the United States military who is in active duty in a combat zone, in any war zone around the world, for the first time this century."
0,"Certification of New York's 2022 general election appears to be a federal crime; a civil rights violation acting under color of law. Why? Because every American has a fundamental civil right to an accurate and compliant election, that constitutes a deprivation of rights acting under color of law. For that reason, it may be best to go county-by-county to get the complete voter participation for a particular election. The number is minuscule."
0,This county is still demanding property taxes on homes destroyed by Hurricane Helene based on pre-Helene assessments that no longer apply. is still demanding property taxes on homes destroyed by Hurricane Helene based on pre-Helene assessments that no longer apply.
1,"Coronavirus can live for up to 3 hours in the air, up to 4 hours on copper, up to 24 hours on cardboard up to 3 days on plastic and stainless steel."
1,"California firefighters spoke out against the president over a controversial tweet he made as the fires raged. Firefighters say the tweet contained so much misinformation, they had to speak out."
0,"The Border Patrol takes, because they've been ordered not to do their job. You know, catch and release. They bring them to the Yuma, Arizona, airport, put them on a plane to any destination they want. This is true, it sounds like hyperbole but it's not. And they pay their ticket. And then they get reimbursement from FEMA. Border Patrol agents take migrants 'to the Yuma airport, put them on a plane to any destination they want. ... And they pay their ticket. And then they get reimbursement from FEMA.'"
1,"The Republicans occupying the White House and running the Senate... have shown themselves willing to cut millions off their health insurance and eliminate preexisting condition protections for millions more, even in the middle of this public health crisis."
1,"What's happening at the border is the consequence of four years of dismantling every system in place to address this with humanity and compassion. I do want to also point out, Jake, that we began seeing the increase in unaccompanied minors going back to last April 2020. This is not something that happened as a result of Joe Biden becoming president."""
0,was 9% when I came to office. was 9% when I came to office. Nine percent.
1,"If you look at Wisconsin, I've yet to see a spike or anything in coronavirus cases that anybody has said was statistically significant related to the fact that they had voting."
0,"The DOGE subcommittee just discovered $7 trillion in improper payments in Medicare and Medicaid overseas, to people who should not have gotten it. Earlier the subcommittee headed by Chairman Marjorie Taylor Greene, her and her staff discovered $7 trillion in improper payments to Medicare, Medicaid, overseas to people who should not have gotten it. Well, again, that's another example. There's a very long list of the fraud, waste and abuse that DOGE is identifying on a daily basis. Well, maybe this explains why the Democrats don't want DOGE to investigate. The government has lost $7 trillion because of improper payments since "
0,"the richest people in America a massive tax break. To pay for it, he's made clear he'll slash your Medicare and Social Security, and cut Medicaid for nursing home care. made clear he'll slash your Medicare and Social Security, and cut Medicaid for nursing home care."
0,"Ron Johnson is trying to let insurance companies deny coverage to people with pre-existing conditions like cancer, depression, pregnancy, diabetes  or even COVID."
1,Pritzker said it was unquestionably not within his legal authority to postpone Illinois' primary election by changing the date or shifting the election to vote-by-mail.
0,"because Trump knows who the real conservative is who's going to shake up Washington. It's not David McCormick, the liberal, pro-Biden, pro-China Wall Street insider. liberal, pro-Biden, pro-China."
0,"said ending taxes on tips would 'hurt working Nevada families.' She couldn't be any more detached. My Biden/Harris rubber-stamp opponent, Jacky Rosen, is actively campaigning on raising your taxes the first chance she gets, if reelected. Millionaire Jacky Rosen also said ending taxes on tips would 'hurt working Nevada families.' She couldn't be any more detached. And I wonder why Jacky Rosen hasn't brought this up and isn't a champion on it. hurt working Nevada families."
0,"To open an impeachment inquiry is a serious matter, and House Republicans would not take it lightly or use it for political purposes. The American people deserve to be heard on this matter through their elected representatives. That's why, if we move forward with an impeachment inquiry, it would occur through a vote on the floor of the People's House and not through a declaration by one person. Here are the facts: Speaker Pelosi can't decide on impeachment unilaterally. It requires a full vote of the House of Representatives. She changed that  this is how you do it. So, I warned her not to do it that way in the process, and that's what she did, so that's what we do. I never changed my position."
1,More fentanyl has crossed the border in the last two months under Biden than in 2019 under Trump.
0,an innocent 12-year-old girl who was transitioned into a boy by school officials without parental consent. Such actions are insanity. the extreme groups endorsing Janet Protasiewicz aim to take away parental rights and impose trans ideology on our kids. an innocent 12-year-old girl was transitioned into a boy by school officials without parental consent  and Janet Protasiewicz supports it.
1,States that have implemented waiting periods have seen significant decreases in suicides.
1,"Democrats have pushed to continue pandemic-era Child Care Counts payments to providers, which help prevent tuition rate increases for parents. Sen. Rachael Cabral-Guevara, R-Appleton, asked the state Department of Children and Families for solutions ""besides just more money"". ""I had some folks coming in and I was asking them, 'Well, how much are you charging an hour for child care?' And some of them told me, '$2. $2.25 an hour. And I said, 'Well, maybe you need to increase your prices'.'"""
0,This is the real crisis: It costs more to live in many Florida cities than New York City. It costs more to live in many Florida cities than New York City.
1,"On X, in a post by Simon Rosenberg, a longtime Democratic strategist in Washington, D.C. ""Since 1989 and a new age of globalization began, 51 million jobs have been created in America. 49 million, 96%, have been created under Democratic presidents,"" Rosenberg wrote in the March 8 post. ""Essentially all of them. Over 35 years."" "
0,"FEMA is out of money and doesn't have money to transfer to those people affected by the hurricane. They used the money to assist illegal immigrants. not even taking care of our veterans or the people that were devastated by that hurricane. please share this with people you know. Get the word out. FEMA is out of money"" amid Hurricane Helene recovery.
""used the money to assist illegal immigrants."
0,"Who can Democrats trust in the race for Senate? Connor Lamb's a former prosecutor and Marine. John Fetterman's a self-described democratic socialist  Republicans think they'd crush socialist Fetterman. With all that's at stake, Fetterman's a risk we can't afford. Fetterman has never described himself as a 'democratic socialist.'"
1,"Warren said, ""American women are not stupid,"" and that the candidates have an anti-abortion track record. JD Vance actually sent a letter last year to the Department of Justice saying, ""enforce the Comstock Act"". ""And remember, he did that, and then Donald Trump picked him to be his vice president."""
1,"Well, I want you to know, first, that it's $5 million that's been spent against Tammy, and it is five times more money spent against Tammy Baldwin, our senator, than all of the other U.S. Senate candidates up in 2018 combined."
0,"President Barack Hussein Obama kept 33 million pages of documents, much of them classified. How many of them pertained to nuclear? Word is, lots! breaking into Obama's 'mansion' in Martha's Vineyard?"
1,"Infertility is treated differently from other illnesses and diseases, and is often excluded from insurance coverage. Despite how common it is, many insurers do not cover infertility treatment. Instead, patients have to pay out of pocket for what can be very costly treatments."
1,"In one of the states that determined the outcome"" of the 2016 presidential race, the winning margin averaged out to just two votes per precinct -two votes."
1,"The payback for state taxpayers is tremendous. For that $80 million, the state, just in income tax revenue from events that go on here, just from the basketball events actually, is estimated to be probably over $600 million over the life of the lease."
0,"Half the kids in this country, when they graduate, can't read their diploma. There is often a fundamental misunderstanding of literacy attainment in the U.S. Historically, illiteracy meant that a person couldn't even write their own name  in other words, pretty much total illiteracy, no reading or writing ability at all. But today, a far smaller percentage than half of recent high school graduates fails to attain 'basic literacy levels  the ability to read and understand simple messages. And one would assume a high school diploma would be a simple message.' Half the kids in this country, when they graduate, can't read their diploma."
0,"Kamala Harris wants to give $25,000 to illegal aliens to buy American homes. This will only further exacerbate the housing shortage in our country. It's a disgrace. We should be making it easier and more affordable for American citizens to buy homes. Harris wants to give $25,000 to illegal aliens to buy American homes."
1,"""The everyday concerns of Americans are the economy -even young people that we work with at Young America's Foundation, our polling shows nationwide, their top issue for college students is the economy,"" Walker said."
1,Missouri is ranked 3rd in average yearly growth of high-tech industries.
0,"TEXAS RABBI NOW POSING AS A HERO. 'THREW A CHAIR' and ran out? WHAT ABOUT THE FBI SWAT TEAM WHO FLASHBANGED & SHOT THE TERRORIST DEAD? something does not add up? Rabbi was a leftist, anti-zionist. Why did he invite this terrorist in to have tea? Did he know him?"
0,"Cortez Masto voted to block an amendment that would keep Title 42 in place, the last tool Border Patrol has to stop the overwhelming flood of illegal immigrants pouring into our country. Title 42 is the last tool Border Patrol has to stop the overwhelming flood of illegal immigrants pouring into our country."
0,Warnock was arrested for interfering in a police investigation of a summer camp that he was running. Warnock's camp was shut down for failing to report five findings of child abuse and neglect. 
0,"The fact is, today abortion law in the United States is more aligned with China and North Korea than with Western nations in Europe. based on available reports People cannot opt for an abortion instead of childbirth when they are full term. U.S. abortion law is more aligned with China and North Korea than with Western nations in Europe."
1,"The American people deserve transparency from their leaders, it's why as of today, I've released 22 years of my tax returns."
0,"The biggest threat to your unions is millions of people coming across the border, because you're not gonna have your jobs anymore. The truth is, though, when you have millions of people coming in, they're going to take your jobs. In Michigan, [I said] the biggest threat to your unions is millions of people coming across the border, because you're not gonna have your jobs anymore."
0,"I've been to a lot of university campuses. Matter of fact, for four years, I was a full professor at the University of Pennsylvania. This is really an impressive place with a lot of impressive students. For four years, I was a full professor at the University of Pennsylvania."
0,"We've heard story after story. All these athletes dropping dead on the field. But we're supposed to ignore that. Nothing happening here, nothing to see. This is a travesty, this is a scandal. The Senator's point in raising these issues has always been that our federal health agencies should be concerned about reports on adverse reactions related to COVID-19 vaccines and they should fully investigate and make their findings available to the American people. All these athletes are dropping dead on the field."
1,Women's unemployment has been lower under President Trump than it's been in nearly 70 years.
0,"We used to rank No. 1 in the world in research and development, now we rank No.  China used to rank No. 8, now it ranks No.  The risk of losing our edge as a nation  and China and the rest of the world catching up  is real. We used to rank No. 1 in the world in research and development, now we rank No. China used to rank No. 8, now it ranks No. "
0,"The Democrats want open borders so they can bring in and amnesty tens of millions of illegal aliens  that's their electoral strategy. so that someday, they can amnesty these people, and make them voters. Democrats want open borders so they can bring in and amnesty tens of millions of illegal aliens."
0,"De último minutomiren lo ahí, la nueva bandera que están promoviendo para República Dominicana que se va a llamar DominicoHaiti. Esta es la bandera original que diseñó Juan Pablo Duarte en República Dominicana. Bueno no hay duda, la diferencia entre la bandera haitiana, verdad y esa que presentaron es una leve cruz que aparece y unas estrellas, pero en esencia esa es más la bandera haitiana. Creo que lo que más importa aquí es que, irónicamente, la bandera que exhibió Espaillat es en realidad una bandera histórica asociada con el objetivo de separación entre Occidente y Oriente: los países de Haití y lo que se convertiría en la República Dominicana. La bandera es la bandera trinitaria, la bandera del movimiento político que se unió para crear la República Dominicana. Ningún documento histórico de puño y letra de Duarte confirma que fue el autor y diseñó la bandera Trinitaria o la primera bandera de la República Dominicana."
0,"They think they have a right to order us around, from lightbulbs we use to the words that we speak, and now they want to ban gas powered cars and gas stoves. Haley's statement leaves out the crucial word 'new' and also the 'when.' One thing is clear to me from these laws, no one will be 'banned' from keeping their gas stove or gasoline-powered car. Democrats want to ban gas powered cars and gas stoves."
0,"2022 was the biggest tourism year ever in West Virginia, and the numbers are absolutely incredible. 2022 was the biggest tourism year ever in West Virginia."
1,"Recognize that we're in the position we're in right now because of terrible decisions made by two administrations: One, the Trump administration negotiating directly with the Taliban, getting ready to invite them to Camp David, opening up a prison of 5,000 Taliban and probably ISIS-K individuals and letting them free."
1,America has more governors who've worn blackface than black governors.
0,Today we swear in Senator Aaron Rouse and Glenn Youngkin becomes the first sitting governor in the modern era to have their party have less legislative seats than when they were elected. I've been here so long that anything after 1992 is modern to me. the first sitting Governor in the modern era to have their party have less legislative seats than when they were elected.
0,"Dems won't deport, because every illegal is a highly likely vote at some point. That simple incentive explains what seems to be insane behavior. because every illegal is a highly likely vote at some point."
1,"Rep. Ann Wagner, a three-term incumbent, has never held a town hall in the Second District."
1,"Andrew Cuomo said, I think I received more votes in the Democratic primary than any governor in history. And it was all across the state, all age groups, all demographics. "
1,"Right now, only 11 percent of the 15,000 child care providers in Texas are certified as meeting quality standards"
0,"In the past two years, you've raked in $5 million from a law firm called Wisner Baum. You go online, you do commercials to encourage people to sign up with Wisner Baum to join lawsuits against vaccine makers. Have we had a single nominee come through who's made $5 million off suing one of the entities that it would be regulating, and plans to keep getting a take of every lawsuit in the future? Kennedy made $5 million off suing one of the entities that he would be regulating and plans to keep getting a take of every lawsuit in the future."
0,"With violent crime at an all-time high, it is imperative we have a U.S. senator who will support law enforcement. Ted Budd is the best choice by far to be North Carolina's next U.S. senator. violent crime [is] at an all-time high."
0,"Fallece el Papa Francisco a los 88 años. Pope Francis passes away at  and doctors have said his condition is touch-and-go, given his age, fragility and pre-existing lung disease. The image of the pope, meanwhile, is not an authentic photo of him in the hospital. It comes from a video generated by artificial intelligence and shared Feb. 21 on Instagram. We rate claims the pope was dead as of Feb. 23 False."
1,"1. ""The president of the United States already has the legal authority to reduce the price of many commonly used prescription drugs."""
1,"Several months ago, an analysis showed that in states across the country, North Carolina during this pandemic had among the lowest COVID-related deaths, as well as job losses per capita."
0,"Right now, Arizona's politics are a dumpster fire. Kari Lake has been appearing at rallies with neo-Nazis. And she's beating Katie Hobbs, who two federal juries have found guilty of racial discrimination."
1,"Recent analysis showed that 91 percent of Deferred Action for Childhood Arrivals (DACA) recipients, sometimes called Dreamers are employed, in school or serving in the military."
1,"""We already saw that TSA found with metal detectors nearly 7,000 firearms at airports last year -an all-time high."" said Schumer in the Jan. 29 press release."
1,"Ohio Sen. J.D. Vance, who, like Walz, is a military veteran, took the governor to task for his comment at an Aug. 7 campaign stop in Shelby Township, Michigan. ""He said, and he was making a point about gun control, that 'we shouldnâ't allow weapons that I used in war to be on Americaâ's streets.' Well, I wonder, Tim Walz, when were you ever in war?"". ""What was this weapon that you carried into war given that you abandoned your unit right before they went to Iraq and he has not spent a day in a combat zone."""
1,"Sadly more than 5,000 North Carolinians have lost their lives from this virus since our first death on March 12 of this year. To give some perspective, just under 1,500 people died from the flu in the past 10 years. In just 11 months, Covid has killed more than three times that number."
1,"Tuberville's never been challenged on the issues, Don, and thatâ's the key. In April, he said on a radio show, when asked how he would handle the pandemic, he said he didn't have a clue."
1,"I don't think the American people are wrong when they say that what they want is a choice. The choice of Medicare for All who want it, which is affordable for everyone, because we make sure that the subsidies are in place, allows you to get that health care. It's just better than Medicare for All whether you want it or not. And I don't understand why you believe the only way to deliver affordable coverage to everybody is to obliterate private plans."
1,"""The United States is an outlier, one of only about half a dozen countries, without any guarantee of paid leave for new parents and/or other health care needs,"" state Rep. Lisa Subeck, D-Madison, said Feb. 16 on X.""With businesses across the state facing a shortage of workers, we must find ways to attract a talented and competitive workforce"". ""A comprehensive paid family and medical leave policy in Wisconsin would be a game changer for businesses, for workers, and for our families."""
1,"There's a better ratio of testing for the coronavirus in other countries than we maintain here. We're actually screening fewer people because we donâ't have appropriate testing."""
1,The Biden Border Crisis is still here During the first 3 months of FY2022 Customs& Border Protection recorded 518k encounters w illegal immigrants at S border Thatâ's up 137% from same point in FY2021. Biden Admin ought 2get serious about enforcing our immigration laws.
1,"I entered as one of the poorest men in Congress, left one of the poorest men in government -in Congress and as vice president., Biden said."
0,They were victims of violent crimes like murder and molestation and Chief Justice Cheri Beasley failed to protect them. The murderer who shot a boy in the face? Beasley vacated his death sentence. The man convicted of sexually assaulting a seven year old girl? She threw out the indictment. We can't trust Cheri Beasley to protect our families. Every claim is backed up. The State concedes that its intent was to conceal the identity of the child  an intent at odds with the purpose of the naming requirement: to provide notice of the essential elements of the crime charged to the accused. The statutory language is clear and unambiguous: it requires that the child be named as part of the allegations in the indictment  The phrase 'Victim #1' does not distinguish this victim from other children or victims.
1,"If you need Girl Scout cookies this year and don't have a local troop to support, please consider buying from Troop 6000, which is entirely made up of girls living in NYC's homeless shelters."
1,"There are many rumors out there - part of the fear, the anxiety. People spread rumors. Well, maybe you're going to quarantine New York City. We hear New York City is going to quarantine itself. That is not true. That cannot happen. It cannot happen legally. No city in the state can quarantine itself without state approval, and I have no interest whatsoever and no plan whatsoever to quarantine any city."
1,"The referendum will allow voters an opportunity to give us their final say on something that is supported, if you look at any poll, by 70 to 80% of the public. The left has chosen one of the most extreme liberals to run for the state Supreme Court. When 80% of the public in Wisconsin is in favor of an idea, I don't know who would be afraid of that, except the person whoâ's with the 20% and is on the ballot. 70 to 80% of the public in Wisconsin and the country supports requiring photo identification to vote."
1,Florida Highway Patrol has a semi-truck as a patrol vehicle and occasionally makes traffic stops. The FHP uses a fleet of three such hidden in plain sight trucks to snitch on bad drivers or even pull them over themselves.
1,"A recent study shows that over 64 percent of Tennesseeans support laws for protection of LGBTQ people against discrimination. Reports are that the majority of Americans across ALL parties favor these nondiscrimination policies for LGBTQ people (liberals at 81%, moderates at 76% and conservatives at 55%)."
1,"Gillium said he was literally sued, drug through court for two years by the NRA and the gun lobby, all because in my city we refused to repeal an ordinance which said you couldn't shoot guns in city parks."
1,"If you're a low-wage worker and you're single and don't have children, we're literally taxing you into poverty."
0,"Put it in a lockbox, because especially if a young person is just curious, or, you know, wants to play with a gun  let's not make it too easy to get. And that's what secure storage is about. You know, the numbers that I have seen suggest that as many as 75% of school shootings resulted from a gun that was not secured. You get to the 75% or 76% number by adding the firearms from homes where the guns had been locked up. It makes sense that most of the guns used in school shootings come from the shooter's home. It's the easiest place for a juvenile to find a gun. 75% of school shootings 'resulted from a gun that was not secured.'"
1,"""As somebody who has run statewide three times, and seen polls wildly incorrect all three times, I just would not trust the early polls,"" Johnson said. ""There is no doubt that Wisconsin is going to be a very close state."""
0,We should repeal the liability shield that often protects gun manufacturers from being sued for the death and destruction caused by their weapons. They're the only industry in the country that has this kind of immunity. It's outrageous. It must end.
1,"""We produce a lot more wind energy in Texas than California does"". ""They produce a lot of hot air, but the wind energy is produced in Texas."" "
1,"In West Virginia, a gallon of gas is nearly one dollar more than it was a year ago, and we're paying about 30 cents more for a gallon of milk than we did at this time last year."
1,"According to these estimates, one out of every 30 people in the Greater Boston area is an illegal alien."
1,"40% of the folks who have student loans do not have a college diploma, four-year diploma. These are people who are truck drivers and who are nail technicians and nurses' aides."
1,"Ron Johnson is making excuses for rioters who tried to overthrow our government, even calling them 'peaceful protests."
1,"Pro-Donald Trump activists Diamond and Silk said, We have never been paid by the Trump campaign."
0,"Border policies matter. The number of single adult illegal border-crossers? April 2022 Biden - 166,814 April 2020 Trump - 15,609 Increased encounters at the southwest border in April 2022 compared with April 2020 are attributable to changes in border policy."
0,"Ron DeSantis voted to cut $473 billion from Medicare. DeSantis' vote for the budget resolution can reasonably be viewed as a statement of support for reducing Medicare spending. But the vote did not, in itself, actually reduce Medicare spending. The U.S. needs to start to restructure the program in a way that's going to be financially sustainable, both Social Security and Medicare. DeSantis voted to cut $473 billion from Medicare."
1,"Turns out Wrong Dan McCready got nearly $1 million in support from a Nancy Pelosi aligned dark money org in the 2018 election cycle right after he tweeted, Dark money has no place in our politics."
1,"When Mike Pence was Governor of Indiana, he expanded Medicaid, Cohen said."
0,There are polls that also say I have great approval ratings.
0,"Legal experts say Issue 1 allows for abortion after viability for mental, emotional and even financial reasons, not just to protect the life of the mother. I'm pro-choice, but Issue 1 goes too far. Certainly finances are 'relevant to the wellbeing of the patient,' and you could argue they fall under the 'familial health' exception. This ruling effectively made abortion legal through all nine months of pregnancy for almost any reason."
0,"Wisconsin elementary school students buck national trends in 'National Report Card' release. We've known Wisconsin's racial disparities in assessment results are among the widest in the nation for too long, and these troubling results are yet one more indication that we must close the opportunity gap in our state. "
0,Just in: Elon Musk bans Greta Thunberg from Twitter. fed up with Thunberg's frequent tweets about climate change. cool.
0,"As governor, Pat McCrory put liberals in charge of the state textbook commission, appointing a Democrat majority. His commission mandated textbooks written by radical, woke professors pushing critical race theory, teaching our kids to hate America. What the governor can't do is approve someone who has not been recommended by the superintendent. The state textbook commission doesn't 'mandate' books be read in North Carolina classrooms, as the ad says. Divisive, anti-American propaganda."
1,Raising the debt limit is paying our old debts. It has nothing to do with new spending or what may be coming this year or other years. 
1,More cops have died from COVID this year than have been killed on patrol.
1,Along comes Sen. Ron Johnson from Wisconsin.  Johnson wants to put Social Security and Medicare on the chopping block every single year.
1,"When Fidel Castro came into office, you know what he did? He had a massive literacy program. Is that a bad thing? Even though Fidel Castro did it?"
0,"Low INSULIN PRICING was gotten for millions of Americans by me, and the Trump Administration, not by Crooked Joe Biden. He had NOTHING to do with it. I'm the one that got the insulin down for the seniors. I took care of the seniors. President Trump will do everything possible to lower drug costs for Americans when he's back in the White House, just like he accomplished in his first term."
0,On Evers' watchthe efficiency of the state crime lab has plummeted.
0,"We do need some help from the federal government. They have to get together, ideally, with the governor. That governor needs to, he's been trying to get them, and I'm sure they're going to come through, but he's been calling the president, hasn't been able to get him. But they'll come through, I'm sure. And Georgia and North Carolina need the help, probably worst of all, but North Carolina has really been hit. They have really been hit. The governor is doing a very good job, he's having a hard time getting the president on the phone. They're being very nonresponsive. Kemp had been calling the president, hasn't been able to get him."
1,"In West Virginia alone, overdoses have increased by 50% during the #COVID-19 pandemic. We must stop the illegal drug flow across our Southern Border. "
0,Marco has denied climate change and refuses to deal with the issues that affect our environment. Florida deserves better.
0,"50% of the guns sold in Texas, because of the loopholes, do not pass through a background check."
1,"Texas, I believe, either is near the bottom or at the very bottom when it comes to testing per capita, so the numbers are probably far greater than what is being reported for coronavirus. I believe we don't have an adequate idea of just how many cases and how many deaths are being reported."
0,"Kamala cast the tiebreaking vote to hire 87,000 new IRS agents to go after your tip income. Harris and Biden have literally unleashed the IRS to harass workers who receive tips. Treasury and the IRS have no plans to move forward with the voluntary program and, as such, there are no new reporting or compliance components. My understanding is that the proposed program has been in development for a number of years, potentially dating back to this 2013 proposal from the IRS. Harris cast the tiebreaking vote to hire 87,000 new IRS agents to go after your tip income."
0,"You have to grow our economy but stop the deficit spending and become energy independent. Stop the war on fossil fuel. We finally achieved that energy independence, just like we largely gained control of our border, under the Trump administration. President Biden squandered away both achievements. We finally achieved that energy independence  under the Trump administration. President Biden squandered it away."
0,"We're living in the 'silent depression.' The average annual income in 1930 for an American individual was a little over $4, We currently are making less than the height of the Great Depression."
0,"We don't need an outsider like Laurie Buckhout trying to get to Congress to pass a national abortion ban, allowing politicians to ban abortions with no exceptions and prosecute women if they get an abortion, treating women right here like criminals. Buckhout is 'trying to get to Congress to pass a national abortion ban' and is 'allowing politicians to ban abortions with no exceptions and prosecute women if they get an abortion.' Buckhout is pro-life, but has never said she is opposed to exceptions. And the pro-Don Davis group knows this. But they lie about it anyway. The ad accuses Buckhout of 'trying to get to Congress to pass a national abortion ban, allowing politicians to ban abortions with no exceptions and prosecute women if they get an abortion, treating women right here like criminals.'"
1,"There is a big correlation between third-grade reading level and whether you go to college or whether you go to prison. And in Florida right now, only 56 percent of kids are coming out of third grade at third-grade reading level."
0,"Tim Michels doesn't think gay people should be out in public. the Democratic Party now is all about LGBTQ IQ, and it's all about drag shows for third-graders."
1,"Baldwin claimed that weâ're facing situations these days where you have to have two officers in the evidence room in case thereâ's an accidental (fentanyl) exposure. We need to provide the support, the tools, the test strips, and all the training necessary to keep our first responders safe so that they can keep all of us safe."
1,"Every other impeachment trial the Senate has ever had, including those for other federal officials aside from the two presidential impeachments... has included witnesses."
1,"Nikki Haley shared a grave statistic about the synthetic opioid fentanyl. ""We've had more Americans die of fentanyl than the Iraq, Afghanistan, and Vietnam wars, combined,"" the former South Carolina governor said Dec. 14 at the Atkinson Resort and Country Club in Atkinson. ""China has been preparing for war with us for years""."
1,I am proposing things that most Americans even in conservative states think we ought to do. More than 80% of Republicans think we ought to at least be doing universal background checks.
0,"There were three Democratic lawmakers, one from Knoxville, who basically tried to take over the House floor and cause an insurrection on the House floor today. have been very vocal about Jan. 6 in Washington D.C., about what that was, and what they did today was equivalent, at least equivalent  maybe worse, depending on how you look at it  of doing an insurrection in the Capitol. Even the media who have been covering it calls it an insurrection. They were trying to incite people  they incited people in the balcony to be disorderly and disruptive to shut us down, and try to make us adjourn. the actions of the Tennessee state legislators who protested against gun violence were 'at least equivalent' to the actions of the Jan. 6 insurrectionists."
0,"We can clearly see that the bathing suits, though not in the kids section, are available in kids sizes. Either those are sizes for kids or for very, very, very small adults. Target is specifically marketing products for children."
0,"hundreds of millions of tax dollars A secret backroom deal between a governor and liberal billionaire George Soros. A scheme to give away hundreds of millions of tax dollars to a Soros-owned company. Kemp's crooked deal cost Georgians, but made Soros even richer. secret backroom deal gave away hundreds of millions of tax dollars to a Soros-owned company."
1,"Under a Republican majority in the Senate, those reproductive rights laws were passed. And not only was it a Republican majority leadership in the Senate, but 12 Republicans joined the majority of Democrats in order to pass our reproductive rights bills here."
0,speak truth to power speak the truth to you. the great replacement theory is not some grand right-wing conspiracy theory. But a basic statement of the Democratic Party's platform.
0,"They've got a local racist Democrat district attorney in Atlanta who is doing everything in her power to indict me over an absolutely perfect phone call, even more perfect than the one I made with the president of Ukraine. Remember, I kept saying, 'That's a perfect call.' This one was more perfect. Nobody said, 'Sir, you shouldn't say that.' Many people on the phone, including lots of lawyers, nobody found anything wrong with that perfect call until a book promotion tour many months later. All of a sudden, they say, 'I remember Trump making a call. Let's look at that.' This fake case was brought only to interfere with the upcoming 2024 election and it should be dropped immediately. Immediately. We won Georgia easily. We won it by hundreds of thousands of votes. So, look. All I want to do is this. I just want to find 11,780 votes, which is one more than we have. Because we won the state. Nobody found anything wrong with that perfect call until a book promotion tour many months later."
1,"While the Virginia Employment Commission is sixth in the nation for getting benefits to eligible people quickly, there have been times in the pandemic when VEC's pace of resolving those difficult claims just hasn't been acceptable."
0,"With crime surging across NYS, this morning I will call on the interim Governor to develop a comprehensive public safety plan to stem the violence. The fact is that voters have not elected Kathy Hochul as their governor and no matter how you slice it, until New Yorkers have their say at the ballot box she is serving in an interim capacity."
0,"The decision has been made that the President will quit the campaign. So, it's over for Joe. But the White House doesn't yet know how or when to make the announcement. Because we don't use anonymous sources, I cannot confirm the following as fact but I believe it's true. sometime soon"" Biden will ""step aside."
0,"She signed a secret agreement with a CCP-linked Chinese battery company. #ShanghaiSlotkin is a national security threat. Slotkin signed a secret agreement with a private corporation MEDC that was under an NDA with Gotion, a CCP-backed EV battery company, allowing China to implant a national security threat in Camp Grayling's backyard."
0,"HIS HOLINESS' WISHES: Pope Benedict XVI and the Vatican requested that President Biden not attend Benedict's funeral. following the wishes of the pope emeritus, the funeral will be held under the sign of simplicity. The express request on the part of the emeritus pope is that everything be simple, both with regard to the funeral as well as the other celebrations and gestures during this time of pain. To answer your question, the U.S. Ambassador to the Holy See, Joe Donnelly, will represent the United States at the funeral of the pope, in line with the wishes of the late pope and the Vatican. This is what  this is what their requests were. This is what their wishes were. And so, that's what you're seeing from the U.S. You know why  The reason I'm not attending the funeral tomorrow is it would take an entourage of a thousand people to show up ... We would move everything in the wrong direction. He will be remembered as a renowned theologian, with a lifetime of devotion to the Church, guided by his principles and faith."
1,It is estimated that more than 20 veterans die by suicide every day.
1,Fifty seats have already changed hands from the Republicans to the Democrats since Donald Trump was elected.
0,"Oz is pro-abortion. Mehmet Oz. Pro-abortion. Anti-life. Hollywood liberal. I think the law was really only passed to generate a Supreme Court challenge. As a doctor, just putting my doctor hat on, it's a big-time concern. Because I went to medical school in Philadelphia and I saw women who'd had coat-hanger events. They're really traumatic events that happen, when they were younger, before Roe v. Wade. And many of them were harmed for life. Emotionally, there's scarring anyway. At a personal level, I wouldn't want anyone in my family to have an abortion. You want to ban abortion, make that loud and clear, but there's going to be a big sucking sound of businesses leaving there. If someone deep in their heart feels that the moment of conception is a human life, and they just can't deal with that life being harmed, they got to be heard, they can't get ignored."
1,The Trump administration is attacking our health care system and raising health care costs for families. More Americans are uninsured today than when (President Donald) Trump took office.
1,"""Liberals have a plan to make Puerto Rico a state, adding two Democrats to the Senate. And Ron DeSantis sided with the liberals' power play"".
DeSantis actually sponsored the bill to make Puerto Rico a state. With more power, liberals can pack the courts, pass more reckless spending, ban guns and give amnesty to illegal aliens."
0,"BREAKING, Democrats introduce bill to put Americans in quarantine camps. Contact tracing is not a new idea and is regarded by the CDC as a 'key strategy for preventing further spread of COVID-' My bill, the COVID-19 TRACE Act, is about appropriately and safely using this time-tested principle to better assist the communities that are the most impacted by the coronavirus  namely the African-American community  through voluntary testing and door-to-door outreach."
0,"The Inflation Reduction Act led to higher taxes. the costs of higher taxes are also borne by the corporations' workers, consumers, and the economy as a whole."
1,"Milwaukee County Executive David Crowley claimed: ""Under (the Biden) administration we have witnessed the fastest growth of black-owned small businesses in more than 30 years."""
0,"supports banning sporting rifles for law-abiding citizens. Sporting rifle"" is a broader category than ""assault weapon."
1,"Since Biden has taken office, unemployment in the latino community has been cut in half."
1,If Arizona was a country it'd be the eighth largest incarcerator in the world.
0,"The transgender thing is incredible. Think of it, your kid goes to school and comes home a few days later with an operation. The school decides what's going to happen with your child. The transgender thing is incredible ... your kid goes to school and comes home a few days later with an operation. The school decides what's going to happen with your child."
1,"""The GOP has failed to invest in our campuses, making WI fall to 42nd in the nation in state support.""said a graphic attached to Neubauerâ's tweet, which was posted April 11 andused the postal abbreviation for Wisconsin"
0,"Transgenderism, especially in kids, is a mental health disorder. Being transgender is a mental health disorder."
1,The GOP lawyer who helped @kanyewest get on the ballot in Wisconsin is actively working for @realDonaldTrump's campaign.
1,"Milwaukee Mayor Cavalier Johnson responded to Hovde on X, saying Milwaukee ""never defunded the police."" In his tweet, Johnson included a page of the 2023 proposed budget for the Milwaukee Police Department showing an increase in funding from the $280 million adopted in 2022, to more than $300 million."
0,"DeSantis just received the kiss of death,"" The Gateway Pundit, a conservative website, read.
""George Soros has endorsed DeSantis."
0,"A place like California, they give benefits. They give unemployment checks. They do all that. And so you can see why some of those folks were interested in going that direction. benefits. They give unemployment checks."
0,"We are number one in the country as far as our spending money on businesses as it relates to the percentage of federal funds that we receive. I'm proud to report that, as a share of the federal aid our state has received, Wisconsin ranked second in the country for aid we've directed to economic development, and we ranked first in the country in aid we've allocated to businesses."
0,"As I warned last year, the #BidenAdministration has been recklessly releasing potentially dangerous Afghans into our communities. The White House told us they were 'fully vetted.' They lied. The issue is whether the vetting identified all applicants who might pose security threats before being released into the US. No system is perfect in doing so. And, all systems can be improved. Citing a specific report, Tiffany said it demonstrated the Biden administration has been 'recklessly releasing potentially dangerous Afghans into our communities.'"
0,"Mandela Barnes came out in favor of abortion up until the moment of birth. With Roe under attack, we need to abolish the filibuster and we need to codify Roe v. Wade once and for all. I will tell you, to answer a previous question, I will never let archaic Senate procedure stand in the way of our basic human rights. We deserve elected leaders who will go to the mat to protect abortion rights and that is exactly what I will do. Lt. Governor Barnes does not support abortion up until birth  he would vote to codify Roe v. Wade, which ensured women and doctors have the freedom to make the decisions that protect their health and safety."
0,"These are certified numbers. Kamala let in the 13,099 convicted murderers and opposes all efforts to find them and to remove them. The data goes back decades; it includes individuals who entered the country over the past 40 years or more, the vast majority of whose custody determination was made long before this Administration. migrants would have accounted for about one-third of all homicide convictions from 2021 through "
1,The overtaxation of Virginians is something we can address here and now because we have seen the government's tax resource grow astronomically. Receipts just in the last four years alone have grown 50%.
1,"18 states had declines in population.
Per capita, more Floridians move to California than Californians moving to Florida."
1,"Lightfoot's tweet said that under her watch, the percentage of police board hearings that resulted in an officer being fired increased from 37 percent to 72 percent and that the share of discharge cases that ended because the cops involved decided to resign rather than face the board doubled from 15 percent to 30 percent. "
1,"Millions of Americans need mental health care. Yet in Iowa, there are just 64 public mental health care beds. And you see similar numbers across the country."
1,"The No. 1 weather-related killer is heat. Six hundred people die annually from its effects, more than from floods, hurricanes and tornadoes in America combined."
1,"In an ad timed for Black History Month, President Joe Biden touted gains Black Americans made during his tenure. The Feb. 13 advertisement said,""The lowest Black unemployment rate in history. Black child poverty cut in half. Record numbers of new Black entrepreneurs. And over $130 billion in student debt forgiven""."
0,"Trump has the worst record of job loss of any president. He had the worst record of any president.  If you want to be an apologist for Donald Trump, that may be your role. But it ain't mine. Trump has the worst record of job loss of any president."
0,"Despite doctor testimonials, clinical trials and international studies showing the efficacy of ivermectin, mainstream media continues to suppress info regarding the drug as a treatment for COVID- What is the history and the benefits of ivermectin? Tune in for the facts! The administration of ivermectin did not result in a lower incidence of medical admission to a hospital or lower incidence of prolonged emergency department observation for Covid-19 among outpatients at high risk for serious illness."
1,The law says that mental health must be treated the same as physical health.
1,This is the first time ever you've had to seek asylum in a third country.
1,"Since NAFTA's adoption, the United States racked up trade deficits totaling more than $2 trillion."
0,"intercepts adrenochrome shipment headed to the United States 50 imprisoned, emaciated children adrenochrome farm their captors had so frequently drained their brittle bodies of blood and adrenal fluid that their survival depended on being kept in a medically induced coma, fed intravenously."
1,Do you know that New York State pays out way more than we ever get back?
0,"Joe Biden's wasteful spending has sent prices skyrocketing. Now, everything from groceries to gas and meals with our families costs more. Biden's spending has sent prices skyrocketing."
1,"Crime literally pays in New York. A proposal in Syracuse would pay gang members $100-$200 per week to stay out of trouble. This is the surest sign that in the fight against crime, the criminals have won."
1,We have more oil and gas permits than ever before right now.
0,"10 to 30 cents on the dollar is what actually goes to aid. So there's not the right amount of command and control that's going on with the way that it's set up currently. I mean, you could, you could almost say  this is a little bit hyperbole  but there's probably more dollars that go towards state dinners around the Washington D.C. Beltway than what actually goes into rice and beans abroad. It's going to be 99% of cents on the dollar actually go towards what it's intended, instead of people around the Beltway. 10 to 30 cents on the dollar is what actually goes to aid."
1,"2day Sen Wyden & I released Finance Cmte report on INSULIN costs Prices hv gone THRU THE ROOF for patients/taxpayers bc of manufacturer, health plan & PBM biz practices They make $$ as % of ballooning list price so no incentive to lower price on 100 yr old drug."
0,We created more new jobs in two years than any president did in their entire term.
1,"Like every budget passed by the Senate since I have been lieutenant governor, Senate Bill 1 is within the spending limit set by the Texas Constitution."
0,"The Democratic Party senate candidate in Pennsylvania is trying to change the outcome of the election by counting NON-CITIZEN votes, which is illegal."
0,"Absolutely not. And the Democrats just cut $280 billion, all Democrats in the Senate and House voted to cut $280 billion out of Medicare just two months ago. And then they want to say Republicans want to cut something? All Democrats in the Senate and House voted to cut $280 billion out of Medicare just two months ago."
0,"I gotta say, that's utterly imbecilic. Only a fool would want the Ayatollah to have nuclear weapons. Democrats are hopelessly naive when it comes to foreign policy. Obama gave a speech where he said Iran has a right  he used that word, 'right'  to nuclear technology."
1,"""With school-based professional social workers, the recommendation is 400-to-1"". And in Wisconsin, weâ're almost triple that at 1,136 students for every one school social worker. "
0,"My difficulty has to do with the role of government and the extent to which government imposes its will on personal lives. But there are a large number of members who felt very passionately about it. It will be repealed within 20 years. The fundamentals are, the institution of marriage, which has traditionally been defined as the union of man and woman, is something I'm at peace with. If you go to states that have those laws on the books, they're rated by gay-lesbian-transgender entities as some of the most desirable states to work in. They've found ways to work with them. This is a good compromise. Based on mutual respect for our fellow Americans, protecting the rights of Americans who may have different lifestyles, or different viewpoints. When I make decisions, I make decisions based on current data, current facts. The current data and current facts have changed. We think that we owe this community some certainty."
1,Our corrections system didn't become a mess overnight. It is a result of the last 8 years of neglect where we saw the prison population expand and vacancy rates for correctional officers go from 2.9% to 15.2%.
1,49% of all new income goes to the top 1%.
0,"Well it's official, President Donald Trump to sign order from Elon Musk, giving taxpayers who have filed their 2024 tax returns, a stimulus check for $5,000; not $1, It's official! $5,000 DOGE Stimulus Checks confirmed by Trump! American taxpayers deserve a 'DOGE Dividend': 20% of the money that DOGE saves should be sent back to hard-working Americans as a tax refund check. I love it. A 20% dividend, so to speak, for the money that we're saving by going after the waste and fraud and abuse and all the other things that are happening. I think it's a great idea."
0,China has built up their military at a scary pace. They had 370 ships. They'll have 400 ships in two years. We won't even have 350 ships in two decades. China had the largest naval fleet in the world.
0,Val Demings supports abortion up until the moment of birth. Demings supports abortion up until the moment of birth.
1,"""As we start preparing our Thanksgiving meals, grocery inflation is at its lowest level in over two years, with prices for eggs, milk, bacon and fresh veggies lower than last year. In fact, according to the American Farm Bureau, the cost of a Thanksgiving dinner fell this year. Prices are down for turkey, stuffing, peas, cranberries, pie crust and whipping cream""."
1,"Ron Johnson, R-Wisconsin, listed a series of things that would be lost with the end of the project, including ""10,000 union jobs (nearly 2,000 with Wisconsin companies)."
1,"Rep. Elise Stefanik, R-N.Y.,who represents a geographically large district in the North Country and Adirondack Park, said on Fox News that the number of illegal crossings is many times higher than it has been in the past. ""We've seen an 800% increase in the Swanton sector, which is the part of the northern border that I represent, in illegal crossings"". "
1,"While infection rates in Allegany, Cattaraugus and Chautauqua counties have consistently been among the lowest in the state throughout the COVID-19 crisis, our linkage with Erie County and its higher infection rates means that we don't meet the metrics for reopening, and our hurting, rural economies must remain shut down for at least another two weeks."
0,"We expect our cops to be social workers. We expect them to be psychologists, mental health counselors. You know, more cops are killed responding to domestic violence calls than anything else. More cops are killed responding to domestic violence calls than anything else."
0,"My opponent, has affirmed he will indeed lock up doctors, nurses, pharmacists, etc. and punish women for abortion, with zero exceptions for rape or incest. Abe has never said he supports the abortion ban outright, only that the attorney general has a duty to defend the law regardless of their personal opinion. lock up doctors, nurses, pharmacists"" and ""punish women for abortion."
0,"This is literally evidence that Biden was handed something on a golden platter. created"" more than double the number of jobs per month, on average, of any president going back to the elder Bush."
1,"When we say one vote matters it's not just a saying, it has proven true 141 times in Ohio over the last five years."
1,"The partial government shutdown in early 2019 affected 18,000 federal employees in West Virginia."
0,"Well, I never even coached him. What happened is I recruited him. And then I left and went to another school. But I've got to be very good friends with him. He's a good  not just a good athlete. He's a very good example for a lot of our young youth across this country. He recruited me at the time."
0,"As of today in Union County  after being threatened that we were killing kids and killing teachers and killing staff and running people off  there are exactly zero students, staff, members, teachers, bus drivers, cafeteria workers, yard workers, maintenance people, delivery people, anyone in Union County in the hospital related to our school system with COVID. Despite criticism of the Union County school board, none of its employees and no one 'related to' the school system was hospitalized with COVID-"
0,"At the end of the day, Governor Evers introduced the budget, Democrats and Republicans both voted for it, and Evers signed into law. Bipartisan agreement on anything, especially this day and age, seems to align with the idea of bringing people together. The final vote tally speaks for itself. Evers brought Republicans and Democrats together to cut income taxes for the middle class."
0,The price of insulin has been jacked up by Big Drug Corporations. 35 million Americans who have diabetes need lower costs. We can cap the price of insulin at $35 with our Affordable Insulin Now Act. Let's have a Senate vote and pass it!
0,"In some liberal states, you actually have post-birth abortions and I think that's wrong. I would be a pro-life president. Some liberal states have post-birth abortions."
1,"People of every race use illegal drugs at similar rates, yet African Americans are far more likely to be imprisoned than whites. African Americans are three to four times more likely to be arrested for drug crimes and nine times more likely to be imprisoned."
0,"I regret having posted the headline without being more confident the story was correct. Salon is usually more reliable. Twitter is a constant learning experience, and I will try to do better."
1,West Virgnia has the highest overdose rate per capita of any state in our nation.
1,"The money taxpayers spend on police misconduct has the potential to defund other municipal services. In 2017, New Haven, Conn., had to issue bonds for a bridge after using funds for that bridge to pay for a police misconduct settlement."
1,"Since 2019, I've successfully lobbied for the funds to add hundreds of school counselors, lowering our student to school counselor ratio by 20%."
0,"We know from past experiences that the most effective tool for keeping kids safe is armed law enforcement on the campus. Inevitably when there's a murder of this kind, you see politicians try to politicize it, you see Democrats and a lot of folks in the media whose immediate solution is to try to restrict the constitutional rights of law-abiding citizens. That doesn't work. It's not effective. It doesn't prevent crime."
0,"The anti-vaxxers clearly are the winners at this point, and I think it would probably stay that way. And I don't want to put any shade on that, whatsoever; they came out the best. Unvaccinated people... feel better. Now you've got natural immunity and you've got no vaccination in you. Can we all agree that that was the winning path? Adverse events"" to the COVID-19 vaccines reported to the federal VAERS system are much higher than for previous vaccines.
""The reports do not prove a vaccine caused a serious side effect, the number of reports suggest COVID-19 vaccines are more dangerous. People unvaccinated against COVID-19 came out the best. Those who survived COVID-19 have natural immunity without having to worry about long-term vaccine side effects."
1,"Multiple independent studies found that the tax carve out Johnson spearheaded overwhelmingly benefited the wealthiest, over small businesses."
0,"U.S. AID systems and processes are not well synthesized, integrated, or coordinated, and often result in discord in the foreign policy and foreign relations of the United States. This undermines the president's ability to carry out foreign relations. The goal was to reform it, but now we have rank insubordination. In every region of the world, we should always search for ways to use U.S. aid and humanitarian assistance to strengthen our influence, the effectiveness of our leadership, and the service of our interests and ideals. Foreign aid is a very cost-effective way, not only to export our values and our example, but to advance our security and our economic interests. Foreign aid as a part of our overall budget is less than 1% of the total amount the U.S. government spends. I think it is important for those of us who believe in global engagement and believe in the function of foreign aid to justify it, to never take it for granted, and to constantly examine it to make sure the money is being spent well and that it is worth spending at all. Anybody who tells you that we can slash foreign aid and that will bring us to balance is lying to you. Foreign aid is the least popular thing government spends money on. And I spent a lot of time in my career defending it and explaining it. But it's harder and harder"
0,North Carolina ranks last in the country in K-12 funding  and that is entirely the result of the North Carolina Republican Party's misplaced priorities. Their under-investment has left families and kids across our state to bear the brunt of teacher shortages and under-resourced schools and hurt the potential of our future leaders and workforce.
0,"Clark County, Nevada, has a corrupt voting system be careful Adam!, as do many places in our soon to be Third World Country. Arizona even said 'by the end of the week!' - They want more time to cheat! Kari Lake MUST win! They want more time to cheat."
1,"Conservatives are attacking Biden saying he's requiring Americans Trapped in Israel, who want to leave, sign a promissory note to repay costs? FACTS: This has been US policy for at least 79 years!"
1,"When it comes to farming and agriculture, we know that there is a direct connection between discriminatory policies within the USDA and the enormous land loss we have seen among Black farmers over the past century"
1,"A friend told me about the University of Houston, a public four-year college about 40 minutes away. We were a young couple, watching every nickel. I figured I couldn't afford it. But it turned out that tuition was just $50 a semester."
1,"When J.D. Vance moved back to Ohio, he told us his new nonprofit would help fix our stateâ's opioid crisis, but he failed to fund a single addiction program. So, what did Vance do with the money? He funneled tens of thousands to his top political adviser and paid tens of thousands for political polling. Vance did nothing to help Ohio, but did everything to help his political career."
0,"when you have unemployment below 4% and inflation above 4%, recession always follows within two years. When you have unemployment below 4% and inflation above 4%, recession always follows within two years."
0,"In the late 1960s, government bioweapons labs started injecting ticks with exotic diseases. Soon, people nearby began to get those diseases. Now, tick-borne Lyme is endemic. Naturally, the government has admitted nothing. So, you have a cluster of these three previously rare diseases right across the water from the U.S. government's biological weapons testing facility, is that what you're saying?"
0,"Superbowl picture of the century. Some attendees gave him the middle finger from the stands while he looked on from the glass-paneled box from which he watched the game. Social media lit up with videos of the boos and catcalls that greeted Trump during his visit to Jack Trice Stadium in Ames, Iowa, including a photo that quickly gained traction of an Iowa State fan flipping off the former president with his middle fingers."
1,"Asa Hutchinson wants the crypto industry to thrive -but with some regulation. I want them to have rules that can be followed, and Congress needs to act. It makes no sense to me: If we're trying to prohibit communist China from buying farmland in America, why are we allowing them to do crypto mining in the United States of America?"
0,"Congressman Budd, who talks about being a friend of the police, on four separate occasions voted against funding for police here in North Carolina to the tune of more than $32 million. on four separate occasions, voted against funding for police here in North Carolina to the tune of more than $32 million."
1,"""Since Vice President Harris and I took office, our economy has created nearly 16 million jobs, average unemployment has been lower than during any administration in 50 years, and incomes have risen faster than prices."" Biden said in an Aug. 2 statement."
0,his out-of-control federal spending is driving inflation through the roof. Thanks to @POTUS for signing the CARES Act and to Georgia's congressional delegation for their strong support of this much-needed measure. government spending to blame for inflation voted with liberals for $10 trillion in new debt
0,"It's tough for most Americans to understand that their president and a whole major political party in the U.S. is intentionally destroying and crippling the United States. But that's exactly what is happening here. And unless and until we understand that, we're not going to be able to counter it in an effective way. This has been a long-term project by the left. It actually began in the 1930s, and it came out of the KGB the former Russian secret police agency. It was a KGB operation to destroy the country. And then after World War II, the Soviets actually changed their tactics. And what they decided to do, and it's been very effective for many decades, is infiltrate and grab control of the major pillars of U.S. life. They grabbed control of the culture  so entertainment, movies, television, music. They grabbed control of academia, at the university level and now it's all the way shot down through kindergarten and even younger. And they grabbed control of the news media. With those pillars, they have been able to inflict tremendous damage over many decades. And now we are at a tipping point where the useful idiots on the left -- the Soviet Union collapsed, the CCP Chinese Communist Party stepped in to take over this grand project to destroy the country from within -- that's exactly what's happening. And now when you have useful idiots in the highest levels of power"
0,"At the start of the COVID-19 pandemic, you advocated and again I quote for 'each and every criminal defendant in D.C. Corrections custody should be released.' That would have been 1,500 criminals back on the street if you had had your way. each and every criminal defendant in D.C. Corrections custody should be released."
1,"Already, 84% of all new electric capacity planned to come onto the electric grid this year is clean energy."
0,"cast the tiebreaking votes that caused the worst inflation in American history, costing a typical American family $28, the inflation was temporary. It came back down. the package quickly got the economy back to full employment."
0,"a catastrophic increase It's a mess 295 active drug shortages where they belong shamefully"" not following through on an executive order 
""catastrophic increase"" in drug shortages under Biden's watch"
1,"With record lows in unemployment, more people are going back to work in Missouri. Wages are on the rise -in fact we were the top small-business wage growth state in the nation."
0,"kind of socialism, kind of communism but mostly just fascism."
0,"allowed 5 million ballots to be sent to every registered voter. allowed drop boxes with no chain of custody, no security. allowed Zuckerberg to put $55 million into Democratic counties for mobile voting buses. "
1,"Well, you have to have the funding in order to get the officers. When you go to a restaurant and you order a meal, the chef doesn't prepare your meal and then pick up the check. That's what MPS is asking. I think that's wrong for taxpayers in the City of Milwaukee, especially given the fact that presently, right now, after the referendum, Milwaukee Public Schools has a larger tax levy than the City of Milwaukee."
0,"Social Security is a 'legal Ponzi scheme.' We've got to convince more of our fellow citizens that Social Security really is  and by the way, I was wrong when I said this in 2010, I said it's a Ponzi scheme. Ponzi schemes are illegal. So, Social Security is  it's a legal Ponzi scheme. Washington politicians run Social Security like a Ponzi scheme."
1,"To defeat this pandemic AND recover our economy, the safest and most effective way is for the population to be immunized The way to reach 'herd immunity' is for >70% of the population to get vaccinated. There are apparently too many unknowns to be certain, but the 70% figure lines up with some common estimates."
1,Pattrick Morrisey joined a federal lawsuit to allow insurance companies to deny coverage for people with pre-existing conditions.
1,"May 2018 marks the 42nd consecutive May and the 401st consecutive month with global land and ocean temperatures, at least nominally, above the 20th century average."
1,Homelessness has skyrocketed across California. We have the nationâ's highest homelessness rate and the nation's highest homeless population.
1,"""When I came in as vice president, only three states extended postpartum care Medicaid coverage to 12 months. I issued a call and a challenge to all states. And now 43 states have extended postpartum care for women,"" Kamala Harris said Jan. 29."
0,"It was not approved by me, I never saw that. They're going back to the drawing board.  They're not doing anything this year. They're going to go back and basically listen to folks. A lot of that stuff was half-baked and was not ready for prime time. And it was intentionally leaked out to a left-wing group to try to create a narrative. The proposal to put golf courses, hotels in Florida state parks was something that was leaked.  a lot of that stuff was half-baked and was not ready for prime time."
0,Martha's Vineyard declared itself as a sanctuary city until the buses arrived.
1,"Warren said, I think the best way to talk about who can win is by looking at people's winning record. So, can a woman beat Donald Trump? Look at the men on this stage. Collectively, they have lost 10 elections. The only people on this stage who have won every single election that they've been in are the women, Amy and me."
0,I hear that Joe Biden is on his way to Florida this afternoon. And now he's coming down to try to support a constitutional amendment that will mandate abortion until the moment of birth. It is not true that the amendment protects the right to an abortion up until the moment of birth. It only does so when a woman's health is in danger. Florida's abortion amendment will mandate abortion until the moment of birth.
0,"A 12-hour, non-stop international flight. That's how far President Biden would rather travel to plead for Saudi Arabian oil rather than simply issue more drilling permits to producers here at home. American oil is cleaner. More reliable. And more affordable. Put America FIRST! Domestic oil is 'more affordable' than foreign oil."
1,Texas schools are stronger; high school graduation rates are at all-time highs.
0,Two-Faced @JonTester's 'Inflation Reduction Act' increased inflation and drove prices sky high! And he never 'took on Big Pharma'  Jon Tester is the #1 recipient of cash from Big Pharma!! What a PHONY! The Inflation Reduction Act that Tester supported 'increased inflation and drove prices sky high!'
1,"The crime rate on the border according to the FBI, as it is reported by local officials through the Uniform Crime Reporting Act is safer than anywhere else in Texas. Since 2014, when we began operations and now 2018, there was a 25% decrease in crime across the border."
0,"In Congress Ron DeSantis pushed a 23% national sales tax where the middle class pays more. President Trump cut taxes a lot, lowering tax rates for everyone. From a policy perspective, I think the IRS is really past its point of usefulness. I think we need to move to a fair or flat tax and give the government less power. Implementing the Fair Tax would likely result in higher taxes for the middle class and lower taxes for wealthier households. The only question is what the final numbers could look like."
0,The law in Wisconsin is 20 weeks. That is way outside the international bounds.
0,"Millions and millions of people have dropped out of the workforce entirely, and the share of working-age men choosing to work is the lowest it has ever been. The share of working-age men choosing to work is the lowest it has ever been."
0,would even allow the government to use red-flag laws to confiscate your firearms without due process. use red-flag laws to confiscate Wisconsinite firearms without due process. confiscation.
0,"Consider what is happening tonight in Brazil. Thanks to what was very clearly a rigged election, a convicted criminal called Lula da Silva is now the president of the most important country in South America. Millions of people in Brazil understand exactly what happened. They know their democracy has been hijacked possibly forever. The election in Brazil was very clearly a rigged election."
1,"People of color and those of not, they use marijuana at the same rate. People of color are three times more likely to get arrested and convicted."
1,"USPS currently has the most cash on hand in its history, approx $15 billion. The Postmaster testified before Congress that USPS has the money, the manpower, and the resources to deliver the mail safely and on time through the election."
1,Texas actually leads in the number of monuments removed.
0,"Here we stand in a moment just like I was last year. All these smart pundits said  'a Republican can't win in New York,' and that's exactly what they said in Virginia last year: 'No Republican can win for governor in Virginia. The suburbs are too blue, the media is too strong.' They forgot to do one thing: Ask the voters. We won cities that no Republican had ever won."
1,"We know that the bill that's in front of us... has a lot of money in it for schools, but if you really look at it... it says that the school money is going to go out until the year 2028. This is supposed to be an emergency bill."
1,"Despite this change to state law, the use and possession of marijuana on UAlbanyâ's campuses remains prohibited under federal law."
0,"FBI investigation uncovers 256 emails between Adam Schiff and Jeffrey Epstein. This is a massive scandal, and Schiff must be held accountable. If Adam Schiff is guilty in any of the 256 emails with Jeffrey Epstein, I will personally ensure that he faces the full consequences of the law and is held accountable for his actions."
0,"But, look, there has been an urgency from this president from day one when the Supreme Court made this extreme decision to take away a constitutional right. It was an unconstitutional action by them, a right that was around for almost 50 years, a right that women had to make a decision on their bodies and how they want to start their families. The court does not act 'unconstitutionally' when it interprets the Constitution.
She probably meant to say just that the court's decision was 'unconstitutional' in the sense of being wrong, and a flawed interpretation of the Constitution.
"
1,"The redrawn maps were created by someone who's not accountable to the public. ""This map was drawn entirely in secret by an Ohio consultant, as my colleagues have pointed out, with taxpayer dollars""."
0,"Unions should endorse Trump because I am closing our border good and tight. In February alone, nearly 1 million jobs held by native-born Americans disappeared. Think of that. You lost 1 million jobs. Black people. That's who lost the jobs. Hispanic people. That's who lost the jobs."
0,"According to polling, of the people that were made aware of the Hunter Biden laptop story, 53% would have changed their vote, including 61% of Democrats. This is the definition of election meddling. 53% of Americans made aware of the Hunter Biden laptop story would have changed their vote in  53% of people made aware of the laptop story would have changed their vote."
0,"Biden won't allow Delta-variant COVID patients to get proven and effective monoclonal treatments even though there are 50,000-100,000 Americans infected by Delta EVERY DAY. Bottom line is, Biden should stop undermining the health of the American people by interfering with our access to proven therapeutics like monoclonals, and stop your cruel joke of telling us we can take the highly effective therapeutic Paxlovid when you know it isn't really available."
1,"In a battle over who's more electable, Klobuchar said Buttigieg ran for state office in Indiana and lost by 20 points. "
1,"Dow goes from 18,589 on November 9, 2016, to 25,075 today, for a new all-time Record. Jumped 1000 points in last 5 weeks, Record fastest 1000 point move in history."
1,"""When it comes to how many votes (President) Joe Biden won, it was literally less than a few votes per ward"". Godlewski said."
1,"In New York State, Democrats blocked a Bill expanding College Tuition for Gold Star families after approving aid for illegal immigrants."
0,"Wall Street insider David McCormick paid for attacks on Donald Trump. paid for attacks"" on Trump."
1,CPS students are learning and growing faster than 96 percent of students in the United States.
1,"Illicit drugs are flowing into the country at an alarming rate. Overdoses reached an all-time high in 2021. 2,071 lbs of fentanyl -more than 469 million lethal doses seized in July. More fentanyl has crossed the border in the last two months under Biden than in 2019 under Trump."
1,"Unemployment went down in every single county, including rural Virginia by nearly 50%."
0,We learned this morning that the FDA is now saying that it's OK to take ivermectin if you have COVID.
0,Did anybody stop to think that sending billions of dollars in no-strings-attached aid to one of Europe's poorest countries  that also happens to be one of the world's most corrupt countries  might be a poor use of U.S. taxpayer funds?
0,"And I think it's highly recorded now, there's 150 I believe now  it's over 100 professional athletes dead, professional athletes, the prime of their life, dropping dead that are vaccinated, right on the pitch, right on the field, right on the court."
0,Kemp gets 74% and Perdue gets 22%. Nobody in any election in America gets 74% of the votes. Ever. It doesn't happen. Obvious fraud. Nobody in any election in America gets 74% of the votes. Ever. It doesn't happen.
0,"They're going to be giving these people who come across the border, giving them smartphones. Listen, I know a lot of people across our district who would like a smartphone."
1,"Gov. Kathy Hochul said: I grew up in a tough neighborhood.You know, I've come from the streets of Buffalo and Lackawanna Steel Plant, and Dad worked in a steel plant. My parents lived in a trailer park. So, I've seen how tough it is out there. I know what people are going through, because people that my parents lived next door to still live in that same trailer park years later, the families. People have not escaped, and my job is to help them by creating more jobs with all of you. We've created 732,000 jobs since I've been governor."
0,"ordered the destruction of all COVID-19 vaccine stockpiles on Russian soil an undeniable connection a sudden surge of HIV infections in vaccinated persons. Putin orders destruction of all COVID-19 vaccines in Russia humor, parody and satire"
0,"Think about in the past how we have seen attempts to minimize and even deny the Holocaust. Think about those who tried to rewrite the history of the Japanese internment camps, erase our nation's dark and sordid history in how we have treated the Native people and, in particular, through educational systems. Those who have tried  and there are states where they have  to ban teaching Latino and Hispanic history. There are many aspects of our history that some would like to overlook, erase, or at least deny. Some states have tried to ban teaching Latino and Hispanic history."
1,"If we make no changes over the next 10 years, Americans will reach into their pockets and pay out about $11 trillion on insurance premiums, copays, deductibles and uncovered medical expenses."
1,"Governor @GregAbbott_TX has lead education to a brighter future,hat's why Texas' public high school graduation rate is at 90% overall."
0,"Illegal immigration reduced American workers' wages by replacing American citizens with foreign laborers who are willing to work at slave wages. If you go back to the Trump economy, you had American jobs going to American workers. You had wages rising. Under the Biden economy, you have those American workers getting fired and replaced with foreign labor. This is not an exaggeration. All net job creation  you heard me right, 100% of net job creation under the Biden administration  has gone to the foreign-born. 100% of net job creation under the Biden administration  has gone to the foreign born."
1,"Evers' budget included a tremendous amount of excessive spending, pet projects, tax increases and divisive non-fiscal policy.  Gov. Evers' budget is a 'bounce back' to larger GAAP deficits."
0,"Biden's helping pay rent for newcomers to America. do not say immigrants. I'm struggling to pay my bills but Biden's paying rent for illegals? All individuals paroled into the United States are, by definition, inadmissible. People allowed into the U.S. through parole are legally entering, and they are allowed to stay for the parole period. After that, they need to apply to renew their parole or for another status such as asylum. Biden is subsidizing the rent of people who are in the U.S. illegally."
1,"In 1992 the Democratic Party had in their platform provisions that said that illegal aliens were coming in this country, committing felonies, sent back and then they were right back across the border to do the same thing."
0,"Joe Biden and the New Left even promote surgery on teens and young adults, removing breasts and genitals. We believe in biology and we believe that confused children should not be harmed permanently by individuals with radical agendas."
0,"My position is much less radical than my opponent's position, which is really abortion all the way up until the point of birth, even post-birth. Wiley is endorsed by the progressive caucus, he sought that endorsement. And, you know, if there's an abortion procedure that happens when the baby comes out and is still alive, many in that caucus have said they would support allowing the baby to suffocate on the table. Wiley supports abortion all the way up until the point of birth, even post-birth."
1,"On taxes, if you go back and look 50 years ago, individuals paid about 7 percent of the total and corporations paid 5 percent. Fast forward 50 years: individuals still 7 percent, corporations are down to 2 percent."
0,"The youth suicide rate has increased exponentially alongside trans affirmation. Trans affirmation causes the suicide rate, not the other way around. The youth suicide rate has increased exponentially alongside trans affirmation. Trans affirmation causes the suicide rate, not the other way around."
1,"Becerra claimed ""Every time we go to court, against the Trump administration, for the most part, we win."""
1,"""Black women in the United States of America are three to four times more likely to die in connection with childbirth than other women,"" Harris said at the New Orleansevent. ""And we know that there are a variety of reasons for that. But we also know that this is a health care crisis of the highest order that has received very little attention proportionate to the seriousness of the matter."""
1,"The abortion industry performs 60,000 procedures annually in Texas."
1,"Depending on which study you look at, either 68% or 5 out of 6 individuals ... are making more on unemployment than they did on the job."
0,"When they passed that consent decree, it invalidated all voter ID law. Absolutely that's what the consent decree did and you allowed it to happen. allowed fraudulent ballots to be accepted into the race. a consent decree approved by Kemp 'invalidated all voter ID law' and 'allowed fraudulent ballots to be accepted into the race.'"
0,"As California attorney general, she redefined child sex trafficking, assault with a deadly weapon and rape of an unconscious person as a totally nonviolent crime. As California attorney general, Kamala Harris redefined child sex trafficking, assault with a deadly weapon, and rape of an unconscious person as a totally nonviolent crime."
1,Mitt certainly does things his way.  Moves to Utah from California and uses a million of his presidential campaign dollars to finance his Utah senate race.
1,We're going to add $600 million to special education categorical aid; it hasn't been raised in over a decade.
1,"Vote by mail, that we know, is the greatest source of voter fraud in this state. In fact, all of the prosecutions by the attorney general Ñ I shouldnÕt say all, but a great majority of the prosecutions by the attorney general occur with respect to vote by mail."
1,Schumer said the American people are overwhelmingly with us in calling for witnesses to testify in the Senate impeachment trial.
1,"We've seen, before the pandemic, from 2006 to 2019, year after year, crime in various categories and crime overall, has actually gone down in the city of Buffalo."
1,"There was an estimated $5.3 million of economic loss just for a few hours of shutting down the border. You're talking about millions and millions of dollars, billions of dollars, of economic consequence, if we continue with this rhetoric around shutting down the border without considering what that means."
0,"President Trump promises to end birthright citizenship on Day One, calls it 'ridiculous.' He's right. The 14th Amendment was written to make citizens out of former slaves, not illegals, and has never been challenged at SCOTUS. End it, Mr. President. The 14th Amendment is too broad and is used as a catch all to justify things such as birthright citizenship. The idea that it grants birthright citizenship is a terrible interpretation. The 14th Amendment has never been challenged at SCOTUS."
1,"Who would say no to that? Leah Vukmir. She was just about the only legislator who stood with the insurance companies instead of the people. Leah Vukmir, you ought to be ashamed. She voted against oral chemotherapy."
1,Wisconsin is one of the few states that doesn't allow absentee ballots to be processed before Election Day. Allowing this simple change would stop the false accusation that tens of thousands of ballots are secretly being dumped after midnight changing the outcome of the election.
0,"We should make sure we continue with some of the great work we did with the child tax credit that brought childhood poverty down by 60% which, by the way, Kari Lake was against when the bill was on the floor."
0,The Biden administration is bringing amendments that would propose that all nations of the earth cede their sovereignty over national health care decisions to the WHO. Nations would cede their sovereignty.
1,FBI Uniform Crime Report for 2016 shows more than four times as many people were stabbed to death than were killed with rifles of any kind.
0,"Eleven million? That's an outdated  that was the number 10 years ago. We're talking upwards of 20, 25, maybe 30 million."
0,"Our children are society's most vulnerable, and Chief Justice Cheri Beasley has failed them. A man seeking sex with a boy online? She tossed the conviction. The predator who sexually assaulted a 7-year-old girl? Beasley threw out the indictment. A child porn offender. She voted to set him free. And, sadly, there's more. We can't trust Cheri Beasley to protect our families. Voters know Cheri worked with law enforcement to hold violent offenders accountable, and she will continue to keep our communities safe as North Carolina's next U.S. senator. We cannot agree that the mere opening of a thumb drive and the viewing of as little as one file automatically renders the entirety of the device's contents 'now nonprivate information.'"
1,Trump noted that the Jerusalem Embassy Act of 1995 had passed Congress by an overwhelming bipartisan majority and was reaffirmed by a unanimous vote of the Senate only six months ago.
0,"The 8 million that have come in illegally, we have to send them back because you have to look at the fact that every time we allow them to come in, we're incentivizing more to come. The idea that we've had 8 million and they only sent back 142,000 should scare everybody. Biden sent back only 142,000 last year. That's it. We've had 8 million immigrants come to the U.S. illegally under Biden and they only sent back 142,"
1,These guys are now pretty much living up to the @BruceRauner standard. And falling dismally short of the @MittRomney standard. Even Romney released his full tax returns.
0,"I'm the only candidate in Ohio who's willing to say this, and I want to say it to all of you very clearly. I believe this election was stolen from Donald J. Trump. Trump's 8-point margin of victory in Ohio was an undercount. The 2020 election was stolen from Trump."
1,"Larson said Wisconsin is one of 10 states that have not expanded Medicaid but if it had done so, the state would have saved $530 million in the 2021-23 budget cycle. Then he said: ""For that amount, we could have hired 3,287 additional K-12 teachers at the statewide median salary, including benefits.That's an average of 7.8 more educators PER DISTRICT""."
1,In one day of fundraising I received more small donor contributions than Andrew Cuomo received in seven years.
1,We've had a 30% increase in suicides in this country in just 15 years.
0,Joe's DOJ just said that international sex trafficking of minors was not an area of concern and removed it from their list of offenses that deserve a high degree of attention.
0,"Don't trust phony Kathy Barnette,"" says the narrator in a TV ad from Our American Century.
""Barnette pretends she's America First, but repeatedly attacked President Trump. Did u c d last Presidential Debate. #Trump2016 was horrid. #Trump2016 is good 4 beers & barbeque. BUT, not as President. #Trump2016 is JUST AS LIBERAL as d leaders we currently hv n office. #MoralityMatters & Trump does not rank high in it #Trump2016 moral character is questionable! Out of 16 presidential candidates, Donald Trump was no. 16 on my preferred list. Trump is an extraordinary man with amazing stamina and broad shoulders capable of carrying the weight of his office. I do have concerns. I believe there are legitimate concerns about what took place during the election of  Who's less electable with those numbers?"
1,"They push forward revisionist history. Just yesterday, in the state of Florida, they decided middle school students will be taught that enslaved people benefited from slavery"
1,"Valdez said: First of all, I come from the poorest ZIP code in San Antonio and I had to struggle to get to where I am."
1,"The top 0.1 percent, who'd pay the #UltraMillionaireTax, own about the same wealth as 90 percent of America."
1,Obamacare premiums have gone up 160 percent in West Virginia in 4 yrs.
1,"Let's be clear: throwing out the Affordable Care Act without a plan in place would be horrific for West Virginians and Americans with preexisting conditions, and the nearly 20 million Americans who have gained health insurance since the law passed in 2010."
0,"Here's Biden appointing Kamala Harris to be his border czar to deal with illegal immigration. And here are a record number of illegal immigrants  10 million and counting  flooding over the border after Harris was put in charge of stopping illegal immigration. Border Czar Kamala Harris' reversal of President Trump's immigration policies has created an unprecedented and illegal immigration, humanitarian and national security crisis on our southern border. The Republican National Committee said Biden appointed Harris 'to be his border czar to deal with illegal immigration...Harris was put in charge of stopping illegal immigration.'"
1,"Georgia is 40th in income inequality, 40th in high school graduation, and has the lowest minimum wage in the country."
1,"No. 1, the president's own FBI chief has said the greatest domestic threat to terrorism are white supremacists."
0,"So, Elon Musk just ordered all federal workers to be tested for drugs and those that fail have 30 days to retest clean or be fired. Elon Musk just dropped a bombshell: anyone with a federal paycheck has 30 days to pass a drug test or get fired. Great idea. Like other senior White House advisors, Mr. Musk has no actual or formal authority to make government decisions himself. Mr. Musk can only advise the President and communicate the President's directives."
0,"You know, and as inflation is coming down, take-home pay for workers is going up. Workers' wages are higher now than they were seven months ago, adjusted for inflation. Take-home pay for workers is going up."
0,"It was never about sending Black children to white schools. It was about parents being able to decide where to send their children to school after all. Brown v. Board was about parents who wanted to send their children to the school of their choice. During segregation, Black students were denied access to white public schools, which often had superior resources than the Black schools. Black families had no choice but to send their kids to inferior schools. Today, many of the public schools in low-income areas are unaccredited or low-performing. Just as parents did not have options during legalized segregation, many do not have affordable options now, with low-income and children of color too often relegated to failing public schools."
0,"We have to create confidence in our voting system. It is causing too much tension in our country, and let me tell you it doesn't help when our state Supreme Court brings back drop boxes when those were only used for a pandemic. were only used for a pandemic."
1,Women earn on average 80-cents on the dollar compared to white men doing similar jobs.
1,"99.4% of businesses in Wisconsin are small businesses. This week, we celebrate the 1.2 million Wisconsinites who work for small businesses, nearly half of our workforce."
0,Trump cut Social Security benefits by over $3 BILLION.
0,"In August 2023, illegal immigration outpaced American births. It is ending: the country you grew up in no longer exists. Soon it would be unrecognizable. Americans are being replaced. That is not a conspiracy theory, it is a fact. U.S. cities are hellish and immigration is the reason."
0,"US Department of Defense Finally Comes Clean  Admits in Public Document that There Are 46 US Military-Funded Biolabs in Ukraine,"" - Gateway Pundit headline.
""US asked to explain after Pentagon admits to operating 46 biolabs in Ukraine after months of denial,"" - Morning Star headline.
""to support peaceful and safe biological detection and diagnostic capabilities and to reduce the threats posed by pathogens,"" - Andy Weber.
""has provided technical support to the Ukrainian Ministry of Health since 2005 to improve public health laboratories, whose mission is analogous to the U.S. Centers for Disease Control and Prevention,"" - Andy Weber.
""Worked collaboratively to improve Ukraine's biological safety, security, and disease surveillance for both human and animal health, providing support to 46 peaceful Ukrainian laboratories, health facilities, and disease diagnostic sites over the last two decades."" - Government fact sheet.
""supporting 46 laboratories, health facilities and diagnostic sites"" - Pentagon statement.
""Specifically, we make the labs more secure from accidental or intentional release, provide diagnostic equipment, train personnel on the use of the equipment, and train them how to detect potential outbreaks,"" - Robert Pope.
""There was no 'coming clean'  and the government made no such admission."" - PolitiFact statement."
0,We've got a parole board right now that has released 20 cop killers in the last two years under Hochul. They should all be fired.
0,"And now Mehmet Oz is so extreme, he wants to make abortion a crime in Pennsylvania. There is simply no way"" Oz can claim to be ""100% pro-life"" and support reversing Roe ""without supporting efforts to make abortion a crime across the country. Planned Parenthood Votes said Oz 'wants to make abortion a crime in Pennsylvania.'"
1,"
We've also seen in the time that Trump's been president, an increase in carbon emissions going absolutely in the wrong way."
1,Lifetime earnings of someone with a college degree is over a million dollars more than those entering the workforce without one.
1,"Vice President Kamala Harris said in a campaign video that former President Donald Trumpâ's pick for vice president will be ""loyal only to Trump, not to our country. ""Harris said in the video that the Republican vice presidential nominee, Sen. JD Vance, R-Ohio, will ""rubber stamp"" Trumpâ's ""extreme agenda."" She added, ""Unlike Mike Pence, Vance said he would have carried out Trump's plan to overturn the 2020 election."" "
0,"Chicago maintained the lowest unemployment rate through most of 2021 of any large American city. We have the lowest unemployment rate among the top four largest U.S. cities. None of that happened by chance. The numbers that I look at  tell me that Chicago's got the lowest unemployment rate of any big city in the country. With a historic post-pandemic recovery on the horizon  and folks, we are coming back. Every indicator says that's so both in terms of our numbers of tourism, our hotel occupancy, the fact that events are coming back to this city, our unemployment rate is the lowest of any major city in the country. Lots of great things are happening. "
1,Thom Tillis yet again voted to support Trump's irresponsible emergency declaration even though he knows it will allow the administration to raid $80 million from North Carolina. Tillis' vote is putting military communities in harm's way.
1,"""Trump promised the largest deportations in history,"" DeSantis said Jan. 2 during a town hall hosted by Gray Television. ""He deported less, believe it or not, than Barack Obama even did"". "
1,One-third of Floridians own guns. One-third.
0,"Ukraine adopted laws banning the Russian language. The Russian language was prohibited in education, the media, everyday contacts, etc. If English had been banned in Ireland or French in Belgium, Europe would have responded differently."
0,"We've eliminated critical race theory in our K through 12 schools. I eliminated the theory because it's ideology, and we want education, not indoctrination. Our traditional public schools have not taught, were not teaching, and do not teach critical race theory  it is not a part of the K-12 state standards. No, Critical Race Theory CRT was never included in any K-12 curriculum in Seminole County Public Schools. CRT is a law-school concept, and teachers have been saying all along, it isn't taught in K-12 here and never was. We eliminated critical race theory from Florida's K-12 schools."
1,X marks the spot at every HCA location where Gov. Rick Scott probably defrauded taxpayers.
0,"Ex-USAID chief Samantha Power's net worth skyrockets  from $7M to $30M on a $180K salary. Samantha Power, Biden's ex-USAID chief, saw her wealth explode while earning just $180K per year. Where did the extra $3M come from? And all of this in just 3 years!"
1,"Don Bolduc wants to cut trillions from Medicare and end Social Security. Thatâ's not what New Hampshire needs. $1.2 trillion from Medicare, $2 trillion from Social Security."
1,"Federal income taxes paid in 2017 (jointly with spouse): Joe Biden - $3,742,974, Kamala Harris - $516,469, Bernie Sanders - $343,882, Elizabeth Warren - $268,484, Donald Trump - $750."
0,There are a thousand billionaires now and you know what their average tax rate is? 8%. There are a thousand billionaires now and you know what their average tax rate is? 8%.
1,"Georgia is about the same size as North Carolina, yet they have almost 100,000 more cases, almost twice as many deaths and almost 600 more nursing home deaths than North Carolina."
0,The Sierra Club had one mission and one mission only. It's unfortunate they didn't recognize all the other tremendous achievements our department made. We also know they paid for those reporters. It's something I've heard  hope it's not true. There is absolutely no truth to Commissioner Fried's statement.
0,"The text does not contain any direct quotes from Ron DeSantis. It primarily discusses his campaign's actions and statements regarding Donald Trump and affirmative action, but does not provide any specific quotes attributed to DeSantis himself."
0,"Reports from Whitfield County, GA that Dominion machines are flipping votes. This is exactly the kind of fraud we saw in  This is something we are just starting to look into today because I just found out about it this morning before I came on your show."
0,totally defenseless in your house. She supports mandatory gun confiscation. Would anybody mind if they came into your house and took away your gun?  She's for taking away all of your guns. supports mandatory gun confiscation.
0,"He's hoping NC Republicans will forget that when he was Governor, [McCrory] appointed the 'Republican' judge who sided with Democrats in the partisan Democrat lawsuit/power-grab over redistricting. This unanimous decision handed over two, or possibly more, congressional seats to Democrats. Governor McCrory is making a big production of what he says he would do if elected to the U.S. Senate as it relates to judges, so let's see  how those McCrory appointments are working out for conservatives in North Carolina. McCrory appointed 'the' Republican judge who sided with Democrats in the partisan Democrat lawsuit/power-grab over redistricting."
0,"What we've provided for is, if you went to school, if you qualified for a Pell Grant  you qualify for $20,000 in debt forgiveness. Secondly, if you don't have one of those loans, you just get $10,000 written off. It's passed. I got it passed by a vote or two. And it's in effect. And already a total of, I think it's now 13 million people, have applied for that service. I got it passed by a vote or two. And it's in effect."
0,"Ask Governor Evers why planes full of unvetted 'refugees' are being accepted at the Milw. & Madison airports! The source provides no proof, and we have no proof either. The information posted is not factual. We certainly have not had 'planes full' of refugees coming in to our Airport. To my knowledge there is no accuracy to the statement. I am not aware of a current surge of other types of migrants coming to Wisconsin. Refugees are among the most vetted immigrants to the United States. Refugees go through a rigorous vetting process which usually takes 12-24 months. Where I work, I know 2 people who immigrated legally, one from Canada, one from Jamaica. Both said the process was vigorous and took weeks, and required a physical examination. Contrast that to what is going on at our borders."
1,New York has the third-lowest rate of gun-caused death in America.
0,"Well, for one thing, $1 billion was stolen from FEMA to use it for illegal migrants. And FEMA is now busted. They don't have any money. FEMA has not done the job, meaning the federal government, Kamala and Joe, have not done the job obviously. They have $1 billion, $1 billion with a 'B,' missing that's supposed to be used for hurricanes and things like that and they don't have any money. Kamala spent all her FEMA money, billions of dollars, on housing for illegal migrants, many of whom should not be in our country. We're missing $1 billion that they gave to migrants coming into our country. The GREAT people of North Carolina are being stood up by Harris and Biden, who are giving almost all of the FEMA money to Illegal Migrants. NORTH CAROLINA HAS BEEN VIRTUALLY ABANDONED BY KAMALA!!! $1 billion was stolen from FEMA to use it for illegal migrants.  And FEMA is now busted. They don't have any money."
0,"ranked choice crap voting. So-and-so had five votes for fifth place so we are going to give them the victory. It's crazy, it's crazy. And you know who got it put in? Lisa Murkowski got it put inShe knew she could not win a straight-up election. So she went for crazy ranked choice. You never know who won in ranked choice. You could be in third place. They announced that you won the election. It's a total rigged deal just like a lot of other things in this country. ranked choice voting is a total rigged deal."
0,"It's been revealed that Fauci brought COVID to the Montana one year before COVID broke out in the U.S.! And now we're finding out that the National Institute of Health, Rocky Mountain Lab, down in Hamilton, Montana, had also played a role in this. Our government helped create the Wuhan flu, then shut the country down when it escaped from the lab."
1,Seventy to 80 percent of NRA members support a universal background check.
0,"The weapons that Ukraine used in the early days of this war to fend off the Russian invasion are the weapons that Donald Trump sent, that Barack Obama and Joe Biden had refused to send."
1,Border Patrol agents were caught on film destroying supplies left to help migrants. Watch U.S. border agents vandalize supplies left for migrants.
1,"The last time people (created a Hollywood blacklist), people ended up killing themselves. They were accused, and they lost their right to work."
1,"Do you know that every Jan. 6, every four years, whenever any Republican has been elected president over the course of the last few decades, same date, same time, same place, we have had Democrats on the floor of the House of Representatives, objecting and debating? All sorts of different objections, that's been our process."
1,We have never ever had that happen in America. We're no longer the wealthiest middle class in the world.
0,"Defunding USAID will bring about another mystery illness across the world. So, I'm a little worried particularly with this USAID stuff. My foundation partners with USAID on nutrition and getting vaccines out. There's incredible people. They're not actually worms that work there. Hopefully we'll get some of that work back in shape. In fact, if we don't, you could have literally millions of deaths. The pandemic, sadly, was fairly predictable. And it won't be the last pandemic. The next one could be far more severe. There will certainly be a pandemic in the next 25 years."
1,Overall immigrant apprehensions on the border last year were as low as they've been in nearly 50 years (and 85 percent of the apprehensions occurred outside of California).
0,"We strongly condemn the posts and have asked Twitter to remove the account. In June, a troll w/no relationship to Mayo Clinic tweeted a false, inflammatory message that led Twitter to suspend his account until he deleted the tweet. Images of that tweet are again circulating on various social networks. It's a hoax."
1,"With 25 percent of rural residents without access to high-speed internet, bringing this access to all of Georgia is a fundamental component of our plan to strengthen rural Georgia."
1,"Ted Cruz said, I don't take a dime of PAC money no corporations, no special interests."
0,"60% of Alaska voters voted for a Republican, but thanks to a convoluted process and ballot exhaustion  which disenfranchises voters  a Democrat 'won.' ballot exhaustion scam to rig elections. "
1,"The American economy is continuing its longest monthly streak of job growth in history, with 3.9 million jobs added since President Trump was elected."
1,"In 2014, Andrew Cuomo promised that he was going to expand pre-K to all of New York's children, not just those in New York City. But four years later, 79 percent of 4-year-olds outside New York City lack full-day pre-K."
0,A legislative committee cannot release funding. It takes action by the Senate or the Assembly by a veto override session to get this to the original intent and scope of the legislation. You cannot do it within a committee within the Legislature.
0,"helped create nearly 10 million new jobs. helped"" drive the creation of those jobs.
""is, 'More than 1% but less than 100%.'"
1,"Wisconsin's financial outlook is the strongest in a generation. Over the last eight years, we've shown that even though we've cut taxes by $8 billion, revenues continue to grow."
1,Americans will receive $1.1 B in rebates from health insurance companies this year
0,"Can someone explain why Malia Obama received $2 million in funds from USAID? Enquiring, taxpaying minds want to know. Oh the corruption. Obama wasn't even eligible to be POTUS! Nothing on this page is real."
1,"Currently, 23 percent of our military's infrastructure is graded as 'poor' while 9 percent is failing."
1,"90,000 Californians are unsheltered and homeless."
0,"Recently, the threat of the filibuster has been used far too often and as a result political obstructionism in the United States Senate is now worse than it has ever been. The people of Wisconsin and our state's progressive tradition deserve better. I am in favor of eliminating it entirely, not just in narrower cases."
1,Bennie Thompson objected to the 2004 Presidential election.
1,"U.S. Sen. Tammy Baldwin, D-Wis., says there is a vast difference in the cost of prescriptions in the United States and the rest of the world. ""Big drug companies charge as little as $7 for an inhaler overseas and nearly $500 for the exact same one here in the US,"" Baldwin said Feb. 1in a Facebook post. ""That has got to end. We've got to hold Big Pharma accountable for their price-gouging tactics. I won't stop fighting until we do""."
1,The Rescue Plan is delivering food and nutrition assistance to millions of Americans facing hunger. And hunger is already sharply down in the United States.
0,"The public should not allow this to continue. People are not stupid. Is he in jail or rehab or a psychiatric center in this photo? That's not his bedroom. 22 yrs old and 5'11 and 120 lbs is not normal or healthy. What drugs or psychiatric drugs or both does he use? Until we are willing to rip open the ugly truth about the dark and destructive path these young men are on that lead them to mass shootings, then they will continue. No matter how many gun control laws are passed. Even with no guns at all, evil will find a way until it's fixed. This is supposedly photoshopped."
0,"The latest with the Durham report is that the Clinton campaign, the same group that fear-mongered this Russian collusion, actually spied on the president of the United States. The latest with the Durham report is that the Clinton campaign  actually spied on the president of the United States."
1,"In 2016, then Gov. [Pat] McCrory signed HB 972 into law. It had passed the state Senate 48-2. I was one of the 2 who voted against it."
0,"Kari Lake is threatening Social Security and Medicare, taking the benefits we earned. I think we can slash the federal government by 50%. Most of it is grossly overweighted with employees that are doing nothing. 50% to 75%."
0,Tim Michels pushed for years to raise our gas tax. That's a cop-out  Michels has not proven anything to show that he or his company contradicted any of the trade association positions at the time. Michels pushed for years to increase Wisconsin's gas tax.
0,When Representative Reives sent out a statement last week encouraging us to resign and/or face a primary challenge really showed the low blow of where we are in this institution. never talked to me all session. I've tried. I've reached out. I've offered to help. So I guess he gets his wish. Reives sent out a statement  encouraging us to resign and/or face a primary challenge.
1,"During the pandemic, we could open up tens of thousands of hotel rooms and offer every single person on the subway access to them. The mayor has absolutely to this point refused to do that."
0,"sends the wrong message to the millions of Ohioans without a degree working just as hard to make ends meet. That is going to put money in people's pockets. I think that's the cleanest way to go about doing it. Student debt is out of control. If we can bail out the banks who did everything wrong, we can help out the students who did everything right. but I think doing something along those lines is going to put significant amounts of money into the pockets of working-class people and I'm supportive of that. It's also going to be good for the economy. We've got a lot of working-class people that didn't go to college. We've got a lot of people who have other issues as well. And so that particular issue needs to be balanced in the context of all the other things that we have to do. As someone who's paying off my own family's student loans, I know the costs of higher education are too high. And while there's no doubt that a college education should be about opening opportunities, waiving debt for those already on a trajectory to financial security sends the wrong message to the millions of Ohioans without a degree working just as hard to make ends meet. There's a lot of people out there making 30, 40 grand a year that didn't go to college, and they need help as well, which is why I have been proposing a tax cut"
1,It made us all so proud to have an Indian on a big-time team. It's only a small group of radicals who oppose those names. Indians are proud of Indians. 
0,"We've recovered all the jobs lost during the pandemic, and we've added millions more. People are coming off the sidelines and getting back into the workplace. Remember, a while there they were saying, 'Well, Biden is just allowing people not to work and get paid.' Guess what? A higher percentage of American workers are working today than ever before. A higher percentage of American workers are working today than ever before."
1,We have had an increase of 67 percent in the number of number of children taken into state custody since 2014.
0,"""They're sending millions of ballots all over the country. There's fraud. This is going to be a fraud like you've never seen. Mail-in voting is totally corrupt  get that through your head, it has to be.""  Feb. 17 rally in Michigan"
1,"During a July 18 campaign event in Fayetteville, North Carolina, Harris said, ""Their Project 2025 agenda would even end Head Start to take away preschool from hundreds of thousands of our children."""
0,"My opponent, Cindy Axne, has actively sought to defund the police. Cindy Axne voted for legislation that defunds police and is bankrolled by some of the loudest voices in the movement to defund police."
0,Gas prices are high due to the Democrats' war on fossil fuels. Democrats' radical green energy policies caused record gas prices. They want to fundamentally transform our economy.
0,Ron Johnson will do or say anything to distract from the $2 million he's taken from the gun lobby.
1,Broward elections department has a history of violating the law.
0,Every Senate Democrat has voted to support unlimited abortions up to the moment of birth.
1,"There is no one better to represent the people of N.Y. and Staten Island (a place I know very well) than @RepDanDonovan, who is strong on Borders & Crime, loves our Military & our Vets, voted for Tax Cuts and is helping me to Make America Great Again. Dan has my full endorsement!"
0,"Washington Democrat Governor Inslee signs controversial bill allowing government to take away minors from parents if they refuse to agree to gender transition surgery. Washington passes bill allowing the state to TAKE CHILDREN AWAY FROM PARENTS that do not consent to their child's gender transition surgeries. homelessness among transgender youth can further endanger an already at-risk population. The legislature intends to remove barriers to accessing temporary, licensed shelter accommodations for youth seeking certain protected health care services. Parents are free to decline all offers and come and collect their child from the shelter at any time. The only thing that isn't clear is the time frame in which the state agency must make a good faith effort to contact the parents. young people who were kicked out of their house because of their identity. government to take away minors from parents if they refuse to agree to gender transition surgery."
1,"Under Medicare for All, Sanders said, we end the $100 billion a year that the health care industry makes."
1,About 95% of America's production of ethylene is produced on the Gulf Coast in Texas and Louisiana -a region exposed to major storms like Hurricane Harvey.
1,Booker said must have a federal license and I.D. for gun owners!.  Voter I.D. laws are racist and discriminatory!
0,"So when are they going to release the details of the prisoner swap with Russia? How many people do we get versus them? Are we also paying them cash? I got back many hostages, and gave the opposing Country NOTHING  and never any cash. To do so is bad precedent for the future. We did not pay money for our great Otto. There was no money paid. There was a fake news report that money was paid. I gave the opposing country NOTHING  and never any cash."
0,"In New York City, for example, local elections, illegal immigrants can vote."
1,"Of the 14 wealthy (Organization for Economic Cooperation and Development) countries with a wealth tax in 1996, 10 have since then abandoned it."
1,"A California surfer was arrested for violating the state's stay-at-home order. He was alone, in the ocean, when police violated social distancing protocols to arrest him, and potentially expose him to infection. This isn't about safety, it's about control!"
1,"The crisis at our southern border is significant. And you know the fact is itâ's a complicated issue, as you know. In the last 11 months, Customs and Border Patrol has averaged 200,000 apprehensions a month, and you know how many beds we have to detain people at the border? Thirty-eight thousand."
1,WV is the only state to decline in population over the last 70 years
0,"On Joe Biden's watch, Wisconsin has lost 6,000 manufacturing jobs and 455 dairy farms in the last year. Instead of paying us a visit to brag about his abysmal record, the President should be offering working families an apology for Bidenomics."
0,"Stacey Abrams stole $2 BILLION from taxpayers. Stacey Abrams has not received a penny of this EPA grant. It was never the plan for her to receive any money from this grant. Power Forward Communities has no relationship with Ms. Abrams, other than the fact that she's one of the people who have advised one of our coalition members in the past. Thrilled to be part of and the Power Forward Communities coalition."
1,"""Florida state government (has the) lowest number of state employees per capita in the country,"" DeSantis told a CNN town hall audience Jan. 16 at New England College.
"
0,"Every single Senate Democrat voted against hiring more border agents. They voted against deporting felons. And they voted against ending catch and release. Every single Senate Democrat voted against hiring more border agents. 
Four months ago, we gave $8 billion to ICE for this purpose. Thirty-one Republicans voted against funding this purpose. One of them was the Senator from Tennessee. Every single Senate Democrat voted against hiring more border agents. "
1,"Most climate scientists agree that we only have less than a decade to turn things around or else we'll be stuck with a 'worst case scenario' including rising sea levels, devastating droughts, and worsening famines."
0,"Since the end of the 2020 fiscal year, President Biden and Senator Baldwin have added over $3 trillion of debt, more than the first 228 years of our nation's history combined. Joe Biden and his Democratic allies take the cake for the damage that they have done. The national debt does need to be reined in."
1,"Right now, the Universities of Wisconsin are 43rd out of 50 states in the nation, in terms of public support for our universities. The $855 million gets us up to average.
Thatâ's a reasonable ask. Rothman said I donâ't plan to recommend tuition hikes over the next two years."
1,We've reduced crime to its lowest level in 27 years.
1,"Mike Braun now says he's for pre-existing conditions. There's only one problem. Mike has said time, after time, after time, he's against it."
1,The US has approximately 5% of the world's population and 42% of civilian gun ownership.
0,"Donald Trump added more to the national debt than any other president, ever."
0,"failed border policies. The current Unaccompanied Alien Children process smuggles in illegal immigrants from many different countries with no vetting, no transparency, and no consideration for child and public safety. no vetting, no transparency."
0,"For the last year at least, I contend two years, the observed science, scores of studies, real world observations have told us there is absolutely no observed or clinical data that indicates any benefit whatsoever to masking K-12 students in schools. Studies have never found school related transmission to be a significant factor in community spread. There is absolutely no observed or clinical data that indicates any benefit whatsoever to masking K-12 students in schools."
0,The economy was dead in the water when we got here. Virtually no jobs created.
0,The science is clear  the gray wolf has met and exceeded recovery goals. The gray wolf has met and exceeded recovery goals.
0,"Just to be clear on terms, an insurrection is when people with guns try to overthrow the government. Not a single person in the crowd on January 6 was found to be carrying a firearm. Not one."
0,"Success is not final, failure is not fatal: it is the courage to continue that counts."" - Winston Churchill  
""Success always demands a greater effort."
1,"Where you see disparities in infant mortality between white Americans and black Americans greater today, in 2019, than in the year 1850, 15 years before the abolition of slavery."
0,We've cut the deficit by a record $5 trillion this year. The end of COVID relief spending is no accident and instead the direct result of the administration's vaccination and COVID strategy.
1,"The Boeing 737 Max 8, the type of plane that crashed in Ethiopia, continues to fly in the United States, despite the FAA saying software updates are likely coming."
1,You can vote in Wisconsin with an ID even if that ID is expired or you've moved.
0,"Biden's weakness invited the attack. Biden's negotiation funded the attack. Biden admin wanted Israel to stand down after the attack. At this point, Biden is complicit. The Biden administration wanted Israel to stand down after the attack."
1,"Iowa ranks 45th in the U.S. for internet connectivity. Yesterday, I voted to change that forever by sending the largest rural broadband investment in history to the President's desk. #IA03""."
1,"Boone County's online CARES relief portal has fallen behind. Over three months after receiving CARES Act relief funds from the State, the county has still not made those dollars available to help struggling Mid-Missourians."
0,"Yes, a president can rescind the Presidential Medal of Freedom. While it is rare, there have been instances where a president has revoked this honor, Grok answered. For example, President Joe Biden revoked the Medal of Freedom awarded to former President Donald Trump's campaign manager, Bradley Birkenfeld, in The decision to rescind such an honor typically involves significant controversy or actions by the recipient that are seen as contrary to the values the medal represents. Grok may provide inaccurate or inappropriate information. Since Grok has been trained on publicly available information, it can confidently provide misleading or factually incorrect information. carefully consider and verify Grok's responses."
1,"Joe Manchin said, I wanted Mexico to pay for the wall, but they're not. So we need to do it ourselves. I voted to fund President Trump's wall. Check the vote."
0,"Literally using the force of government and the culture of fear to jab children under 5  with zero basis in science  to make billions of dollars. Shameful, @pfizer."
0,Derrick Van Orden is one of the only members of Congress who participated in the deadly January 6th insurrection. He now serves in the building he tried to burn down.
0,"Fewer than 2% of students are impacted whatsoever by the decisions we're making. Our university will still offer more than 300 majors, as well as study-abroad trips, cultural events, internships and community service programs that open the world to our students. Fewer than 2% of students are impacted whatsoever by the decisions we are making."
0,"Yuma has a lot of retirees. My opponent? He wants to send their Social Security to Wall Street. He wants to privatize it. He wants to cut the knot. He refers to Social Security in some negative way and he wants to give it to Wall Street. Masters clearly previously said that he supports privatizing Social Security. We'd argue that he should be held accountable for those words, and no amount of backtracking can disguise where he actually stands. Masters wants to privatize Social Security."
1,"Toney claimed: ""I'm the only front-line prosecutor in this race that's actually used the resources of the Wisconsin Crime Lab in the prosecution of cases."" "
0,"This stack of paper is the 2,100 pages in Joe Biden's $4 trillion spending bill. the largest expansion of welfare programs in 60 years. Biden's '$4 trillion' Build Back Better bill is 'the largest expansion of welfare programs in 60 years.'"
1,IN 1988 IRAN NEARLY SANK THE USS SAMUEL B. ROBERTS. IN RESPONSE REAGAN DESTROYED HALF OF IRAN's NAVY.
0,"That's where I spoke to a woman who shared her story with me. She had been sex trafficked by the cartels starting at the age of  She told me not just that she was raped every day. But how many times a day she was raped. The cartels put her on a mattress in a shoebox of a room and they sent men through that door over and over again for hours and hours on end. We wouldn't be OK with this happening in a Third World country. This is the United States of America. And it is past time, in my opinion, that we start acting like it. President Biden's border policies are a disgrace. This crisis is despicable. And the truth is it is almost entirely preventable. I very clearly said I spoke to a woman who told me about when she was trafficked when she was  She was a victims' rights advocate who was telling this is what drug cartels are doing, this is how they're profiting off of women and it is disgusting. We wouldn't be OK with this happening in a Third World country."
1,Federal agents in Portland have been kidnapping and holding citizens without charges.
1,"No state generates as much solar power as California, or has as many people whose jobs depend on it. This is an attack on California."
0,"Insulin price increases have more to do with increased consumer demand than the bad behavior of Big Pharma, which I am quick to condemn. 90-95% of people with diabetes have type 2 diabetes, which 'can be prevented or delayed with healthy lifestyle changes, such as losing weight, eating healthy food, and being active.' Arbitrary price controls are no substitute for individual weight control. The demand for insulin has increased and the requisite price increase has followed suit. In other words, the price of insulin increases as waistlines increase. Diabetes cases have almost doubled since  To expect that somehow magically that insulin requirements will vanish if patients lose weight is really talking in cuckoo land."
1,"As a city, we currently use about four percent less electricity today than we used in 1989, saving Burlingtonians millions of dollars annually in avoided retail power costs."
0,Nikki Haley argues in support of bringing Gaza refugees to America. Why would Haley emphasize America's ability to 'separate civilians from terrorists' and say 'That's what we have to do' if she was opposed to doing it? Nikki Haley argues in support of bringing Gaza refugees to America.
0,"Mark Kelly voted against the Keystone pipeline, which caused higher gas prices. Kelly voted against the Keystone pipeline, which caused higher gas prices."
1,West Virginia's economic comeback continues. Personal income tax collections up 14% from 2017. Most people working is good news.
1,Vukmir wrote a letter seeking leniency for a fellow state legislator convicted of sexual assault.
0,"When we talk about illegal immigration, and we have illegal immigrants that have to be seen within 24 hours, while veterans are seen within months. And here's the catch ... not only are they seen within 24 hours  it's mandatory that they're seen within 24 hours  the funding that they're being seen with falls under the Department of Veterans Affairs."
1,"Thousands of folks are opening West Virginia E-ZPass accounts, and you can join them!"
0,"Tens of thousands of auto jobs were lost nationwide during Trump's presidency. We've created more than 250,000 auto jobs all across America. Tens of thousands of auto jobs were lost nationwide during Trump's presidency,"" but during Biden's presidency, ""we've created more than 250,000 auto jobs all across America."
1,Joe Biden was older on his first day as president than Ronald Reagan was on his last day.
1,"Abortion could become effectively banned in states across the country, without ever overturning Roe v. Wade. Worst case scenario, if Roe is overturned, Wisconsin has a law on the books that would immediately make abortion a crime."
0,"gave your hard-earned tax money to illegal immigrants. gave your hard-earned tax money to illegal immigrants,"" citing Slotkin's vote for the 2021 American Rescue Plan Act in 2021, which included stimulus checks."
1,"Under Governor Crist, over 155,000 Floridians had their rights restored. Under Governor Bush, over 76,000. Even under Governor Scott, more than 3,000 of our fellow citizens earned back their right to participate in society. But so far this year, under this clemency board, four have gotten their rights back. That is not a typo. Four. Four people."
1,"The UNC athletic director's $705,000 salary was not at market. Not even close."
1,Seating capacity: 76416. In February alone there were enough illegal immigrants who crossed the border to fill this stadium.
1,"I am for protecting pre-existing conditions. Actually, in the first couple of months I actually co-sponsored legislation to do just that."
1,"Higher education is one of America's strongest export sectors. Over 1 million international students studied at American universities, (in the) 2018-19 school year. They contributed over $40 billion to the economy."
1,You know what Amazon paid in federal income taxes last year? Zero.
1,The Missouri Governor under indictment just quit. This means our Indicted Attorney General Ken Paxton is back to being the only statewide official in the country under indictment. Texans can make their decision to fire Indicted Ken Paxton in November.
1,"James is the only Senate candidate in a battleground state who has refused to take a position"" on whether the Senate should promptly vote on Trump's Supreme Court nominee."
1,"Trade agreements like NAFTA and permanent normal trade relations with China, which forced American workers to compete against people making pennies an hour, have resulted in the loss of 160,000 jobs here in Michigan."
0,"We need to focus on the business details, that's the only thing that matters. I think there's a lot of details here that need to be vetted. I do not plan to support the project or Virginia's pursuit of this NFL franchise. I don't have confidence in the Washington Commanders as a viable NFL franchise. None of that exists anymore. You don't have the fanbase for starters  . You don't have the same identity; you don't have the same community buy-in. I'm looking at it from a taxpayer perspective. If we, in any way, subsidize  even in a small way  a huge economic development and then the anchor tenant is not a stable entity, and either leaves or does something else, that's a problem. What happens if Dan Snyder builds a stadium or the team builds a stadium, and we build all the infrastructure around it, and five years later they're getting 20,000 people, [and] they're like 'we're out of here?' And then we're sitting there with an empty building on I- That's a fair criticism."
0,"costs 40%, 50%, 60% more than it did just a few years ago. the price of bacon was five times higher under Biden."
1,I'm the mayor of a city that right now is experiencing a five-year low in our crime rate.
0,"To me, this should be against the law. You should not be able to lie to the American people knowingly. The First Amendment doesn't allow you to willingly lie."
1,Black and Latino people in NYC are arrested at TEN times the rate of white people for virtually the same rate of marijuana usage.
0,"If there was ever any doubt that Clinton was behind the Russia hoax, that's officially gone. Durham's documents show that Hillary Clinton hired people who hacked into Trump's home and office computers before and during his presidency, and planted evidence that he colluded with Russia. Yeah. You heard that right. Hillary broke into a presidential candidate's computer server and a sitting president's computer server, spying on them. There, her hackers planted evidence, fabricated evidence connecting Trump to Russia, then fed that doctored material to the feds and the media. Durham's documents show that Hillary Clinton hired people who hacked into Trump's home and office computers before and during his presidency, and planted evidence that he colluded with Russia ... fabricated evidence connecting Trump to Russia."
1,Lego donates model MRI kits to hospitals to help children understand the procedure and reduce their anxiety
1,You can have an active warrant for your arrest for murder and legally pass a background check system in the state of Texas.
0,"To protect people who, for eight years now, have been facing humiliation and genocide perpetrated by the Kyiv regime. We will seek to demilitarize and de-Nazify Ukraine. It smells of genocide. Looks like genocide. Antifascism has increasingly become a central idea in Putin's Russia, reinforcing a growing tendency to identify the modern country with the Soviet Union."
0,"During my time in office, we've increased per pupil aid by more than $300 per student. Now, our schools have returned to the top 10 in the country after falling to 17 under the previous administration."
1,I never voted present.  So I don't know that I can justify it. It's the chicken way out is the only way I know we can put it.
0,"The Democrats are once again trying to infringe on the constitutional rights of America's citizens by proposing a 1000% gun tax on most firearms. But we can't defeat the gun-grabbing Democrats without the continued support of America's grassroots patriots, friend. Please consider making a contribution to help Republicans defend our Second Amendment rights and fight back against the Democrats' radical 1,000% gun tax proposal. This would be an egregious violation of the Second Amendment."
1,"I believe something is wrong in America today when you've got millions of families paying 40, 50, 60% of their limited incomes to put a roof over their heads."
1,"We have a very small population in the state, and itâ's getting smaller in terms of high school graduates. The percentage of students that are going to college has been declining for five years."
1," Everyone on this stage except Amy (Klobuchar) and me is either a billionaire or is receiving help from PACs that can do unlimited spending, said Warren, D-Mass, Feb. 7. "
0,Tony Evers was caught giving $4 MILLION of our state's federal COVID relief funds in grants to Planned Parenthood affiliates throughout Wisconsin to bail them out and fund abortions. The 'bail out' language was obviously general but it's worth pointing out that the Walker/Kleefisch Administration stripped Planned Parenthood of its state funding so you have to wonder if the move to give them grants was intentional.
0,"BREAKING: Virginia Republican Party Chairman makes a shockingly racist Facebook post calling President Biden's Black Defense Secretary Lloyd Austin a 'dirty, stinking n-----,' calls for a 'civil war.' He's refusing to step down over his post. RT IF YOU THINK HE MUST BE EXPELLED! The abhorrent words of a Hampton Roads official are beyond unacceptable and have no place in Virginia. It's time to resign."
0,"Musk's election hacking prowess is pretty crude, blowing data out in ways they almost seem to want to get caught. Rockland Co, New York: Harris supposedly received ZERO votes in a district that the Dem Senate candidate won by 79%? This is not uncommon,"" Republican Jewish Coalition spokesperson Sam Markstein said. ""You can go back several years to presidential elections,"" and see similar results.
""Voters often vote as a bloc, to an extreme degree. These communities are often somewhat conservative, but the rabbis' endorsements play an incredibly large role in the communities' voting patterns, and that includes endorsements for Democrats in many races. The Orthodox Jewish population has consistently and overwhelmingly supported Republican candidates in the past elections. The Board of Elections thoroughly reviewed the results and confirmed no irregularities, fraud or hacking. Claiming results of one race should be reflective of another race on the ballot are ill-founded."
1,Sanders voted against the Brady Bill five times for background checks on people.
1,"Every time Cuomo says the firearm industry 'is immune from lawsuits, it's false. Should've learned from Joe Biden's false claim."
1,"America doesn't stand out when it comes to the rate of mental illness, but we are unique among the worldâ's developed nations in that today the leading cause of death among children is no longer a car accident, is no longer illness or malnourishment. The leading cause of death among children is a firearm."
1,"""The facts are clear, due to the arrangements that I've reached with (Mexican) President (Andrs Manuel Lpez) Obrador, the number of migrants coming... to our shared border unlawfully in recent months has dropped dramatically"". Biden said. ""While these steps are important, they're not enough to truly secure the border."""
1,Matt Rosendale supports plans that don't have to cover pre-existing conditions.
1,"Right now, 1 in 4 Texas women of reproductive age are uninsured, totaling 1.5 million Texas women."
1,"Trump pays a lot of lip service to our veterans, to our troops but at the very same time he is deporting service members who have volunteered to serve this country."
1,"There were slaves in 1845 who helped construct and build the Old Capitol, as we call it."
1,"We do have a really serious problem in Austin. We've been ranked repeatedly as one of the most, if not the most, economically segregated cities in the country."
1,"And let me say this, as a Californian, we have given more to the recovery of other states than any other state in the union. Congress should not tie unrelated policy objectives to aid or view disaster aid requests through a partisan lens"
0,"The National Institutes of Health refuses to investigate the mystery; in fact, Congress prohibits the NIH from researching the cause of mass shootings. Under my administration, that rule ends  and our kids' safety becomes a top priority. Congress prohibits the NIH from researching the cause of mass shootings."
1,"Chloe Wright, left wing extremist, chases down, rams car over Trump bumper sticker."
1,All the ponds in Missouri for which we have data are causing groundwater contamination... This is a statewide issue.
1,You have literally 140 people dying every day of opioid-related overdoses. That's like a passenger plane going down every day of every week of every month of every year of every decade.
0,"said he made the greatest trade deals with China, right? Do you know, on the agricultural trade deals that he made, China's only fulfilled one-third of the promises of agricultural products that they were supposed to buy from our farmers? One-third. China's only fulfilled one-third of the promises of agricultural products that they were supposed to buy from our farmers."
0,The bill will increase taxes on millions of Americans across every income bracket. It's clear that a vote for @CortezMasto is a vote for more taxes and less money in your pocket. The Democratic bill would increase taxes on millions of Americans across every income bracket.
1,"I've cut a half a billion dollars out of the EPA just in the last two years. We've cut 3,000 jobs out of the EPA."
1,Wallace said Kennedy failed to mention that significantly more people died of Covid-19 in two months than died of overdoses all of last year or the year before.
1,"""Admission should be based on merit and achievement, not race and identity"".""With nearly 90% of all UW graduates staying in Wisconsin five years after they graduate, we need to do a better job of reducing 'brain drain' and keep our best and brightest here in our state."". August said in his May 3 newsletter."
1,"If you look at the Medicare program, for example, there is $50 billion a year wasted in the Medicare program. Thatâ's a billion dollars a week."
0,"Two years ago this week, 18 million people were out of work needing unemployment benefits. Today, that number is under 6 million, the lowest in decades. Two years ago this week, 18 million people were out of work needing unemployment benefits. Today, that number is under 6 million  the lowest in decades. Two years ago this week, 18 million people were out of work needing unemployment benefits. Today, that number is under 6 million, the lowest in decades."
0,"I've already done that.  We've conserved more land. We've  rejoined the Paris climate accord.  We're moving. It is the existential threat to humanity. Practically speaking, yes. Our children deserve a safe climate future to grow up in. Fossil fuels harm our health, our families, and our lives. I think that makes it iffy whether the Supreme Court really would allow sweeping use of any of these emergency powers in a climate emergency. I have 'already' declared a national climate emergency."
1,"Warren said, starting in the early 2000s, the crisis was coming. I was waving my arms, ringing the bell, doing everything I could. I said families are getting cheated all over this country. I went everywhere I could. I talked about it to anyone who would listen, a crisis is coming."
1,"Under Walker, on a percentage basis, Wisconsin is spending twice as much on debt service for just basic road repair and maintenance than before he took office.
"
1,"You know, 1 in 100 people are sociopaths."
0,We start by clawing back the $500 billion of unspent COVID money. The checks just haven't gone out the door. There is $500 billion in unspent COVID money that could be rescinded.
1,"We have lost over $1 billion in not taking the Medicaid expansion money, only to insure fewer people."
1,You can have up to one pound of Marijuana in Virginia with only a $25 fine.
1,"Donald Trump said he was going to allow Medicare to negotiate drug prices,"" Harris said during the ABC News debate on Sept.10 in Philadelphia. ""He never did. We did."". She previously told CNN that Trumpâ's promise to pursue such negotiations ""never happened"" during his administration"
1,"Defendants charged with producing, directing or promoting an obscene sexual performance by a child will be arraigned & set free."
1,"In July 18 remarks in Fayetteville, North Carolina, Harris said, ""Today, America has record energy production and we are energy independent"". While the U.S. produces more energy than it consumes, it remains closely connected to -and dependent on -global developments."
0,"Dr. Fauci, he flips, he flops. But he can't stop freedom in Florida. Fauci can pound sand."
1,Biden said: I am not banning fracking. Let me say that again. I am not banning fracking. No matter how many times Donald Trump lies about me.
1,"Just this morning, more than a million Californians woke up without clean water to bathe in or drink."
0,"The Trump case has been assigned to U.S. District Judge Tanya S. Chutkan, according to the court docket. Chutkan, an Obama appointee, is the only federal judge in Washington, D.C., who has sentenced Jan. 6 defendants to sentences longer than the government had requested. Chutkan is the only federal judge in Washington, D.C., who has sentenced Jan. 6 defendants to sentences longer than the government had requested."
0,"The Republican plan would cut federal law enforcement officers  30,000  including 11,000 FBI agents, 2,000 border agents, DEA agents, and so on. They may want to protect lots of things, but the bill doesn't require that."
1,"IDES, as you know, was hit with something no one expected: 10 to 20 times the claims, even during the worst recession of my lifetime. That was the 2008-2009 recession. No one expected that we could see a recession worse than that one. The governor is saying IDES is seeing 10-20x the claims they normally do as well as EVEN more than the worst recession."
0,Yet Haley and Biden oppose Trump's border wall. Confirmed warnings of terrorists sneaking in through our southern border. Haley's weakness puts us in grave danger. Trump's strength protects us. Total and complete shutdown of Muslims entering the United States.
0,"Measles cases surge 2,042% in Texas County following free vaccine campaign coincidence or connection? Gaines County, Texas, is experiencing a staggering 2,042% spike in measles cases  right after a public health initiative distributed free measles vaccines. There is no evidence that the measles vaccine can spread to other people. It is not contagious. We expect that the number of cases will continue to increase because the virus is highly contagious and 90% of unvaccinated people will get it. This shedding is not contagious to others, and does not lead to measles outbreaks. The MMR vaccine measles, mumps, and rubella is the best and most reliable way to protect against these serious diseases. It has been widely studied and is considered one of the safest and most effective vaccines ever developed."
1,Abigail Spanberger still votes with and shares Joe Biden's positions 100% of the time.
1,Prison phone companies charge as much as $25 for a 15-minute call.
0,Why are MAGA Republicans spreading lies about hurricane recovery? Perhaps it is to cover up the fact that just two weeks ago 100 GOP lawmakers voted against additional FEMA funding. Two weeks ago 100 GOP lawmakers voted against additional FEMA funding.
1,We were alarmed to find out that many law enforcement agencies didnâ't submit their data to the FBI at all. We must make sure that we have the most updated and accurate hate crime data so we can fully understand the problem and identify real solutions.
0,"What a bunch of malarkey! We know the value of voting Democratic when our votes count. It's important that you save your vote for the November election. We will need your help in electing Democrats up and down the ticket. Voting this Tuesday only enables the Republicans in their quest to elect Donald Trump again. Your vote makes a difference in November, not this Tuesday. Spreading disinformation to suppress voting and deliberately undermine free and fair elections will not stand, and fighting back against any attempt to undermine our democracy will continue to be a top priority for this campaign."
1,With a vaccine a year in the future the General Assembly should use more teleconferences and fewer in person meetings to cut down on potential exposure...after all most of the North Carolina GA's members are in the high risk age group. Besides we need to modernize... just saying.
0,"Then you have the CDC, which, how do you even trust them, but then they come out and talk about 75% of the COVID deaths have at least four comorbidities. And you still have this fake White House set saying that this is the pandemic of the unvaccinated, that's not helping the conversation."
0,"One billionaire couple owns almost all the water in California. No one would ever say, if you have a huge water bank in the San Joaquin Valley, and you have a lot of groundwater rights in the Salinas Valley, that someone would say you control most of the water in California  that's preposterous. There is zero truth that any individual or company, much less ours, owns or controls most of the water in California. It's also not true we have anything to do with water supplied to Los Angeles. Water intended for municipal use is not taken for agricultural purposes or food production. In the context of 10,000-plus homes being lost in the Eaton and Palisades fire, it's completely irrelevant and has nothing to do with what just happened, and what's continuing to happen. This is vastly overstated."
1,"Now, 46 states have gyms/fitness centers open - North Carolina is one of four states that does not."
0,"Deadly drugs and cartels cross our southern border each and every day, leaving not even our kids safe as fake pills laced with fentanyl are beginning to look like candy. By working together and being on high alert this Halloween, we help put an end to the drug traffickers that are driving addiction and poisoning our neighbors and our children. Senator Scott will continue to urge caution for families on Halloween and every other day so that kids stay safe."
0,"I have confidential sources in Georgia who've told me that Brian Kemp was over $7 million in debt when he was elected as Georgia's governor in  In 2019, Kemp cut a deal with the state of Georgia to select Dominion Voting Systems to provide its new statewide voting system beginning in  My sources tell me that Kemp has never been in debt since that deal was done. Brian Kemp was over $7 million in debt when he was elected as Georgia's governor in  In 2019, Kemp cut a deal with the state of Georgia to select Dominion Voting Systems to provide its new statewide voting system beginning in  Kemp has never been in debt since."
0,"Ryan wanted to decriminalize fentanyl. Now he wants it declared a weapon of mass destruction. The only difference is that three years ago he was trying to scam a different group of voters than he is today. Yeah, there is a lot we would have to do, and it ties into a lot of other areas."
1,"During the spring election of 2020, the City of Milwaukee reduced the number of active polling locations from 180 to five. The site closures came days before the election and was done without proper notice to voters. The fact that the city of Milwaukee, our state's largest municipality of nearly 600,000 people was limited to only five polling places made absolutely no sense, even in the middle of a pandemic. Especially considering smaller municipalities like Madison had 66. That math just doesnâ't add up. The time frame did not allow for postcards to be mailed to registered voters to tell them where their new polling locations would be. Some voters were turned away from the listed polling locations and told to go elsewhere. I received several calls from impacted constituents (and my uncle was sent to two different polling places on Election Day)."
0,"BREAKING: Mel Gibson passes on $100 million Netflix deal to work with Robert De Niro, declares: 'Keep that woke clown away from me.' This is SATIRE, It's Not TRUE."
0,"1 in 5,000 young men have heart issues from COVID vax. Yearly commotio cordis cases? RARELY over age 20 1,598 athlete cardiac arrests since Jan 69% fatal. Average athlete cardiacs before vax was 29/yr 'Science' ignores this. That's why people ask questions. What bothers me is that they're spinning it and leaving out the details. When I heard '1,600 athletes' I almost passed out."
1,Says Clint Eastwood said one day we will realize that the Barack Obama presidency was the biggest fraud ever perpetrated on the American people.
0,"It's not like these politicians started companies or were NBA All-Stars, so where did they get all the money?"" - Elon Musk
""An X post claimed that Pelosi has a $223,000 salary and a $202 million net worth; McConnell has a $200,000 salary and a $95 million net worth; Schumer has a $210,000 salary and a $75 million net worth; and Warren has a $285,000 salary and a $67 million net worth. Almost all of these figures are wrong. All the salaries listed in the post are higher than what these lawmakers currently earn. It's possible Pelosi's net worth could be in the $202 million range, but that's a guess, and the claim lacks context about how much of Pelosi's reported wealth is held solely by her husband."
1,"Los Angeles has around 40,000 unhoused people, and homelessness is so severe that literally five people a day die on our streets."
1,President Trump is still supported by almost 85 percent of the Republican Party in the state of Ohio and -- and that's from recent polling -- and still has a 58 percent approval rating in Ohio.
1,"Gillium was winging in a different tune. In the Democratic primary, he said that charter schools would be done."
1,"Let's remember that in 2018 we had I think it was 132,000 background checks. About 1,000 of those failed. For the 1,000 that failed, almost none of them were prosecuted for trying to do a background check and illegally buy a weapon."
1,Virginia has lagged behind other states when it comes to covid-19 testing.
1,"In 2010, we inherited a multi-billion dollar deficit. Over the last 12 years we have focused on investing in core priorities, responsible budgeting, reducing the tax burden on the hard-working families of Wisconsin and passing meaningful legislative reforms. Today we are looking at a projected surplus approaching 7 billion."
1,"Here in Wisconsin, prescription drug costs grew at a pace of nearly twice as much as the average Wisconsinite's income from 2015-2019."
0,"Our troops in Iraq have faced  and Afghanistan  have faced many dangers. One being stationed at bases, breathing in toxic smoke from burn pits. I've been in and out of Iraq and Afghanistan over 40 times. I had been to Iraq and Afghanistan over 30 times."
1,"Thanks to President Trump and Republican leadership, the number of people collecting food stamps has declined by more than two million. Our economy is (in) recovery and more jobs are available! #WVGOP."
0,The Biden Administration cut funding for monoclonal treatment of COVID but is spending $30 million on crack pipes. Biden crime policy: Crack pipes for all. What could go wrong?
0,This is not some modest bill about ballot access. It's a sprawling takeover of our whole political system. The federal Freedom to Vote legislation is a sprawling takeover of our whole political system.
1,"Here's the thing. In Tx, charters get 100% state $/pupil funding while district schools (95% students) get about 1/3 funding from state w/ rest coming from local prop taxes, which is why those taxes are so high. Districts getting less b/c scarce $ going to charters."
0,"SHOCKING: On November 4th, 2020, Georgia showed 100% reporting and TRUMP WON  then 250,000 ballots were manufactured and Biden was given win by Raffensperger days later. 250,000 ballots were manufactured"" and the Georgia secretary of state, Raffensperger, improperly awarded the state to Joe Biden."
1,Wisconsin's state court agency basically has rented the same office space across from the Capitol since 1974.
1,Harris wants to do transgender operations on illegal aliens that are in prison. Kamala supports taxpayer-funded sex changes for prisoners. She wants to do transgender operations on illegal aliens that are in prison.
0,"Apparently, Pennsylvania Governor Joshua Shapiro conspired in the 1st assassination attempt on Trump, per State Police whistleblower!
Shapiro being charged with the attempted assassination of Trump! Screw the superbowl this is HUGE!!!
I did file a private criminal complaint to the Butler County, Pennsylvania district attorney's office implicating Governor Josh Shapiro for the attempted assassination against former President Donald J Trump.
Shapiro is implicated for the attempted assassination against Trump and hundreds of crimes against innocent civilians.
Simply preparing a private criminal complaint does not mean charges have been filed against someone.
I can tell you that there is not an investigation pending regarding Governor Shapiro and the allegations contained in the complaint.
Based on what I know, since this is the second private criminal complaint filed by this person against Governor Shapiro, I would not anticipate an investigation occurring.
On the day of the attack, Shapiro condemned the shooting in an X post and said he was praying for Trump."
1,"There's a direct correlation between North Carolina's mask requirement and COVID-19 stabilization. Our actions to slow the spread of this virus are having an impact. Specifically, we see a direct correlation to the start of the statewide mask requirement at the end of June. Two to three weeks after implementing this requirement, we started to see the beginning of these more stable trends"
1,Very close to 160 million people are now working in the United States. Nobody's ever even come close to that number.
0,"none of your mandates have helped beat 'this surge.' firing 34K HC workers. They only beat people down & 400K have beat a path to the exits. Your record? ? Most active COVID cases in ???? ? Masking 2-yr olds? Firing 34K HC workers? Prioritizing C19 meds by race Hochul's record included 'firing' 34,000 health care workers."
0,"In fact, in every case for which I can find records and Judge Jackson had discretion, she gave child porn offenders sentences below the guidelines and below what the prosecutors were requesting. This isn't a one-off. It's a pattern. In every case of these seven, Judge Jackson handed down a lenient sentence which was below what the federal guidelines recommended and below what prosecutors requested. She appears to have company, including among judges elevated to federal appeals courts during the Trump administration. gave child porn offenders sentences below the guidelines and below what the prosecutors were requesting"" showing she is ""soft on child pornography offenders."
0,"While Bob Casey and Kamala Harris want to BAN fracking, I'll fight to UNLEASH Pennsylvania's natural resources and make America energy dominant. Casey and Harris want to ban fracking."
1,"In 2017, West Virginia's $43,469 median household income was $16,867 below the national average, ranking 50th, according to the U.S. Census Bureau."
0,"Pfizer tries to hide 4K full-time hires handling vax injuries. Pfizer and FDA together hid the true scale of COVID vaccine injuries from the public. Pfizer Tried To Hide the Hiring of 2,400 Employees To Handle Adverse Events. to hide"" the hiring of 2,400 employees to play down the extent of injuries caused by the COVID-19 vaccine."
1,"It's estimated that in 2018 alone, dead people received $1 billion in benefits from Medicare, Medicaid, Social Security payments, and federal pensions."
1,"The group claimed that Walker lied about personally treating 4,500 veterans per year; about graduating from college;  and about working in law enforcement."
0,"voted with Pelosi to raise taxes over $4,000 on Florida families. Company ownership and stock ownership are not divided evenly among households."
0,"Texas teacher fired for reading Diary of Anne Frank to class-THIS Speaks for itself!!! As the Houston Chronicle and many others have reported, the adaptation is faithful to the original text."
0,"This is Jonathan Simpson, the pilot of today's Delta Crash in Toronto, Canada. Who believes this?!"
0,"I believe it is true that our Supreme Court has never taken away a constitutional right. Never"" is a high bar to clear."
0,"The CDC is about to add the COVID vaccine to the childhood immunization schedule, which would make the vax mandatory for kids to attend school. More than a dozen states follow the CDC's immunization schedule to set vaccination requirements  not suggestions, requirements  for children to be educated."
0,"Bucks star Giannis Antetokounmpo signed a three-year contract for $186 million. He and his family, being African American, could receive benefits under affirmative action. Let's face it, disadvantaged African Americans would certainly qualify under this program, as well they should. And that's exactly what we would want to happen."
1,"You know, when Abraham Lincoln made the Gettysburg Address speech, the great speech, do you know he was ridiculed? He was ridiculed."
1,Schools that are consistently implementing COVID-19 mitigation strategies remain among the safest places for our students.
1,Several news articles and websites said that a school principal banned candy canes. A principal wrote a memo to staff banning candy canes and said it was a symbol of Jesus. 
0,"The Cybertruck is designed to be a rugged, versatile vehicle that appeals to a broad audience. However, we have observed that the 'pride' community often uses vehicles as a platform for political and social statements, which can detract from the intended purpose of the Cybertruck. Less than three years ago, Musk promoted Tesla's support of its LGBTQ+ employees by noting it was ranked highly in the Human Rights Campaign Corporate Equality Index, which measures LGBTQ+ workplace policies. Musk has made statements criticizing support for transgender youth, including referring to his transgender daughter as 'dead,' having been 'killed' by the 'woke mind virus.'"
1,Mike Bloomberg owns more wealth than the bottom 125 million Americans.
0,"Our economy created over 5 million new jobs just last year, more jobs in one year than ever before in the history of the United States of America."
1,"The reality is that 70 percent of the income tax that the state collects happens to come from Westchester, Nassau, Suffolk and New York City."
1,"Since 1999, firearm deaths in Ohio have risen 58 percent."
0,"We now have historic low unemployment in America among all groups of people. And, to your point, prices are still too high. And I know that, and we need to deal with it, which is why part of my plan  you mentioned groceries. Part of my plan is what we must do to bring down the price of groceries."
0,has been secretly flying illegal immigrants into communities across the country in the middle of the night.
0,"a bunch of childless cat ladies childless Americans should pay higher tax rates. Why do we have the Harris campaign coming out this very morning, Megyn, and saying that we should not have the child tax credit, which lowers tax rates for parents of young children? It's because they have become antifamily and antikid. How did we get to this place where Kamala Harris is calling for an end to the child tax credit? So, you talk about tax policy, let's tax the things that are bad and not tax the things that are good. If you are making $100,000, $400,000 a year and you've got three kids, you should pay a different, lower tax rate than if you are making the same amount of money and you don't have any kids. It's that simple."
0,"No matter where you live, that you should have access to high-speed internet  that was a Democratic thing. Democrats pushed a broad variety of potential solutions and called for funding early."
1,Researchers have found a fabric that kills coronaviruses.
0,"The left is now rationing life-saving therapeutics based on race, discriminating against and denigrating, just denegrating white people to determine who lives and who dies. If you're white, you don't get the vaccine, or if you're white you don't get therapeutics. In fact, in New York State, if you're white, you have to go to the back of the line to get medical help. Think of it. If you're white you go right to the back of the line. If you're white, you don't get the vaccine."
0,Crime is down in Venezuela by 67% because they're taking their gangs and their criminals and depositing them very nicely into the United States. Wouldn't we love to have a statistic where crime is down 67%? Ours is only going in one direction.
1,"The deadly fire in Jurez should never have happened. Title 42 and other Trump-era holdovers are forcing migrants into dangerous, overcrowded conditions in Mexico. The Biden admin needs to withdraw its asylum ban and work w/Mexico to protect migrants on both sides of the border."
0,"Director Wray admitted before my committee the other day  our committee the other day  that with the border wide open and a war in Israel, Hamas can just walk right in. That's the director of the FBI. He fears for his own agents. It's clear this is intentional. Can the FBI guarantee the American people that known or suspected terrorists, including any from Hamas or other terror groups, are not amongst those got-aways? that with the border wide open and a war in Israel, Hamas can just walk right in."
1,"The poverty rate in West Virginia, which has not declined since the Great Recession, was 19.1 percent, the fourth-highest in the country, according to the U.S. Census Bureau."
0,"They're way beyond Vaccine PassportsThey've moved on to just putting a microchip right in the pill you swallow and then letter sic that send out all sorts of data, live from your stomach! Think that sounds crazy? Here is Pfizer CEO Albert Bourla live on video telling you all about it. I think it's fascinating what's happening in this field right now. FDA approved the first electronic pill, if I can call it like that."
1,Gillibrand has the best voting record against Trump nominees of anyone else running for president.
0,"I'm a Second Amendment guy. I have two shotguns. My sons have shotguns. You know, but our states  you know, everybody thinks somehow the Second Amendment is absolute. You're not allowed to go out and own a  an automatic weapon. You're not allowed to own a machine gun. In the U.S., you're not allowed to own a machine gun."
0,"2018: Trump is building a wall, securing the border, fighting the invasion. While Ron DeSantis is voting against funding for Trump's wall. Stuffing more than $3 trillion in spending and a number of unrelated policy issues into a single, mammoth bill and ramming it through without any time for scrutiny shows that Congress has hit rock bottom. DeSantis voted against the wall."
0,"He voted to legalize abortion up until the moment of birth. The legislation, which Kelly also co-sponsored, mandates abortion on-demand until the moment of birth as federal law. It also removes nearly all existing state-level guardrails around abortion. The doctor has a legal duty to take reasonable steps to preserve the life and health of the patient. The bill Kelly supported would did not have changed how current laws would apply to abortions in the final weeks of pregnancy. Kelly voted to 'legalize abortion up until the moment of birth.'"
1,"Shankland has already highlighted her experience as the only state lawmaker in the field, including in a post on her campaignâ's account on X, formerly Twitter. ""I have been a state legislator for 11 years, passing over 170 bills into law and delivering for Wisconsin families. I get things done""."
0,"I actually pulled this long, fibrous-looking clot out prior to embalming  . At the front end of it, it looks like a normal blood clot, but that white fibrous-looking stuff just isn't normal. my gut is telling me"" it's caused by the vaccine.
""the experimental shot"" could be to blame.
""was vaccinated, but also had apparently contracted COVID anyway. The association between COVID-19 and blood clots was recognized early in the pandemic among hospitalized COVID-19 patients. These patients experienced blood clots both in deep veins and arteries, which sometimes led to strokes and heart attacks. Abnormal clots were found in COVID-19 victims 'long before vaccinations were available.' and it is not uncommon to find dark blood clots in any deceased, not just COVID persons, who have been stored in refrigeration for a long period of time before embalming. It's only anecdotal evidence, and there's no scientific evidence to draw any conclusions. It is not on the death certificate."
1,Zeldin's voted for abortion bans even when the motherâ's health is at risk
1,"Last year alone, natural disasters in America caused $178 billion in damages."
0,The local services are completely overwhelmed. Homelessness has gone up. Murders are up by 81% because of what Kamala Harris has allowed to happen to this small community. Murders are up by 81% in Springfield.
0,I happen to be the first union member on a presidential ticket since Ronald Reagan. the last union member on a national ticket was Ronald Reagan. the last union member on a national ticket was Ronald Reagan.
0,There are less than two weeks until the deadline to register to vote in Wisconsin. Deadline rapidly approaching to register to vote in Wisconsin. a civic engagement organization focused on educating and empowering a new generation of Latinx voters.
1,"We know that inside it is much more likely that you're going to transmit this virus, particularly when you're sitting or standing in one place for a long period of time, and this is across the board. With retail, people are moving around and you don't have as much a chance to spread the virus (as you do) when people are sitting or standing indoors."
1,"Some states are only getting 50 tests per day, and the Utah Jazz got 58? If tests are going to remain scarce, how they're distributed will be a subject not just of controversy, but of fury and reprisal."
0,That's why they are allowing these people to come in  people that don't speak our language  they are signing them up to vote. And I believe that's why you are having millions of people pour into our country and it could very well affect the next election. That's why they are doing it. They are not going to go register to vote and expose themselves.
0,"Tim Ryan just told a big fib. He said he supported Ohio's natural gas industry and he's always done so. When he ran for president, just two years ago, you supported banning fracking both on public lands and generally speaking."
0,"There is absolutely no reason why Wisconsin should be facing a worker shortage to the level we are when there are 123,000 more able-bodied childless adults on BadgerCare since the pandemic. We need to get Wisconsinites off welfare and into work that pays! Evers and President Joe Biden are refusing to remove individuals from Medicaid who should no longer be eligible. The availability of government benefits is a disincentive to work, therefore a contributing factor to the worker shortage problem. The state could simply remove individuals from BadgerCare Plus at any time. Working and being on BadgerCare Plus are mutually exclusive. There are reasons  many of them  behind the worker shortage, ones that go far beyond the number of able-bodied childless adults on BadgerCare. First, many of those 123,000 may already be working. They may not be able to step into many of the open jobs without additional training. The claim greatly oversimplifies the economy and the factors helping create the workers shortage, from baby boomers retiring to lower immigration to the mismatch between worker skills and open jobs."
1,"I restored felons' rights - 173,000 - more than any governor in the history of America."
1,A majority of Americans now live in states where they have decided to legalize cannabis.
0,"U.S. House of Reps. votes 226-194 to criminalize disassembling, cleaning, and re-assembling your gun without a firearm manufacturer's license, including 8 Republicans
"
0,"Last year, the crime and inflation crises largely evaporated. Alex Soros Tweets Out Bullet Hole and 47  A Direct Violent Threat to Donald Trump! Alex Soros, the son of George Soros, sends a message via his Twitter account that is troubling. Being subtle like a brick through a window the billionaire leftist posts a picture of a 'Bullet Hole' and '$' President Donald Trump is going to be the 47th President. There's messaging conveyed through the arrangement of the money. Alex was sharing the positive news that crime and inflation are trending downward  developments that should be celebrated by all Americans. Nothing less, nothing more."
0,"I don't get involved in the hiring and firing of police chiefs. The chief of police is one of the most important jobs in any city government, requiring skills that go well beyond policing itself. I have high expectations for the Richmond Police Department, our law enforcement. At a very minimum, I expect them to be willing to come around the table with the community to reform and reimagine public safety. Chief Gerald Smith rose to the top. I think he's the sort of leadership we need in this time in the city of Richmond."
0,The Dems demand a photo ID to get a cheeseburger but not one to vote. The height of hypocrisy. The Dems demand a photo ID to get a cheeseburger.
1,"Steps taken by communities of color, along with state and local efforts, have helped alleviate COVID-19's disproportionate impact on Black residents. I'm proud to report that in the State of Michigan, we were able to really flatten that disparity and make significant progress."
0,"Agriculture is still somewhere in the neighborhood of a $74 billion, $75 billion enterprise in the state of Georgia. It's still the No. 1 sector of the economy. is still the No. 1 sector of the economy"" in Georgia."
0,We'll have the capacity to continue to do there what we've always done. We've always had a presence of illegal immigrants there that have been detained. We're just building out some capacity. My goal is that people are not in these facilities for weeks and months. We'll have the capacity to continue to do there what we've always done. We've always had a presence of illegal immigrants there that have been detained.
0,"Raphael Warnock and Stacey Abrams are radical communists and, if they get their way, gun owners here in Georgia will be completely disarmed! That's what they want, to turn our beloved Georgia, and America, into the next China  where only the government has guns. They are communists who hate America and want to turn it into the next China. Georgia Gun Owners claimed that Warnock and Abrams are 'radical communists and, if they get their way, gun owners here in Georgia will be completely disarmed.'"
1,Some patients who are on transplant lists for kidney or other organs are being dropped from the list simply because they are shown as a licensed card holder under the database.
0,"President Joe Biden abandoned 1000's of our fellow American citizens to their fate w/ the Taliban & imported 10's of 1000's of random people from a country that we fought in for over 20 years. When officers do enlisted math. 10,000 to 15,000 American citizens abandoned to terrorists in Afghanistan. 6000 - pulled from the country. Equals - 'less than 100'."
1,"It's not Obama's fault and it's not Trump's fault. We have stringent FDA regulations, long in place, that created barriers to the private industry creating a test quickly."
0,"New York's wetlands are important to nearly every living being in our state. They provide critical habitat for species like ducks, deer, and turkeys  and you may already know that they are home to nearly half of the threatened and endangered species in the state. Despite all of these benefits, our wetlands are constantly under threat. New York state has already lost 99% of its historic freshwater wetlands. New York State has already lost 99% of its historic freshwater wetlands."
0,"The Biden administration's disregard for the rule of law knows no bounds. Since the president took office a year ago, we have seen at least 4 million people enter this country illegally. For DHS and TSA to allow known criminals who possess an arrest warrant to fly on U.S. aircraft threatens our homeland security. The Form I-200 is often the only personal identification available to a person released by ICE, either because they entered without any ID or, as commonly, because ICE or Customs and Border Patrol has confiscated their passports and released them without any other identification."
0,"This summer, Americans experienced firsthand the devastation Bidenomics has on their wallets. Gas prices have skyrocketed since Joe Biden took office and continue to do so everyday. @HouseGOP will fight Biden's war on energy to lower costs for hardworking Americans. Gas prices have skyrocketed since Joe Biden took office and continue to do so everyday."
1,"Women's health care is under assault, and Adam Laxalt is leading the charge. He supports eliminating Nevada's protections for legal abortions. He even wants to restrict access to birth control."
0,"added more to the national debt than any presidential term in American history. Check the numbers, folks."
0,"It's been three years since the fall of Kabul. @RosenForNevada might be the only person around who said Biden-Harris did a 'tremendous job' on the withdrawal. That is called a tremendous failure, Jacky."
0,Failed liberal policies are making us less safe. Yet John Fetterman wants to release one-third of prisoners and eliminate life sentences for murderers. Eliminate life sentences for murderers.
0,"Joe Biden: 'Fentanyl is killing more than 70,000 Americans a year.' Why? Because of Joe Biden's wide open southern border he has done nothing to fix!"
0,"I've been in and out of Iraq and Afghanistan over 40 times. Ground zero in New York  I remember standing there the next day. Our democracy is under attack, and we got to fight for it. I taught at the University of Pennsylvania for four years. All politics is personal, it's about understanding the other guy. The same values I brought to raising my family and later them raising me are the same values I bring to my public life. People show up in the emergency room with a sprained ankle, 25% of them get an opioid prescription."
1,"Without coverage for pre-existing conditions, Susie and her family would be bankrupt. Those protections are exactly what Thom Tillis voted to take away."
0,"I understand it. I do. I worked, sir. Two tours in Iraq. Don't tell me I haven't worked. Don't tell me I haven't worked. No, you're dealing with the wrong guy. You watch what happens. You watch what happens."
0,"I've been told by local citizens this has been happening in Huntersville #NC13 at big box retail locations. Feds aren't notifying anyone, just making secret drops at 3am. When I'm elected, we won't fund this illegal operation by @DHSgov. I am reporting on what citizens in Huntersville and Charlotte are seeing and have told me. in Huntersville #NC13 at big box retail locations illegal"
0,one man was killed that resulted in at least 19 deaths overall
1,"The Lieutenant Governor is on the state board of education where the state opening plans are discussed and voted on. And while I'm working with them and public health officials, he's missed almost half of the board of education meetings during the pandemic."
0,You can work at some McDonald's in this country for more money than  signing up for the military. It's really truly a disgrace.
0,"new police bodycam footage"" of George Floyd's arrest ""that changes the narrative completely. new. changes the narrative."
1,"Just last year in our public school system, we had over 14,000 new children, 10,000 of which came from four countries of Cuba, Nicaragua, Venezuela and Haiti."
0,"The idea that there's political violence or violence in America like this is just unheard of. It was just not appropriate. And we  everybody  everybody must condemn it. Everybody. We must not go down this road in America. We've traveled it before throughout our history. Violence has never been the answer, whether it's with members of Congress in both parties being targeted in the shot, or a violent mob attacking the Capitol on January 6th, or a brutal attack on the spouse of former Speaker of the House Nancy Pelosi, or information and intimidation on election officials, or the kidnapping plot against a sitting governor, or an attempted assassination on Donald Trump. There is no place in America for this kind of violence or for any violence ever. Period. No exceptions. We can't allow this violence to be normalized."
0,Putin destroys adrenochrome lab in Ukraine. raided and destroyed an 'Adrenochrome farm' where sinister forces tortured abducted Russian children to harvest fluid from their adrenal glands. 50 young kids from the ghastly laboratory.
0,force states to monitor women's pregnancies. Google Project 2025 and read the plans for yourself. plans to create a national anti-abortion coordinator and force states to report on women's miscarriages and abortions. force states to monitor women's pregnancies.
0,"The text you provided does not contain any direct quotes from Instagram posts. It summarizes events and provides context about Rep. Ilhan Omar's removal from the House Foreign Affairs Committee, but it does not enumerate specific quotes from social media. If you have specific Instagram posts or quotes you would like to analyze, please provide them, and I can assist you further."
1,Do not make this decision based on what the polls say. They've never predicted who will be president from our party. Carter was in the single digits a few months before caucuses. Bill Clinton was. Obama 20 points behind in the national polls roughly. And they all went on to be our president.
0,"Since the mid-'90s, this country has been governed by revolving continuing resolution and omnibus spending bills.  That is the reason we're $33 trillion in debt. Simply talking about CRs and omnibus means you are only talking about discretionary spending, not expansions like Medicare Part D, tax cuts, increased Medicaid, Medicare Advantage, or greater farm subsidies."
1,Every pro-life Governor up for election in November won -by a large margin
1,Kanye looks and he sees black unemployment at the lowest it's been in the history of our country. He sees Hispanic unemployment at the lowest it's been in the history of our country.
1,Tiffany called out Palm saying the power grab by a career bureaucrat with no past ties to Wisconsin will be challenged.
0,"Nobody's enforcing that law,"" Joe alleges in the foreboding commercial.
""CMS is actively enforcing these rules to ensure people know what a hospital charges for items and services,"" Seshamani said in the statement.
""Some stakeholders have been frustrated by the slow pace of the enforcement,"" said Katie Keith.
""I don't think it's fair to say no one is enforcing"" the law, Keith said.
""Warning letters are a good step but need to be followed with meaningful enforcement,"" said Elizabeth Mitchell.
""have choice, save money, and make their own health decisions based upon knowing prices,"" Fisher said.
""This idea that it will unleash a consumer revolution has not yet come to pass,"" Keith said."
0,"While Wanggaard testified that 'this is very narrowly focused on violent crime,' on the contrary, a large quantity of people who are accused of crimes, including anyone who even witnesses certain crimes, could now be detained and subject to bail. On the contrary, a large quantity of people who are accused of crimes, including anyone who even witnesses certain crimes, could now be detained and subject to bail."
1,The administration is shamefully further restricting milk choice for families and keeping the door open for more forced vegan juice consumption.
0,The text does not contain any quotes specifically attributed to Bloggers. It primarily discusses the misinformation regarding U.S. Agriculture Secretary Tom Vilsack and includes statements from various sources but does not include direct quotes from Bloggers.
1,"As compared to last year, Texas has about 15% more power generation capacity."
1,"Take a city like Tokyo, which has more people than New York City. There's no homelessness there."
1,"Foxconn It is the largest taxpayer in Racine County, and employs hundreds of people. It remains a nucleus for our area and economic development."
1,"During West Virginia University President E. Gordon Gee presidency, student enrollments have steadily decreased."
1,Gas prices are down back to where they were before Russia invaded Ukraine. They've dropped $1.50 from their peak this summer.
1,Half the country today has either diabetes or prediabetes.
0,Vance profits off Russia propaganda. Is it any wonder he 'doesn't really care what happens to Ukraine?'
0,"Tester is the only candidate in this race who supported slashing Social Security benefits. We must keep our commitment to every Montana senior to protect their Social Security and Medicare benefits. Our nation made a promise to our seniors, and I will fight each and every day to honor that promise and preserve the benefits they've earned. Tester supported slashing Social Security benefits."
0,"Baldwin voted to send hundreds of millions to Iran, the world's leading sponsor of terrorism, bankrolling radicals like Hezbollah and Hamas. Tammy Baldwin may not like being held accountable, but she can't hide from her record of voting to send millions of dollars to the world's leading sponsor of terror groups like Hamas."
0,"have gone to promote transgenderism in Bangladesh. mobilize"" and get a third-gender option added to Bangladesh's national census"
0,"Do you know right now over 70% of federal employees are still working from home three years after COVID? Right now, over 70% of federal employees are still working from home three years after COVID."
0,"In Wisconsin, we have 50% of the population paying 50%, 60%, 70%, sometimes 80% for their housing. In connecting affordable housing and the pandemic to homelessness."
1,"Right now in Ohio 200,000 people are getting opioid treatment because they have insurance under the Affordable Care Act."
0,"Crooked Joe Biden-directed New York AG Witch Hunt fight Crooked Joe Biden's weaponized persecution at every step Letitia James visited Joe Biden in the White House numerous times during the Trump witch hunt conspiracy"" to help Biden politically
""Biden directed New York AG Witch Hunt"
0,"And Joe Biden told you that his American Rescue Plan  his massive boondoggle stimulus plan  'created jobs. Lots of jobs.' He said he created 5 million jobs. That is another lie. There is no evidence Biden's spending produced one job. Nonpartisan projections for job growth in 2021, not including that American Rescue Plan, showed higher job growth than Biden produced. Did it create as many jobs as predicted? We don't know yet. Predictions often fall short. The only genuine answer to that is to compare what went on in 2021 with what would have gone on if we didn't have the American Rescue Plan. There is no evidence Biden's spending produced one job. Nonpartisan projections for job growth in 2021, not including that American Rescue Plan, showed higher job growth than Biden produced."
0,All these mail ballots  I think that is totally wrong to just send everyone a ballot. But the Republicans and Trump funded $400 million in March of 2020 for mail ballots. They funded it out of Washington  I would never have agreed to fund that. The Republicans and Trump funded $400 million in March of 2020 for mail ballots.
1,There have been zero reported instances of any child born alive after an abortion in Texas.
0,"'Remember when they were desegregating Lynnfield, the neighborhood? There was a Black family moving in and there was people were down there protesting; I told you not to go down there and you went down, remember that? And you came and got arrested standing on the porch with a Black family? And they brought you back, the police?' And I said, 'Yeah, Mom, I remember that.' It seems like yesterday the first time I got arrested. She said, 'Joey, remember at 15 years old and that real estate agent sold a house to the Black couple in Lynnfield.'  This was in suburban sprawl, the neighboring neighborhood. 'I told you not to go down there because of the protests, and you went down and you got arrested because you were standing on the porch with the Black couple?' I said, 'Yeah, Mom. I remember that.' Joey, remember when they desegregated the neighborhood called Lynnfield? You were 13, I told you not to go there, all those people were protesting, and you got arrested standing on the porch with the Black family?' 'Remember I told you not to go down, and the police brought you back because you were standing on the front porch with the Black couple?' The police brought you home."
0,"Indeed, a quarter of the entire acreage in the country that is under hemp production is here in North Carolina. These farmers and small business owners literally plowed the ground in North Carolina to make it fertile for the legalization of marijuana when we got to that point. This bill, while taking a long overdue step, shuts out N.C. businesses and farmers and will make already large, wealthy, out of state companies larger and wealthier at the expense of small hemp farmers and businesses. We should work harder to figure out a way to let our homegrown businesses benefit from this new market and keep our dollars in-state rather than let our dollars flow to out-of-state cannabis corporations. A quarter of the entire acreage in the country that is under hemp production is here in North Carolina."
1,"As Mayor of New York City, Mike led one of the nation's most ambitious affordable housing plans, implementing several initiatives that have been replicated in cities around the country. During his tenure, street homelessness decreased by 28% and more than 170,000 affordable homes were built or preserved."
1,"90% of the (school) districts in Wisconsin already have a policy. What we really need here is a unified approach. We are saying to the school districts that we're standing with you on this, because everyone agrees this is a problem. 90% of the (school) districts in Wisconsin already have a policy"" that bans cellphones during instructional time."
0,"I'll admit, I've never worked in Washington. But to me, there's a lot going on there that makes no sense. Like get this: 64 members of Congress  Republicans and Democrats  have broken a law to stop insider stock trading, yet Washington refuses to do anything about it. Cheri is the only candidate in this race who will stand up to both parties and special interests to put North Carolina first, which is why she supports a ban on stock trading by Members of Congress  because our elected officials should focus on serving the people, not enriching themselves. Voters have a right to know that their elected officials are prioritizing the public interest and not their own personal financial interest. It doesn't matter that someone may look at this as simply a reporting issue. It is a transparency issue, and filing late chips away at the public's trust. 64 members of Congress have broken a law intended to stop insider stock trading, yet Washington refuses to do anything about it."
1,"No other city in America did what we did. We reduced murders by 50%, reduced police shootings to historic lows, reduced the number of people incarcerated by nearly 40%."
0,"You know, most of us don't think that the stock market is an indicator of the economy, but if you do, because I know the former president does, it hit an all-time high under President Biden and not under President Trump. The stock market hit its highest point ever under President Biden, higher than at any point during the previous administration. The stock market hit an all-time high under President Biden and not under President Trump."
1,Donald Trump and Thom Tillis opposed legislation that would lower the price of insulin and other prescription drugs.
0,"In 2022, illegal immigrants will have MORE FREEDOMS and easier access to healthcare and ballot boxes than most Americans... Just think about that."
0,Donald Trump intends to cut Social Security and Medicare. Donald Trump tried to cut Social Security and Medicare.
0,"Gender Queer on NEA Summer Reading List for Kids,"" read a Fox News chyron during a July 5 segment of ""The Faulkner Focus. The country's largest teachers union is sending educators a recommended list of 11 books for students' summer reading, and one of those books is actually titled 'Gender Queer,'"" host Julie Banderas said during the show, describing the book as being ""about masturbation and oral sex.""
Fox News host Tomi Lahren said something similar in a July 6 OutKick article, describing the book as ""soft porn"" and asserting that the NEA ""recommended teachers include the graphic gay sex novel 'Gender Queer' on their student's summer reading lists.""
A July 5 Fox News chyron read, ""'Gender Queer' on NEA Summer Reading List for Kids."" 
Host Julie Banderas similarly characterized the NEA's list as being intended for kids."
1,"In 2016, an officer was assaulted in America on an average of every 10 minutes, can you believe that?"
0,"AOC is a liar, liar. Her $60,000 Tesla must be on fire. She says that all young people want to be socialists; another lie. the youngest elected congressman."
0,"Do whatever the hell they want. I guess I should clear my mind here a little bit. If Biden wins, can he even survive till 2029? The real question is, can we? All of us should reject the dangerous statements made by the previous president that invited Russia to invade our NATO allies if they weren't paying up. He said if an ally did not pay their dues, he'd encourage Russia to, quote, 'do whatever the hell they want.' I guess I should clear my mind here a little bit and not say what I'm really thinking. But let me be clear: This is an outrageous thing for a president to say. I can't fathom. I can't fathom. From Harry Truman on, they're rolling over in their graves hearing this. As long as I'm president, America stands by our sacred commitment to our NATO allies as they have stood by their commitments to us repeatedly. Putin and the whole world should know: If any adversary were to attack us, our NATO allies would back us. And if Putin were to attack a NATO ally, the United States will defend every inch of NATO territory. Now is the time for even greater unity among our NATO allies to stand up to the threat that Putin's Russia poses. Why"
0,"Now, not only is President Joe Biden coming for your paycheck, but he's coming for your stove. You heard me right. The White House is now attempting to ban all gas ovens and burners, that's like half the country. To be clear, CPSC isn't coming for anyone's gas stoves."
1,"Over the past year, Illinois has reduced its unemployment rate more than all of the top 20 most populated states in the nation -and more than our Midwestern peers."
1,Goodwin referred to Causey as a 30 year perennial candidate for the same office.
1,"80 percent of the tax falls on those who make $50,000 a year or less."
1,Clarence Thomas is about to become the only member of the current Supreme Court who was nominated by a president of one party and confirmed by a Senate controlled by the other party.
1,BUSTED: Melania Trump Lied Under Oath in 2013 About Graduating From College With a Bachelor's in Architecture.
0,"Even before the pandemic, he lost manufacturing jobs, by most people's estimates at least 200, All told, almost 200,000 manufacturing jobs were lost during his presidency, starting before the pandemic hit. Even before the pandemic, Trump lost manufacturing jobs, by most people's estimates at least 200,"
0,just voted recently to let illegals vote in U.S. elections. voted recently to let illegals vote in U.S. elections.
1,"Trump said, it's only a federal crime for the inspector general to out a whistleblower."
1,The New York Times publish a 2015 stock photo of a young girl claiming Israeli forces killed her during last week's war with Hamas.
0,The repeal of Roe v. Wade has exacerbated the state's OB-GYN shortage as residency programs report a decline in enrollment due to the inability of residents to receive training in-state. It's nearly impossible to find doctors who are willing to go to states that have such hostile bans. A real worry to not be able to recruit and retain physicians in a state that doesn't provide abortions. More than three-quarters of respondents would not even apply to states with legal consequences for providing abortion care. Roe's overturning  and the subsequent halt of abortions in Wisconsin  exacerbated the state's OB-GYN shortage by driving medical school graduates away from residencies in the state.
1,In fact 7 out of 10 new jobs in America are created by small businesses.
1,"President Donald Trump won Wisconsin by 23,000 votes... in Milwaukee, 93,000 blacks didn't vote."
0,"How bad does it have to be for CBS to expose the fact that Kamala Harris, who's drawing  the biggest crowds you've ever seen, millions, billions  Here's CBS like, ah, actually I think they're busing them in."
0,"Because of what we have done, we have cut the flow of illegal immigration by half. We have cut the flow of fentanyl by half. We have seen  the intake of fentanyl reduced by half. We have cut the flow of fentanyl by half."
0,"Charlie Crist is pro-life and his opponent is pro-choice. Nikki Fried takes him at his word, and the word he uses is pro-life. Charlie Crist is pro-life."
0,"I have never seen such a disingenuous campaign, making up lies, not only about me, taking things completely out of context, but also embellishing her record and what she's done, like talking about fentanyl and how she's done something about the fentanyl crisis. She has done absolutely nothing. In reality, she did nothing."
0,"So the Pennsylvania Supreme Court just ruled, in effect, that the 2020 Presidential Election was Rigged. but they'll let that result stand, however, in future Elections, you are no longer allowed to do what was done in the 2020 Election. Is that fair, or even legal. This decision represents far more votes than would have been needed to win Pennsylvania. What a SCAM!"
0,"Lyin' Kamala supported abolishing ICE. Harris supported abolishing ICE. Harris ran on a platform dedicated to defunding the police and abolishing ICE, and there is no question that she will implement these horrible policies if she has the chance. Harris supported abolishing ICE. Harris supported abolishing ICE. Harris supported abolishing ICE. Harris supported abolishing ICE. Harris supported abolishing ICE. Harris supported abolishing ICE. Harris supported abolishing ICE. Harris supported abolishing ICE. Harris supported abolishing ICE. Harris supported abolishing ICE. Harris supported abolishing ICE. Harris supported abolishing ICE. Harris supported abolishing ICE. Harris supported abolishing ICE. Harris supported abolishing ICE. Harris supported abolishing ICE. Harris supported abolishing ICE. Harris supported abolishing ICE. Harris supported abolishing ICE. Harris supported abolishing ICE. Harris supported abolishing ICE. Harris supported abol"
0,"I worked with Biden on the bipartisan gun bill. He was involved in every step of that process. And what has happened since we passed that bill? A 12% reduction in urban homicides in this country. Urban"" homicides, as he put it, are homicides committed in densely populated cities where crime is typically more concentrated.
""If this law is causing gun homicides to come down, then what happened in these cities? If national legislation is causing the decline, it should be doing it everywhere but it's not. Could what those monies were used for have influenced some of the trends? Maybe, but it's virtually impossible to measure a national aggregate change and some law and how it deals with things at the local level. The Bipartisan Safer in Communities Act led to 12% reduction in urban homicides in "
0,"Well, there was a report that came out today, I don't know if you all have seen it, but someone did a little survey about how many federal employees are actually working in the office. By one estimate, it may be about 1%, if you don't count the security personnel that are covering these buildings. And, so, one of the first things that I think you'll see is a demand from the new administration, and from all of us in Congress, that federal workers return to their desks and get back to the work that they are supposed to be doing. About 1% of federal employees are 'actually working in the office.'"
0,"The idea that Joe Manchin says that he can't explain this back home to his people is a farce. I mean, it's a farce in terms of plain democracy, because I represent more or just as many or more people than Joe Manchin does  perhaps more."
0,"Zelensky has reportedly blocked Truth Social in Ukraine. Truth Social is currently unavailable in your area. Ukraine did not and could not block access because, unfortunately, the social network Truth Social has never made itself available to users in Ukraine. We would appreciate it if the Truth Social would add Ukraine to their authorized region of operations. Trump lives in a 'disinformation space.'"
0,"Because of you, we had the establishment running scared  withstanding 3 to 1 in TV spending and an onslaught of billionaires spending millions to rig this election. 'Rigged' means manipulated by dishonest means. A few billionaires spent $10 million+ on attack ads against me, including an ad rated 'false' by an independent fact checker. That is dishonest means to manipulate an outcome. I said 'rigged by billionaires' and our politics are  in fact  'manipulated by big dark money.' At no time have I ever undermined the vote count and election process in CA, which are beyond reproach. That's a fact, whether we like it or not. If a well-endorsed established politician beats a relative newcomer, that's politics. All you are doing is playing into the narrative that nobody actually loses. One thing that makes our democracy work is people acknowledge they lose elections. Billionaires rigged the California senate primary election through dishonest means."
1,Evidence is mounting that marijuana legalization reduces opioid addiction numbers.
1,"Most research shows that UW salaries are a little behind, and in some areas we're behind more than others."
0,"This trial that I have now, that's a Biden trial. Two days from now, the entire world will witness the commencement of the very first Biden trial. As you witness this Biden trial, I ask all Americans to remember that this is not just about me, this is about our country and this is about you. Alvin Bragg is an independently elected state prosecutor who has nothing to do with Biden, the Justice Department or the federal government. The more relevant prior position held by Colangelo is not his DOJ jobs, but the NY AG position in which he participated in the Trump Foundation investigation. I'd bet that Bragg hired him in part because of his familiarity with the intricacies of Trump's businesses and financial dealings. This trial that I have now that's a Biden trial."
0,"My hands are in my pockets. The reality is the anti-carbon agenda is the wet blanket on our economy. And so the reality is more people are dying of bad climate change policies than they are of actual climate change. Fact: the climate disaster death rate has *declined* by 98% over the last century, even as carbon emissions have risen. The average person is 50X less likely to die of a climate-related cause than in Why? Fossil fuels. An inconvenient truth for the climate cult. You're more likely to be affected by restraints on fossil fuels. People are dying because of lack of access to fossil fuels. More people are dying of bad climate change policies than they are of actual climate change."
0,"On abortion, there's only one extremist in this race: Josh Stein. I don't think abortion should ever happen. I want to make North Carolina the 'most pro-life state in the Union.' I would support measures that outlaw abortion in all cases."
1,"Because of #TaxReform, 4 million American workers have received raises and bonuses, and 90% of Americans are seeing bigger paychecks this month."
1,"Half of everyone that's here illegally, in the US, came here legally on a visa and have overstayed their visa."
1,"I'm a little frustrated that a body dominated by millionaires, I'm not one of them, is going to focus on just a few hundred extra bucks and try to cut that out from under so many millions of American families."
0,"Our far-right legislature has thwarted Gov. Tony Evers' every attempt to enact proven, progressive policies in WI. In 2023, we saw our neighbors Minnesota, Michigan and Illinois blow past us with a host of highly popular, landmark policy wins like cannabis, paid family leave, abortion rights, and more. Paid family leave are highly popular. Both times, GOP lawmakers blocked the policy, even though recent polls find it favorable among voters in both parties.
"
0,"he wants a national database to track you and discriminate against you. sorid sic socialist record greenlight the development of a federal vaccination registry, aka database."
0,"West Virginia coal, oil, and gas will lead the way to America being energy dominant again; we just need to get the government out of the way. #WVEnergy #wvpol Gas prices up 63% in just 31 months under Biden administration. Gasoline prices are 'up 63%' under Biden."
0,"We have a national debt the size of our nation's economy for the first time since World War II. Joe Biden's policy is insolvency. I don't think the Trump-Pence administration did enough to rein in big government spending. Now, in the midst of COVID, we spent what we needed to spend to get American families and American businesses through that worst pandemic in 100 years. But I do believe whoever is the next president, it'll be important that we bring about the kinds of reforms and we make the kinds of choices necessary to lift the burden of more than $30 trillion in debt on our children and grandchildren."
1,"In Florida, an opioid recovery network has reduced overdose deaths. ""We're one of the only large states, in the country, where we can say we actually had a year-over-year reduction""."
1,"Joe Manchin has a D rating from the NRA, and fought alongside Obama and Schumer for anti-gun legislation."
1,The CDC tried to develop clear guidelines about what the stages of COVID-19 reopening should look like -the administration delayed and scaled them back.
1,Missouri ranks 45th in the nation in per capita state fiscal support for higher education and @MissouriState is last among Missouri schools. This must change.
0,"Harris wants to forcibly compel doctors and nurses against their will to give chemical castration drugs to young children. Chemical castration drugs"" given ""to young children."
0,"What does a work requirement do? Every study has shown, when you do that, it puts more people to work. And when they work, what happens? More people are paying into Social Security and Medicare. You will see at the end of the day, this makes our economy stronger, less dependent on China. Every study has shown"" that when work requirements are tied to federal safety-net programs, ""it puts more people to work."
1,Josh Hawley decided to use your taxpayer dollars to file a lawsuit that would take away important prescription drug coverage for seniors through Medicare and end all of the consumer protections under the ACA.
1,Kari Lake is opposed to red flag laws that would stop mass shootings.
1,Republicans on the Joint Finance Committee removed more than $8 billion in spending increases from Gov. Evers' budget proposal.
1,About 80 percent of that tax credit goes to claimants who are making a million dollars or more.
1,"In 2015, after the shooting of Walter Scott, I wrote a bill to fund body cameras. Last year, after the deaths of Breonna Taylor and George Floyd, I built an even bigger police reform proposal. But my Democratic colleagues blocked it. I extended an olive branch. I offered them amendments. But Democrats used the filibuster to block the debate from even happening."
0,"So the NC appeals court said and I paraphrase, yeah, it is despicable, the maps are skewed, citizens will be deprived of their vote, we agree with the experts, democracy hangs in the balance, yada yada, but you know, we are partisan hacks so we gonna live with it. I believe, and I do not think there can be any argument, that free and fair elections are fundamental to the continued existence of our democracy. Given the findings that were made by the appellate court, I cannot fathom their decision. Regrettably, the NC Republican majority passed legislation restoring partisan labels on members of the judiciary and to me, this decision reflects their re-election fears rather than a fair, just and impartial review. The NC appeals court confirmed the state's election maps are skewed but didn't block them because they are partisan hacks."
1,"Morrisey beat President Barack Obama at the Supreme Court, saving coal jobs."
0,"I think economists really disagree about the effects of tariffs. But what other people say, and I think the record supports this other view, is that it causes this dynamic effect where more jobs come into the country. Anything that you lose on the tariff from the perspective of the consumer, you gain in higher wages, so you're ultimately much better off. Anything that you lose on the tariff from the perspective of the consumer, you gain in higher wages, so you're ultimately much better off."
1,"Ann Coulter said: I am a settler. I am descended from settlers, not from immigrants. I'm not living in Cherokee nation; I did not immigrate to Cherokee nation. We're living in America, which was created by settlers, not immigrants."
0,"This is horrible news for American consumers and a major setback for clean energy. Tariffs are a direct, regressive tax on Americans and this tax increase will hit every family."
0,"Many of these teachers are soldiers, ex-soldiers, ex-policeman. They're people that really understand weapons. "
0,Ron Johnson just came out in favor of a federal abortion ban. We knew this was coming  he is doing everything he can to drag us back in time and strip women of their rights and freedoms. He is doing everything he can to drag us back in time and strip women of their rights and freedoms.
1,"The current school psychologist to student ratio in this country is roughly 1,400 to 1, while experts say it should be at most 700 to 1."
0,"She permitted the 'Zuckerbucks' influence money. But local clerks accepted that funding, from the Center for Tech and Civic Life. The commission and Wolfe played no role in soliciting, collecting or distributing the money. That makes this claim not only false, but ridiculous."
0,"NATO under direction from the United States is violating previous agreements and expanding eastward. Such an agreement was never made. I know of no agreement signed by the United States, Germany, Britain, France or any NATO member that foreswore NATO enlargement. This claim from Owens is factually incorrect. NATO never made a commitment to Russia not to enlarge. Candace Owens' statement is more fiction than not. No. 1, NATO as an organization did not make this commitment. No. 2, it wasn't an agreement. NATO is not violating, and it never offered an agreement."
1,"Let me explain that again: all the billionaires in America, during the pandemic, their net worth combined, according to studies, have increased by $800 billion."
1,Maddow mischaracterized Sanders thinking on guns.
0,"Think about parents who show up at school board meetings. By this DOJ, they're called domestic terrorists."
1,"When you compare us here in this country to the European Union, weâ're something like 23 times more likely for these incidents to occur here."
0,Brian Kemp wants to investigate and punish women for having miscarriages. Governor Brian Kemp signed the most extreme abortion law in the nation. criminal investigations into miscarriages. wants to investigate and punish women for having miscarriages.
0,"She wasn't given a name, only a number   For 29 days, she suffered in Mehmet Oz's lab, leaking blood, not eating, struggling to breathe. Twenty-nine days of unimaginable pain and suffering, until Oz took her for the last experiment. Just one of 300 dogs killed in Oz's lab. Mehmet Oz is unfit to be Pennsylvania's senator. A dog endured 'unimaginable pain and suffering' during heart research experiments, 'just one of 300 killed in Dr. Mehmet Oz's lab.' "
0,"I hate to say this, but there are more people who were shot every weekend in Chicago than there are in schools in Texas. We need to realize that people who think that 'well,"
0,"We are more energy independent today. Look that up. It's a fact. I would encourage the people watching: Look this up: 94 quads. We are more energy independent today under Biden. Pence doesn't know that. Your audience doesn't know that. More domestic oil production than any time in history, we're on pace for this year. That's a fact. You guys keep making that up. We are energy independent. Net energy exporters. This will be so much fun when this gets PolitiFacted tomorrow! 94 quads. It's the highest margin of net energy export in American history, under the Biden administration. By the way, I can't wait for PolitiFact tomorrow. It's going to be some fun."
1,We have a record 9.3 million job openings in the U.S.
0,"It's almost as if Twitter employees lifted a broad anti-conservative, anti-Trump shadow ban, which we all knew was taking place anyway, in an effort to cover their tracks before the new boss takes over. Now, Twitter claims that there's nothing nefarious at play here, but they've said that all before. Twitter lifted a broad anti-conservative, anti-Trump shadow ban."
1,"Right now, two-thirds of the U.S. Senate is composed of millionaires. We need someone who is in touch with the people."
0,"That's not including children who are born here to parents who are not legal immigrants because right now our government, wrongly, is saying if you're born in this country you're automatically an American citizen. our government, wrongly, is saying if you're born in this country you're automatically an American citizen."
1,"I had the Texas Workforce Commission dig into the numbers and provide me with the numbers, and here they are. We now have more job openings than we do people who are on unemployment. We have 60% more job openings today than we did the month before the pandemic hit the state of Texas"
0,requires our taxpayer-funded federal agencies to violate the Hatch Act and engage in illegal vote harvesting. the Biden administration is engaging in illegal vote harvesting. Executive Order 14019 requires our taxpayer-funded federal agencies to violate the Hatch Act and engage in illegal vote harvesting.
1,"Using the National Guard to do border security is very expensive. For what it would cost the Guard to make just TWO arrests at the border, we could give a homeless veteran permanent housing for an entire year."
0,"I want to address the fake job numbers the Harris-Biden administration has been reporting for the last year.  They claimed falsely that they created 818,000 jobs. MASSIVE SCANDAL! The Harris-Biden Administration has been caught fraudulently manipulating Job Statistics to hide the true extent of the Economic Ruin they have inflicted upon America. New Data from the Bureau of Labor Statistics shows that the Administration PADDED THE NUMBERS with an extra 818,000 Jobs that DO NOT EXIST, AND NEVER DID. The Harris-Biden Administration has been caught fraudulently manipulating Job Statistics."
0,"We've got to hold people to responsibility. believes in no-cash bail in having open prisons, letting people out of prison that are going to make us prisoners in our own home. And I said I cannot let that happen. believes in no-cash bail letting people out of prison that are going to make us prisoners in our own home."
1,"We've spent more money on the military than the next 12 nations combined. That, you will never hear in the media."
0,"Lyin' Kamala is giving a News Conference now, saying that I want to end the Affordable Care Act. I never mentioned doing that, never even thought about such a thing. She also said I want to end Social Security. Likewise, never mentioned it, or thought of it. The cost of Obamacare is out of control, plus, it's not good Healthcare. I'm seriously looking at alternatives. We had a couple of Republican Senators who campaigned for 6 years against it, and then raised their hands not to terminate it. It was a low point for the Republican Party, but we should never give up! I don't want to terminate Obamacare, I want to REPLACE IT with MUCH BETTER HEALTHCARE. Obamacare Sucks!!! I never mentioned wanting to end the Affordable Care Act and have never even thought about such a thing."
1,"""At least 85% of regular commuters to Manhattan use public transit, so those impacted by the congestion toll constitute a small minority"". Weisbrod and Wylde wrote. ""For the most part, these are people who can afford garage parking at prices that dwarf the proposed daily charge of $15. Traffic in the region has only gotten worse. The average commute time for people who drive to work in the city is 43 minutes, the longest in the nation."""
0,Kim Reynolds doesn't think nurses are educated. She's wrong.
1,We're doing tariffs on steel. We cannot lose our steel industry. It's a fraction of what it once was. And we can't lose our aluminum industry. Also a fraction of what it once was.
1,He voted a dozen times to kick thousands of Michigan families off their health insurance and eliminate protections for preexisting conditions.
1,"Before the pandemic, just over 40,000 were on continuing UI claims. Now, there are well over 100,000 on state or federal UI benefits."
0,"create the Adam Schiff-led January 6th Commission. a central voice"" on the Select Committee to Investigate the January 6th Attack on the United States Capitol."
1,"Last year, we prosecuted a record number of firearms offenses."
0,"Things that make you go thinking emoji. If you can show a picture to buy Sudafed, if you can show a picture to get on an airplane, you should be able to show a picture to make sure that we do what is incredibly inherent in our freedoms and that is the ability to vote. Let's figure out ways to make it easy, and cost-free, for every eligible voter to obtain a photo ID."
1,"The so-called red-flag bill; it's been endorsed by a commission put together by President Trump at the federal level, it's been enacted into law in a number of states, and shown to reduce the number of suicides by firearms."
1,"The reality of it is that Muslims in America have been subjected to more insults, attacks and hate crimes in the last two or three years than ever before, specifically more than after 9/11."
1,An ICE detainer request is not a valid warrant.
1,FUN FACT: West Virginia is home to zero billionaires.
0,"Ron Johnson pushed through a special tax loophole that benefited his own family's business  Then he cashed out of the company for $5 million  he has doubled his wealth since taking office. Now, did my business benefit? Sure. Did some of my donor businesses? Sure. When you give tax relief to everybody, everybody benefits. When I got elected, I took all my marketable securities and I turned them into cash. I've just been sitting on cash. The reason my wealth doubled is I finally sold my business. I cashed out on that.  I sat on cash, I'm still sitting on cash. I knew during the COVID recession, this is a really good time to invest in the stock market. I didn't. I should have increased my wealth 8 times. The change benefitted his business  but also applied to tens of millions of other businesses."
1,Richard Blumenthal lied about his service in Vietnam.
1,"This man just wanted to pet some dogs for his 100th birthday, so his family organized a neighborhood dog parade! Over 200 dogs showed up and lined up around the block to wish Robert a happy birthday."
1,Wisconsin is second to last in the Midwest in our vaccination rate and the governor says he's satisfied.
1,"When Connecticut did licensing, their shootings dropped, their murders dropped 40%. Suicides dropped 15%. These are things that have been tried and done and that work."
0,"My Treasury Department is planning to pay down the national debt this quarter, which never happened under my predecessor. Not once. Not once."
1,The people who got unlimited anonymous money from corporations into elections is a group called Citizens United. Hawley is endorsed by Citizens United. He is all down for the dark money.
0,Joe Biden's war on American energy caused this crisis and his only response has been to drain our strategic petroleum reserve to its lowest level since  Biden caused this crisis and his only response has been to drain our strategic petroleum reserve to its lowest level since 
1,An overwhelming majority of Wisconsinites support restoring #Roe and legalizing marijuana.
1,Sullivan County once again has the highest opioid death rate in all of New York State. It's the only county in the Hudson Valley not included in the federal High-Intensity Drug Trafficking Area.
0,A vote for Kennedy is a wasted protest vote. far more LIBERAL than anyone running as a Democrat. RFK Jr. is a Radical Left Democrat.
0,"President Biden canceled the Keystone XL Pipeline on his first day in office. This project would have produced 830,000 barrels of oil per day, more than enough to offset what we import from Russia. The Keystone XL pipeline would have produced 830,000 barrels of oil per day, more than enough to offset what we import from Russia. President Biden's energy agenda has strengthened Putin at the expense of hard-working Kansans."
1,The President hasn't built any new wall in the whole term of office.
0,"You're allowed to rob a store as long as it's not more than $Has everyone ever heard of that? You can rob a store, and you have these thieves going into stores with calculators, calculating how much it is, because if it's less than $950 they can rob it and not get charged. That was her that did that. She played really no role in Proposition 47 at all.
"
1,Democrats mistakenly tweet 2014 pictures from Obama's term showing children from the Border in steel cages.
1,"At West Virginia University, we have had great success in changing our overall student culture to emphasize working smart and playing smart. The result has been a rise in student academic qualifications. Last fall, for example, on our Morgantown campus we welcomed our biggest class of Honors College freshmen ever, as well as our largest overall freshman class, with the highest-ever GPA."
0,"Florida taxpayers are spending millions of dollars to cover the health care costs of people in the U.S. illegally. Florida taxpayers $566 million for 54,000 hospital visits. Biden's open border policies make every state a border state, burdening taxpayers with the costs of non-citizen healthcare. Rep. Steube is vehemently opposed to illegal immigration and any strain it wrongly places on taxpaying American citizens."
0,"decimates another adrenochrome warehouse in Ukraine. spared no expense investigating reports of scores of adrenochrome farms popping up across an embattled Ukraine. obliterate the building without first putting boots on the ground to confirm that the warehouse would be used to siphon blood and adrenal fluid from kidnapped Russian children. humor, parody and satire."
0,"A tragedy that could have been avoided. But Zach Nunn took money from Adventureland's CEO, then sponsored legislation to loosen amusement park safety rules. A child died. Zach Nunn put his big donor first, ahead of the safety of Iowa families."
1,"Buttigieg said, was that ""before the pandemic, America went into a manufacturing recession, which really hurt places like where I come from in the industrial Midwest. He broke his promise for that kind of economic growth""."
1,Food Stamp participation hits 10 year low.
0,"SoS Brad Raffensperger to Investigate Himself Over Voter Fraud10 to 1 He Will Find Himself Innocent. Since the 2020 election, Raffensperger has spent all of his time covering up the voter fraud that occurred. He is basically investigating himself. One year ago, rioters stormed the Capitol driven by baseless stolen election claims and conspiracy theories. Georgia authorities have launched an investigation into an allegation of systematic ballot harvesting during the state's 2020 general election and subsequent U.S. Senate runoff and may soon issue subpoenas to secure the evidence. Those are still lawful ballots, but they've just been handled fraudulently with, obviously, the ballot harvesting. What he didn't say? That he's going to investigate himself over voter fraud."
0,"For nearly 50 years, politician Sherrod Brown helped create the crisis at our southern border. voting with radicals like Kamala Harris to give illegals taxpayer-funded stimulus checks, health care, even Social Security, rewarding illegals. Sherrod Brown caused the crisis. give illegals taxpayer funded stimulus checks, health care, even Social Security."
0,"Now, you might not think that rural health care access is an immigration issue. I guarantee it is an immigration issue, because we're bankrupting a lot of hospitals by forcing these hospitals to provide care for people who don't have the legal right to be in our country. If a patient comes into the ED and doesn't have insurance or can't pay, it doesn't really increase the cost to the hospital very much at all because the physician is already there. They'll deny the claim or say the patient really didn't need that service through prior authorization, and so the hospitals don't get paid for the service from someone who has insurance. This is not an overnight phenomenon. Providing care for immigrants in the country illegally was bankrupting rural hospitals and forcing them to close."
0,"Mike Pence seized power over an existing president. He was not president. Donald Trump was still president at that moment. Liz Cheney just outed him and I think in doing so reveals that she was complicit. Pence had no authority to order the DOD, Department of Homeland Security or Department of Justice around. Zero, zip, nada. Ladies and gentlemen, that's a coup. He had no authority to do so. Pence 'seized power' from Trump and undertook 'a coup' when he called on federal agencies for assistance on Jan."
0,"It's not messaging, Dana. It has to be put into an overall context where, in the last 50 years, if you could believe it, inflation-accounted-for weekly wages are lower today than they were 50 years ago, a massive transfer of wealth from the bottom 90% to the top 1%. Workers definitely have not gotten their share in the last half century, but it is ridiculous to say that they have made no gains. Inflation-adjusted weekly wages are lower today than they were 50 years ago."
0,"2020 was a really bad period because they used so many of the mail-in ballots. Mail-in ballots by their very nature, even Jimmy Carter said, don't ever use them, that will be corrupt, they can be so easily corrupted. Carter said that Carter said 'don't ever use' mail-in ballots because 'they can be so easily corrupted.'"
1,Masters wants to pass a national ban on abortion.
0,"It's a question of fairness. Should a waitress be forced to help pay for a doctor's student loans? Cheri Beasley thinks so. She backs student loan bailouts for the rich  even couples earning a quarter million dollars a year. Who pays? The rest of us. Beasley backs tax hikes  even on families making under $75, Cheri Beasley bails out the wealthy and taxes the rest of us."
0,"As your lieutenant governor, I beat the liberal mob, I cut your taxes, and I protected your freedoms. Rebecca Kleefisch immediately joined me and other key members of our transition team for the daily budget briefings."
1,"Safer at Home has flattened the curve here in Wisconsin and have prevented the death of at least 300 Wisconsinites, and perhaps as many as 1,400 lives."
0,"Whilst you've been distracted by Russia-Ukraine,"" the March 6 blog post says, worldwide data has confirmed the vaccinated are developing COVID vaccine-induced Acquired Immune Deficiency Syndrome. We therefore propose that the COVID-19 injections are causing either acquired immunodeficiency syndrome or a new novel condition with similar attributes that can only be described as COVID-19 Vaccine Acquired Immune Deficiency Syndrome VAIDS. AIDS has only one cause, HIV, Michael Imperiale, a professor in the microbiology and immunology department at the University of Michigan, told us.
This is because HIV replication destroys the immune system. This is why HIV-infected people are given antiviral drugs, to prevent them from getting AIDS. no way"" any COVID-19 vaccine can cause an HIV infection or AIDS, said Dr. David Wohl, an infectious disease expert specializing in HIV research at the University of North Carolina, Chapel Hill."
1,Today i learned that new zealand let health experts make the decisions about how to deal with the pandemic rather than politicians and as of today they have 0 covid cases. 
0,"Gas is more expensive because you and Senator Warnock cancelled the Keystone XL Pipeline and stopped domestic drilling, sending American jobs and energy overseas. Stopping drilling on private lands was never on the table. The federal government has no ability either to restrict or to mandate oil and gas drilling on private land. Even as the administration attempted to pause issuing new leases, it continued to issue permits to drill on already-granted leases. Under Biden, overall domestic oil production in 2021 came close to a record high. Streamlining the permitting process and helping alleviate supply chain bottlenecks could help, but this would only make a small difference."
0,Why is it only Democrat blue cities that take 'days' to count their votes? The rest of the country manages to get it done on election night.
1,"You should know that black babies die at rates twice as high as white babies because of a lack of access to affordable health care and here, in the wealthiest country in the world, we cannot accept that and we will change that."
0,wants to be the president for savage criminals are at war with police. She wants to defund the police. Now she's pulled back on it. There is no question that she will implement these horrible policies if she has the chance.
1,Coal production up 7.8% in past year. Down 31.5% last 10 years. #endingwaroncoal.
0,This is your reminder that @GregAbbott_TX cut $211 million in mental health funding.
1,"All of that money that is out there, and it is very significant, is half of what the Republicans put onto the national debt."
1,"Since we created the new program the number of Venezuelans trying to enter America without going through a legal process has dropped dramatically. From about 1,100 per day to less than 250 per day on average"
0,I really don't know who gave him the commendation. Somebody probably handed him a commendation. I really don't know who gave Dr. Anthony Fauci the commendation.
1,"We have lost more lives in the last two years 60,000 two years ago and we're already passing this year, than all of the lives lost during the Vietnam War."
0,"Extremism needs to be confronted. What happened to Paul Pelosi was an absolute tragedy. I don't care what your politics are. It's not about that. J.D. Vance said nothing about this. You should ask him, because Rob Portman and Mike DeWine did, and J.D. Vance was silent."
0,"Germany: 96% of Latest Omicron Patients were FULLY Vaccinated  Only 4% Unvaccinated. A Gateway Pundit article said that in Germany, 96% of new omicron cases were from fully vaccinated people."
1,"In 99 percent of counties in America, someone making the minimum wage working full time can't afford a 1-bedroom apartment."
1,"I'm so glad we have a Governor who cares and wants to help WI cities get to 0% lead piping. Sadly, in 2019, Republicans stripped $40 million from the budget for lead pipe replacement - because they thought it helped MKE too much."
1,Parsa said 34 of the 47 men depicted in the famous Declaration of Independence painting were slaveholders.
0,"the election reeked of fraudulent activity. $50 million of Zuckerberg money that Brad Raffensperger used to tip the scales. Yes, I believe Trump won. If we were to get an accurate count of the votes in Georgia, I believe absolutely Trump won Georgia. Georgia's secretary of state used $50 million of Zuckerberg money in 2020 to tip the scales."
1,"Typically you have three to four debates in a U.S. Senate race. Baldwin's given me one debate, almost a month after early voting has started."
1,Not just bipartisan it's the most bipartisan impeachment in American history.
1,Florida is one of only 10 states that totally prohibit a registry.
0,"Tennessee just banned Plan B and made it a crime punishable by a $50,000 fine to order it. Hey all. I tweeted something about a change in Tennessee law criminalizing a component of women's health care that I understood to be similar to the proposed bans in Louisiana and Missouri. I have taken it down."
1,Hunters contribute more than $500 million to our state each year and help support a lot of jobs.
1,Rep. Paul Gosar asks Capitol Police to arrest illegal immigrants attending State of the Union.
0,"Marco Rubio and Rick Scott are planning to hike taxes on millions of Americans, including seniors and working class Floridians. Marco Rubio is following his party bosses, like Rick Scott, with his plan to raise taxes on Florida's working families, retirees and veterans. Say no to the Rubio-Scott tax hike. is following his party bosses, like Rick Scott, with his plan to raise taxes on Florida's working families, retirees and veterans."
0,"In 2021, Minnesotans were roughly five times more likely to move to Florida than vice versa. They were fleeing a state that, under Gov. Tim Walz, turned its back on law and order, increased taxes, and imposed unscientific coronavirus restrictions, harming children and destroying businesses. up to five people moved to Florida from Minnesota for every person moving out of Florida to Minnesota. Minnesotans were 'five times more likely' to move to Florida than vice versa in "
0,"President Biden wants Iowans and Americans to believe that skyrocketing prices at the pump are all Vladimir Putin's fault  but gas prices have been going up since the president's first day in office, starting with his move to shut down the Keystone XL pipeline. As the senator was pointing out in the newsletter, the increase in gas prices was happening well before Russia's invasion of Ukraine. Gas prices have been going up since the president's first day in office, starting with his move to shut down the Keystone XL pipeline."
1,"There are, literally, two pharmaceutical lobbyists for every member of Congress."
0,"In this beautiful state of Wisconsin, after Roe was dismantled, extremists evoked a law from 1849 to stop abortion in this state. This afternoon in the Wisconsin Legislature, extremists will hold a hearing on a 14-week abortion ban."
1,Beyonce paid $100K for Maryland Metro to run later following weather delays for her concert.
0,"We've also reduced the debt and reduced the debt by $350 billion my first year. This year, it's going to be over $5 trillion that we've reduced the debt. If the pandemic is over, as the president said in the interview, then it stands to reason that pandemic spending would be down as well.
"
0,"Illegals SHOULD NOT BE VOTING in American elections. This month alone, more than 16,000 non-citizens have been removed from the voter rolls in 3 states. It's a serious problem  and as the next Senate GOP Leader I'll make sure we fix it. This month alone, more than 16,000 non-citizens have been removed from the voter rolls in 3 states."
1,"Even after accounting for rising prices, the typical American family has more money in their pockets than they did last year."
1,The White House staff risks violating federal ethics rules if they participate in Donald Trump's fake news awards.
1,"Last year, oil and gas was about 35% of the state's economy... and so because this industry is down... it's gonna affect everything. Oil and gas is 35 percent of the state economy, making the (Texas Railroad Commission's) budget an important priority"
0,"Charlie Crist thinks Joe Biden is the best president of his lifetime. Crist even supports Biden's agenda to defund the police. It's reallocation. I support exactly what the chief is doing. And it isn't defunding, you're correct about that. It's reallocation and making a balance to the approach. supported Biden's agenda to defund the police."
0,I've been delivering real results in fiscally responsible ways. We've already cut the federal deficit by over $1 trillion. We've already cut the federal deficit by over $1 trillion.
1,Claire McCaskill voted for 100 percent of President Obama's judicial nominees.
1,"For Republicans, the race for governor is crystal clear: There's conservative businessman John Cox, leading the opposition to Jerry Brown's Sanctuary State and chairman of the initiative campaign to repeal the gas tax. Then there's career politician Travis Allen. He gave campaign donations to Jerry Brown. Gavin Newsom and Barbara Boxer"
1,Central Park actually used to be a town called Seneca Village that was founded by freed African American slaves in 1825.
1,"People show up in the emergency room with a sprained ankle, 25 percent of them get an opioid prescription."
